case,event_time_s,stage,increment_fx_n,increment_fy_n,increment_fz_n,increment_mx_nm,increment_my_nm,increment_mz_nm,cumulative_fx_n,cumulative_fy_n,cumulative_fz_n,cumulative_mx_nm,cumulative_my_nm,cumulative_mz_nm,increment_force_norm_n,cumulative_force_norm_n,increment_moment_norm_nm,cumulative_moment_norm_nm,increment_projection_on_final_force_n
40/80,11.93499999999486,static_human,-87.01151185829113,-0.03222776042565497,58.929832944752974,3.90353151364792e-05,2.489786327083804,0.0014192600736646925,-87.01151185829113,-0.03222776042565497,58.929832944752974,3.90353151364792e-05,2.489786327083804,0.0014192600736646925,105.089149988905,105.089149988905,2.489786731902227,2.489786731902227,87.71224293159422
40/80,11.93499999999486,reference_dynamics,-0.02461778465954012,-7.643485686055496e-06,0.01408593781048495,1.2842428866099097e-08,0.0008191275947320165,4.669296629169258e-07,-87.03612964295067,-0.032235403911341026,58.94391888256346,3.90481575653453e-05,2.490605454678536,0.0014197270033276094,0.02836281057947558,105.11743183497208,0.0008191277279153091,2.490605859630142,0.022425620686008084
40/80,11.93499999999486,human_tracking_feedback,-23.411161864829864,-0.01801710796630778,32.25103840976828,-8.952462165354793e-07,-0.05710141653808476,-3.254968499129111e-05,-110.44729150778053,-0.05025251187764881,91.19495729233174,3.815291134880982e-05,2.4335040381404514,0.0013871773183363183,39.852381396671795,143.23102653499978,0.057101425822297276,2.433504433807845,38.750369511463695
40/80,11.93499999999486,registered_human_total,0.0,0.0,0.0,0.0,0.0,0.0,-110.44729150778053,-0.05025251187764881,91.19495729233174,3.815291134880982e-05,2.4335040381404514,0.0013871773183363183,0.0,143.23102653499978,0.0,2.433504433807845,0.0
40/80,11.93499999999486,allocator_objective_offset_vs_min_force,-26.4018809525529,0.01179310807685821,-19.962312775592025,-0.00018148521520544448,-11.575656704872008,-0.006598504943561311,-110.44729150778053,-0.05025251187764881,91.19495729233174,3.815291134880982e-05,2.4335040381404514,0.0013871773183363183,33.099144826728356,143.23102653499978,11.575658586976926,2.433504433807845,-8.355648145206802
40/80,11.93499999999486,robot_position_feedback,6.95986362671297,0.02771974271563484,25.79519723348879,0.0,0.0,0.0,-103.48742788106756,-0.022532769162013966,116.99015452582053,3.815291134880982e-05,2.4335040381404514,0.0013871773183363183,26.717647171881847,156.1932920875292,0.0,2.433504433807845,21.17658803892443
40/80,11.93499999999486,robot_velocity_feedback,21.930491222057054,-0.012908353305356047,80.19185112201815,0.0,0.0,0.0,-81.5569366590105,-0.03544112246737001,197.18200564783868,3.815291134880982e-05,2.4335040381404514,0.0013871773183363183,83.13651182388055,213.38293869140358,0.0,2.433504433807845,65.72131258873523
40/80,11.93499999999486,other_low_level_orientation_and_angular_velocity,0.0,0.0,0.0,0.4054662766873534,-18.336487507784234,0.35981635239895116,-81.5569366590105,-0.03544112246737001,197.18200564783868,0.4055044295987022,-15.902983469643782,0.3612035297172875,0.0,213.38293869140358,18.344499034645555,15.912252671072936,0.0
40/80,11.93499999999486,nominal_executable,0.0,0.0,0.0,0.0,0.0,0.0,-81.5569366590105,-0.03544112246737001,197.18200564783868,0.4055044295987022,-15.902983469643782,0.3612035297172875,0.0,213.38293869140358,0.0,15.912252671072936,0.0
40/80,11.93499999999486,safety_filter_correction,-2.842170943040401e-14,-1.3877787807814457e-17,1.4210854715202004e-14,2.0328790734103208e-20,8.881784197001252e-16,8.673617379884035e-19,-81.55693665901053,-0.03544112246737002,197.1820056478387,0.4055044295987022,-15.902983469643782,0.3612035297172875,3.177644019200215e-14,213.3829386914036,8.881788434491422e-16,15.912252671072936,2.3994949707384857e-14
40/80,11.93499999999486,final_filtered_candidate,0.0,0.0,0.0,0.0,0.0,0.0,-81.55693665901053,-0.03544112246737002,197.1820056478387,0.4055044295987022,-15.902983469643782,0.3612035297172875,0.0,213.3829386914036,0.0,15.912252671072936,0.0
40/80,11.93499999999486,causal_prior_applied_command,0.0,0.0,0.0,0.0,0.0,0.0,-113.14413648526252,-0.2403218763300827,164.91921241741588,0.5551594332116306,-29.842562448035768,0.31191406757131773,0.0,199.99999999995174,0.0,29.84935553486452,0.0
40/80,11.93499999999486,physical_minus_causal_prior_command,-78.02653304522283,8.187760213608437,-123.6264739666806,10.22984641782531,-5.949735639800831,-8.438200689870559,-191.17066953048536,7.947438337278355,41.29273845073527,10.78500585103694,-35.7922980878366,-8.126286622299242,146.4195490424935,195.74084119983675,14.534522448238247,38.25495376919455,-84.41912632993059
120/120,10.409999999998414,static_human,-81.61167952645164,0.0009074272519376154,0.652761027823967,3.135507278349984e-05,1.9999180544111965,0.00114001905077192,-81.61167952645164,0.0009074272519376154,0.652761027823967,3.135507278349984e-05,1.9999180544111965,0.00114001905077192,81.61429000433145,81.61429000433145,1.9999183795811375,1.9999183795811375,57.26881283015591
120/120,10.409999999998414,reference_dynamics,0.6193860741880428,7.774863141629456e-05,-0.15342882822355275,-7.521823283638553e-08,-0.004797638420713568,-2.734811652039962e-06,-80.9922934522636,0.00098517588335391,0.4993321996004143,3.127985455066346e-05,1.995120415990483,0.00113728423911988,0.638106198271869,80.99383268048075,0.00479763920076943,1.995120740380368,-0.5412507714431951
120/120,10.409999999998414,human_tracking_feedback,-38.60233864423017,-0.004055540771698063,8.176291739345384,6.226392014908874e-06,0.3971374549323574,0.00022638140767785447,-119.59463209649377,-0.0030703648883441525,8.675623938945797,3.750624656557233e-05,2.3922578709228404,0.0013636656467977345,39.458741894010316,119.90889244110649,0.39713751950358445,2.3922582598839526,32.737488713765615
120/120,10.409999999998414,registered_human_total,0.0,0.0,0.0,0.0,0.0,0.0,-119.59463209649377,-0.0030703648883441525,8.675623938945797,3.750624656557233e-05,2.3922578709228404,0.0013636656467977345,0.0,119.90889244110649,0.0,2.3922582598839526,0.0
120/120,10.409999999998414,allocator_objective_offset_vs_min_force,-10.864089129083084,0.01744476540898488,-30.304280413240015,-0.00017473266257961542,-11.144959190533474,-0.006352993198526037,-119.59463209649377,-0.0030703648883441525,8.675623938945797,3.750624656557233e-05,2.3922578709228404,0.0013636656467977345,32.19282759076599,119.90889244110649,11.14496100261058,2.3922582598839526,-14.198978433362168
120/120,10.409999999998414,robot_position_feedback,-15.05469907037249,-0.8315115427994477,30.136798068400083,0.0,0.0,0.0,-134.64933116686626,-0.8345819076877918,38.81242200734588,3.750624656557233e-05,2.3922578709228404,0.0013636656467977345,33.6981004414315,140.13401804244882,0.0,2.3922582598839526,32.120272903127685
120/120,10.409999999998414,robot_velocity_feedback,-30.84437008505083,0.07594472979498634,131.93015967997067,0.0,0.0,0.0,-165.4937012519171,-0.7586371778928055,170.74258168731654,3.750624656557233e-05,2.3922578709228404,0.0013636656467977345,135.48781482748964,237.7851338618048,0.0,2.3922582598839526,116.1998101861988
120/120,10.409999999998414,other_low_level_orientation_and_angular_velocity,0.0,0.0,0.0,-0.10669271392826192,-30.96035220861196,0.2699819636906098,-165.4937012519171,-0.7586371778928055,170.74258168731654,-0.10665520768169635,-28.568094337689118,0.2713456293374075,0.0,237.7851338618048,30.961713170902332,28.569582038787182,0.0
120/120,10.409999999998414,nominal_executable,0.0,0.0,0.0,0.0,0.0,0.0,-165.4937012519171,-0.7586371778928055,170.74258168731654,-0.10665520768169635,-28.568094337689118,0.2713456293374075,0.0,237.7851338618048,0.0,28.569582038787182,0.0
120/120,10.409999999998414,safety_filter_correction,-2.842170943040401e-14,8.673617379884035e-19,0.0,1.3552527156068805e-20,8.881784197001252e-16,4.336808689942018e-19,-165.49370125191712,-0.7586371778928055,170.74258168731654,-0.10665520768169635,-28.568094337689118,0.2713456293374075,2.84217094436389e-14,237.7851338618048,8.88178525682635e-16,28.569582038787182,1.9780939014736076e-14
120/120,10.409999999998414,final_filtered_candidate,0.0,0.0,0.0,0.0,0.0,0.0,-165.49370125191712,-0.7586371778928055,170.74258168731654,-0.10665520768169635,-28.568094337689118,0.2713456293374075,0.0,237.7851338618048,0.0,28.569582038787182,0.0
120/120,10.409999999998414,causal_prior_applied_command,0.0,0.0,0.0,0.0,0.0,0.0,-161.4809514180227,-1.0730078789819768,117.99470743684958,0.14944129227570177,-30.825247329791317,0.17742268287259158,0.0,199.99999999971473,0.0,30.826120165389636,0.0
120/120,10.409999999998414,physical_minus_causal_prior_command,-28.307663846285323,57.66110357231831,-184.37046540100778,21.48696932861862,-4.787974407932872,-4.321205614933722,-189.78861526430802,56.588095693336335,-66.37575796415821,21.63641062089432,-35.61322173772419,-4.14378293206113,195.239840221703,208.8723828165376,22.434067126282567,41.87608821373244,-112.87035739681578
90/120,22.185000000014917,static_human,-94.71143845256431,-0.019131181871099703,36.16648339729845,5.879947066317866e-05,3.7504018498402187,0.002137852372219758,-94.71143845256431,-0.019131181871099703,36.16648339729845,5.879947066317866e-05,3.7504018498402187,0.002137852372219758,101.38181030679547,101.38181030679547,3.750402459624177,3.750402459624177,88.80808504507925
90/120,22.185000000014917,reference_dynamics,-0.04761015298682025,7.3383626650116995e-06,-0.011564108654596339,5.555893823204792e-08,0.0035437112336302867,2.020031924739041e-06,-94.75904860555113,-0.01912384350843469,36.15491928864385,5.885502960141071e-05,3.753945561073849,0.002139872404144497,0.04899444183022505,101.4221664485577,0.0035437118098080806,3.7539461714339852,0.021945145678648095
90/120,22.185000000014917,human_tracking_feedback,-23.81468663624304,-0.013477425549939609,24.29824124285144,1.4938705367851691e-06,0.09528342281641233,5.43146840411156e-05,-118.57373524179417,-0.0326012690583743,60.45316053149529,6.034890013819588e-05,3.8492289838902614,0.0021941870881856127,34.022698433828836,133.09514029550658,0.09528343830869958,3.8492296097426846,33.932488331664146
90/120,22.185000000014917,registered_human_total,0.0,0.0,0.0,0.0,0.0,0.0,-118.57373524179417,-0.0326012690583743,60.45316053149529,6.034890013819588e-05,3.8492289838902614,0.0021941870881856127,0.0,133.09514029550658,0.0,3.8492296097426846,0.0
90/120,22.185000000014917,allocator_objective_offset_vs_min_force,-34.38507791891904,0.018487317833380888,-31.486293204922823,-0.00022765109653360535,-14.520251354787158,-0.00827702071589512,-118.57373524179417,-0.0326012690583743,60.45316053149529,6.034890013819588e-05,3.8492289838902614,0.0021941870881856127,46.62317647970185,133.09514029550658,14.520253715658527,3.8492296097426846,-1.8042004746440443
90/120,22.185000000014917,robot_position_feedback,-0.576965271599228,-0.8795796571399158,27.284393445977216,0.0,0.0,0.0,-119.15070051339339,-0.9121809261982902,87.73755397747252,6.034890013819588e-05,3.8492289838902614,0.0021941870881856127,27.304663979122147,147.97161851120094,0.0,3.8492296097426846,21.198134895489225
90/120,22.185000000014917,robot_velocity_feedback,-9.968579952498802,-0.2552981120790959,64.71650506307992,0.0,0.0,0.0,-129.1192804658922,-1.167479038277386,152.45405904055244,6.034890013819588e-05,3.8492289838902614,0.0021941870881856127,65.48025497029651,199.78836731220062,0.0,3.8492296097426846,55.82771389428934
90/120,22.185000000014917,other_low_level_orientation_and_angular_velocity,0.0,0.0,0.0,-0.22068263333760832,-11.491736220013351,0.28732798878069277,-129.1192804658922,-1.167479038277386,152.45405904055244,-0.22062228443747012,-7.642507236123089,0.2895221758688784,0.0,199.78836731220062,11.497445783658225,7.651170769032935,0.0
90/120,22.185000000014917,nominal_executable,0.0,0.0,0.0,0.0,0.0,0.0,-129.1192804658922,-1.167479038277386,152.45405904055244,-0.22062228443747012,-7.642507236123089,0.2895221758688784,0.0,199.78836731220062,0.0,7.651170769032935,0.0
90/120,22.185000000014917,safety_filter_correction,0.0,0.0,0.0,0.0,0.0,0.0,-129.1192804658922,-1.167479038277386,152.45405904055244,-0.22062228443747012,-7.642507236123089,0.2895221758688784,0.0,199.78836731220062,0.0,7.651170769032935,0.0
90/120,22.185000000014917,final_filtered_candidate,0.0,0.0,0.0,0.0,0.0,0.0,-129.1192804658922,-1.167479038277386,152.45405904055244,-0.22062228443747012,-7.642507236123089,0.2895221758688784,0.0,199.78836731220062,0.0,7.651170769032935,0.0
90/120,22.185000000014917,causal_prior_applied_command,0.0,0.0,0.0,0.0,0.0,0.0,-127.00130421285054,-1.4484641722851084,153.3987074282978,-0.20562941534912463,-8.544178407134972,0.28109246362831214,0.0,199.15469555322042,0.0,8.551273652650636,0.0
90/120,22.185000000014917,physical_minus_causal_prior_command,-23.547833929464858,30.986210465279406,-115.68486302397585,10.32895981320826,-3.2728273394087015,-2.459396937085956,-150.5491381423154,29.5377462929943,37.71384440432194,10.123330397859135,-11.817005746543673,-2.1783044734576436,122.05586120561479,157.98688398476838,11.110690478570628,15.712048037641388,-73.23911553059132
