mode,attempt_index,wall_time_s,reference_phase_s,accepted,reason,rank,rrqr_rank,condition_number,candidate_residual_rms_nms,old_residual_rms_nms,beta_a_inertia_combination,beta_b_distal_inertia_combination,beta_d_mass_length_com_combination,beta_g1_proximal_gravity_combination,beta_g2_distal_gravity_combination,beta_k1_passive_stiffness,beta_k2_passive_stiffness,beta_rho1_stiffness_rest_combination,beta_rho2_stiffness_rest_combination,beta_bv1_viscous_damping,beta_bv2_viscous_damping,bound_hit_components,unconstrained_bound_pressure,distance_to_prior_span_normalized_l2,distance_to_true_span_normalized_l2,generalized_torque_prediction_combined_rmse_nm
existing_cem,0,6.500000000000505,3.2500000000002527,True,accepted,11,11,25937.224442904415,0.006212663136445014,1.8163017255176397,1.461271904231428,0.17103161228963168,0.2884628189639397,34.722436395542225,10.441436439802459,11.979278377787328,9.540136960301313,0.5620988128063543,0.566959050318425,3.481443237969948,2.5000005017803018,,bv2_viscous_damping:lower:1.45427549794:0.290855099589,0.7886886833440686,0.9225206213465863,1.1588005355898197
existing_cem,1,7.000000000000672,3.500000000000336,False,bound_hit,11,11,12585.486849721685,0.0073526975892382485,1.7682774255241698,1.7731371862385994,0.15162594121767256,0.2502095081266544,34.49343299808359,10.994637748658576,12.173748055259086,12.017816993324825,0.5348803496313645,0.2528119781518656,3.2458794799958173,2.500000002439992,bv2_viscous_damping:lower,bv2_viscous_damping:lower:1.49470420351:0.298940840702,0.9603249262498494,1.024017684968026,0.8650029939333295
existing_cem,2,7.500000000000839,3.7500000000004197,True,accepted,11,11,9911.397086814306,0.009396419092862453,1.8598481324489449,1.6577509488838564,0.18265202822137974,0.276317084249907,35.8462121739787,10.147715664014822,12.097612500688978,11.832333570856004,0.7845822820807263,0.9531836042765448,4.565708716405778,2.5000008517550456,,bv2_viscous_damping:lower:0.366924472673:0.0733848945346,0.7333855006338103,0.7791126441311147,0.6377826933413693
existing_cem,3,8.000000000001005,4.028800000000517,False,bound_hit,11,11,7545.233921833179,0.0113496676738893,1.7485936109248743,0.7254087624153114,0.18798729496798636,0.16939379786400763,39.10212538776686,8.245718016955305,12.365078840568437,12.861562678905763,1.9063802385644997,2.9479353691537993,5.034408629854605,2.500000000032297,a_inertia_combination:lower;d_mass_length_com_combination:lower;bv2_viscous_damping:lower,a_inertia_combination:lower:0.0272201886858:0.018761966354;d_mass_length_com_combination:lower:0.0461968293995:0.136359270475;bv2_viscous_damping:lower:0.349470623485:0.0698941246971,1.0198153663419796,1.1731153664033735,0.462209573518173
existing_cem,4,8.500000000000728,4.3700500000003295,False,bound_hit,11,11,5665.488348802532,0.013322434305267082,1.813156332816555,0.9135494258868557,0.1870515797378031,0.16939379786400002,43.42467949956533,6.046943336856542,13.22960158643015,13.676793261592675,3.9269907993715765,5.235987755982989,5.064164311854519,2.5000000000000004,d_mass_length_com_combination:lower;rho1_stiffness_rest_combination:upper;rho2_stiffness_rest_combination:upper;bv2_viscous_damping:lower,d_mass_length_com_combination:lower:0.0144242336672:0.0425760383469;g2_distal_gravity_combination:lower:0.17568193373:0.0230936595133;rho2_stiffness_rest_combination:upper:2.49315195165:0.476156948381;bv2_viscous_damping:lower:0.345781856473:0.0691563712945,1.398178495093736,1.4532367098578602,0.3265555464390675
existing_cem,5,9.000000000000451,4.7738000000000715,False,bound_hit,11,11,4510.936548926917,0.014725351693883879,1.861349657866768,1.7343952532228613,0.22871010548671172,0.3324880934160944,43.46654212053693,6.0545239976007945,13.367889796760508,13.752391385004884,3.92699081698724,5.235987755982989,5.916703418727981,2.5000008594348686,rho1_stiffness_rest_combination:upper;rho2_stiffness_rest_combination:upper,g2_distal_gravity_combination:lower:2.56571278784:0.337266879259;rho2_stiffness_rest_combination:upper:4.91509503422:0.938714004554;bv2_viscous_damping:lower:0.534161519607:0.106832303921,1.293951456624635,1.16214855455078,0.2322007827197494
existing_cem,6,9.500000000000174,5.240049999999746,False,bound_hit,11,11,3029.8410165936234,0.014821110637002066,1.8938408721225934,2.1367488228269527,0.25240884336916036,0.3682215596066248,42.92399894964632,6.009392752257572,13.30465601070748,13.357520988980792,3.284501308686004,5.2359877559345795,6.506895861915254,2.9269913656105735,rho2_stiffness_rest_combination:upper,g2_distal_gravity_combination:lower:1.48758975998:0.195545954459;rho2_stiffness_rest_combination:upper:3.65729185419:0.698491292309,1.293010703693404,1.0752311275848576,0.17729946985365408
existing_cem,7,9.999999999999897,5.7399999999987825,False,bound_hit,11,11,2299.229445592389,0.015034398811281234,1.9168341909416537,2.1171129160973017,0.26666519602964783,0.30659497584486967,41.8443333191203,5.797736560805031,12.996288501578501,11.904821990721686,1.9152263257884141,5.23598775598263,7.013117088630903,4.91590255344224,rho2_stiffness_rest_combination:upper,g2_distal_gravity_combination:lower:1.33899223134:0.176012581516;rho2_stiffness_rest_combination:upper:3.28742973167:0.627852830234,1.1198668499156668,0.9017012999546353,0.13704417240057734
existing_cem,8,10.49999999999962,6.239999999998505,False,bound_hit,11,11,2288.004071374528,0.014795787969660489,1.9342026795183755,1.876164851921449,0.24255169599994844,0.24072494788306284,41.36906541497771,5.77135300915494,12.788335531126027,11.616256205245795,1.3400691903971218,5.235987755982985,7.276063555110289,5.4273399921436845,rho2_stiffness_rest_combination:upper,g2_distal_gravity_combination:lower:0.57444004235:0.0755110241969;rho2_stiffness_rest_combination:upper:2.53904521359:0.484921915771,1.055522652140941,0.9227641487165281,0.10796789682387713
existing_cem,9,10.999999999999343,6.739999999998228,False,bound_hit,11,11,2242.736204397487,0.01452629559954579,1.9483970770702457,1.623210932199965,0.2474630611833067,0.21243481620097782,41.33305721918355,5.796688086761458,12.710893157347394,11.687063456104369,1.2720534597268287,5.235987755982868,7.361758377166453,5.34165138326683,rho2_stiffness_rest_combination:upper,rho2_stiffness_rest_combination:upper:1.09268608409:0.208687669837,1.056048759228331,0.9738773686399613,0.08921233521495192
existing_cem,10,11.499999999999066,7.239999999997951,True,accepted,11,11,2037.8532864392707,0.014871107142335445,1.9600698406003838,1.1416200683687037,0.2531964589639939,0.17969305859163645,42.525994696860145,6.104731682197541,12.870967849415752,11.720920659757137,2.725178290249307,4.945076919559784,7.180079263339703,5.3031367432568475,,,1.1496316191940588,1.1662026236815473,0.08801118833173945
existing_cem,11,11.999999999998789,7.739999999997674,False,bound_hit,11,11,1542.8951179960115,0.015146851444136121,1.7661222847933704,0.7254087500225,0.2609513031650411,0.1693937978674127,43.72894797722483,6.147450285478824,13.041209525293127,11.74018016027805,3.926990816987149,4.914283593042278,6.88138059519578,5.283817583850066,a_inertia_combination:lower;d_mass_length_com_combination:lower;rho1_stiffness_rest_combination:upper,d_mass_length_com_combination:lower:0.0504477407573:0.148906693732;rho1_stiffness_rest_combination:upper:1.4774499577:0.338606588072,1.3649000420498263,1.430009731490887,0.09951615668828807
existing_cem,12,12.499999999998511,8.239999999997398,False,bound_hit,11,11,1169.4341088567262,0.015070518433736513,1.7742777553779985,0.7254087418776216,0.23943017314033882,0.1693937983525574,43.58378059560221,6.331601398514157,12.976328003406026,11.718748782069706,3.9269907048742327,4.734352852095827,6.763270975038306,5.345746607719713,a_inertia_combination:lower;d_mass_length_com_combination:lower,d_mass_length_com_combination:lower:0.0759614674117:0.224215609927;rho1_stiffness_rest_combination:upper:2.04539268344:0.468769472832,1.3170224970565776,1.3998165677112895,0.09526970574367363
existing_cem,13,12.999999999998234,8.73999999999712,False,bound_hit,11,11,1141.4646352156337,0.015340740246740866,1.7807788063544516,0.7254087468378407,0.20912218180287132,0.16939380348070515,43.48831376852374,6.450249396364736,12.94806565327482,11.68411297011999,3.9269907814479414,4.615947988646681,6.7349824439417105,5.4300350628918075,a_inertia_combination:lower;d_mass_length_com_combination:lower;rho1_stiffness_rest_combination:upper,rho1_stiffness_rest_combination:upper:1.64188499347:0.376292322287,1.2879925595825645,1.391646882549248,0.09480786607565028
existing_cem,14,13.499999999997957,9.239999999996844,False,bound_hit,11,11,1047.3989630393146,0.01623238900289456,1.7848346736324012,0.7254087391591387,0.15683819314214564,0.178066423972296,43.35660665096844,6.600337360653362,12.918172140686746,11.632605675482125,3.9269907990112567,4.459888116834396,6.715363806303321,5.505935822785609,a_inertia_combination:lower;rho1_stiffness_rest_combination:upper,rho1_stiffness_rest_combination:upper:1.82234036639:0.417649647322,1.2776320361803977,1.4106784855305583,0.09543022439622532
existing_cem,15,13.99999999999768,9.739999999996567,False,bound_hit,11,11,916.8193517895016,0.0170046024034205,1.7854923269563518,0.7254087384087279,0.09934042046170836,0.2339846412360499,42.845197565662,7.131836057369705,12.817062327327433,11.569737934869218,3.92699081698724,3.917913934254101,6.715615077913299,5.537087732185614,a_inertia_combination:lower;b_distal_inertia_combination:lower;rho1_stiffness_rest_combination:upper,b_distal_inertia_combination:lower:0.0115081027874:0.0579225592872;rho1_stiffness_rest_combination:upper:2.01200086944:0.461116632783,1.2579879177812658,1.4151303342714856,0.09502855916238752
existing_cem,16,14.499999999997403,10.23999999999629,False,bound_hit,11,11,801.9527221368628,0.019792914249284536,1.7824912553951298,0.9321533275279977,0.09934042046004002,0.250398043085605,41.57386202832234,8.446914064961279,12.540630530721959,11.458522233924825,3.926990816584664,2.586040843042777,6.550896837511372,5.61891212077173,b_distal_inertia_combination:lower;rho1_stiffness_rest_combination:upper,b_distal_inertia_combination:lower:0.0259177048452:0.130448938736;rho1_stiffness_rest_combination:upper:0.263678293769:0.0604306135288,1.11238943555447,1.2852683445186524,0.09449485797489778
existing_cem,17,14.999999999997126,10.739999999996012,False,bound_hit,11,11,720.9629051869468,0.027098431579839502,1.777856565341417,0.7254087384074988,0.16112688814311732,0.2016434410614009,39.07829830122279,7.637822711119574,11.744599557548266,11.53186840838833,0.49203543751565104,3.3974620503754007,6.154879599534396,5.336516048577654,a_inertia_combination:lower,a_inertia_combination:lower:0.488695645089:0.3368415758,0.8376401729810855,1.0260972297921314,0.1246502098731715
existing_cem,18,15.499999999996849,11.239999999995735,False,"bound_hit,non_positive_definite_mass_matrix",11,11,675.5804258982554,0.044311795806861724,1.7780405990987698,0.7254087384073997,0.18036601021318588,0.5081813009577623,36.211986979048625,9.700518960506594,11.03225928399171,11.426120655633667,-0.4363323129983018,1.3236740828696392,5.333304934420953,5.424592418936811,a_inertia_combination:lower;d_mass_length_com_combination:upper;rho1_stiffness_rest_combination:lower,a_inertia_combination:lower:0.783019269008:0.539709013381;b_distal_inertia_combination:lower:0.0476585140873:0.239874735111;rho1_stiffness_rest_combination:lower:4.48422218056:1.02770802138;rho2_stiffness_rest_combination:upper:0.0798772375079:0.0152554286279,0.8558013377832149,0.9272360844266156,0.21177785823873202
existing_cem,19,15.999999999996572,11.739999999995458,False,"bound_hit,non_positive_definite_mass_matrix",11,11,629.0422772087207,0.05020196723715944,1.7775329325532137,0.7398357713809091,0.267229350294089,0.508181393592,35.652496155364105,10.285705808895438,10.91671650901847,11.417690030250835,-0.4363323129985822,0.7423740085103743,5.137127721840233,5.411880157280562,d_mass_length_com_combination:upper;rho1_stiffness_rest_combination:lower,a_inertia_combination:lower:0.442051396296:0.304691253973;b_distal_inertia_combination:lower:0.0780660583614:0.392921924429;rho1_stiffness_rest_combination:lower:5.08179246227:1.1646610418,0.9497380720086652,0.9617118774516872,0.29824210041118704
existing_cem,20,16.499999999997183,12.23999999999607,False,"bound_hit,non_positive_definite_mass_matrix",11,11,596.4162735320941,0.05398431667000662,1.7670648370839035,0.7254087384073513,0.29362333566139376,0.4232498172565094,36.320961461918394,9.590705611472345,11.043630245668858,11.472738732303068,-0.4363323129985822,1.4427392383378634,5.591731205331858,5.277326136860356,a_inertia_combination:lower;rho1_stiffness_rest_combination:lower,a_inertia_combination:lower:0.60419370732:0.416450530116;rho1_stiffness_rest_combination:lower:2.63408907176:0.603688746694,0.8724560608807563,0.8906997611029285,0.317288310309986
existing_cem,21,16.999999999997794,12.73999999999668,False,bound_hit,11,11,570.9946624242673,0.06350828835236545,1.7515133412152366,0.7254087384073513,0.29802126138012003,0.24431501625703045,36.92305445053807,8.964695466603459,11.122261784430734,11.504204500009772,-0.4363323129985822,2.0737339142872306,6.201687335202294,5.250710866537499,a_inertia_combination:lower;b_distal_inertia_combination:upper;rho1_stiffness_rest_combination:lower,a_inertia_combination:lower:2.69057488515:1.85452334849;d_mass_length_com_combination:upper:0.795539508166:2.34819550124,0.901465749722487,0.9897890612556242,0.30624031532142454
existing_cem,22,17.499999999998405,13.239999999997291,False,bound_hit,11,11,557.6222328379449,0.07200731274003305,1.7326616836388833,0.7254087384073513,0.29802126138012003,0.17753763855788318,37.360498831500564,8.934372379761966,11.181860731462582,11.512942120797371,-0.008603051044088983,2.1068160509936344,6.759168342949515,5.234141308367871,a_inertia_combination:lower;b_distal_inertia_combination:lower,a_inertia_combination:lower:3.81909221318:2.63237262731;b_distal_inertia_combination:lower:0.0395084045553:0.198853620572;d_mass_length_com_combination:upper:1.3096175134:3.86560054121;bv1_viscous_damping:upper:0.168026322992:0.0336052645984,0.9910808926280251,1.1039844269231778,0.28340220394456944
existing_cem,23,17.999999999999016,13.739999999997902,False,bound_hit,11,11,558.4453574139654,0.07461060869645489,1.714323220362238,0.7254087384073513,0.29802126138012003,0.20952930179222268,37.61639798619756,9.344441858515177,11.255924365112662,11.50778765809266,0.6746818286789812,1.6979964172204638,7.034745462854678,5.212179835540156,a_inertia_combination:lower;b_distal_inertia_combination:lower,a_inertia_combination:lower:3.686198165:2.54077320125;b_distal_inertia_combination:lower:0.0470452495344:0.236788053224;d_mass_length_com_combination:upper:1.25386266267:3.70102884074;bv1_viscous_damping:upper:0.108419606032:0.0216839212063,0.9616186884900797,1.0770352312475107,0.2704016591433381
existing_cem,24,18.499999999999627,14.239999999998513,False,bound_hit,11,11,563.1592010289055,0.07539957882916676,1.6969105200703847,0.7254087384073513,0.29802126138012003,0.22717179209341004,37.759831218469564,9.572424568351671,11.297191762913661,11.505277859976395,1.0552884130297848,1.4708938484022014,7.189363549978235,5.1990191028926,a_inertia_combination:lower;b_distal_inertia_combination:lower,a_inertia_combination:lower:3.64007008922:2.50897866023;b_distal_inertia_combination:lower:0.0506696759487:0.2550305088;d_mass_length_com_combination:upper:1.23466665365:3.64436794388;bv1_viscous_damping:upper:0.0874359138231:0.0174871827646,0.9657782841156717,1.080487537267584,0.26169817667794293
existing_cem,25,19.000000000000238,14.739999999999124,False,bound_hit,11,11,568.9096454323244,0.07551326659311333,1.6803394795707407,0.7254087384073513,0.29802126138012003,0.23888583470398358,37.854165346298025,9.722971103049087,11.324136932804464,11.503724610088481,1.30597452502555,1.321001582989903,7.2918596508780915,5.190106454548529,a_inertia_combination:lower;b_distal_inertia_combination:lower,a_inertia_combination:lower:3.64287100544:2.51090923817;b_distal_inertia_combination:lower:0.0537632892458:0.270601276886;d_mass_length_com_combination:upper:1.23677282648:3.65058473827;bv1_viscous_damping:upper:0.0889731181777:0.0177946236355,0.9764209100893749,1.0898038581648393,0.25511001089897223
existing_cem,26,19.50000000000085,15.239999999999736,False,bound_hit,11,11,574.938813239144,0.07863809816428344,1.663306115055039,0.7254087384073513,0.29802126138012003,0.2691580849360959,37.94295869319218,9.974656743098567,11.331655450766727,11.500072666050839,1.6512593707528693,1.0696089284415327,7.489026351048352,5.174363283373944,a_inertia_combination:lower;b_distal_inertia_combination:lower,a_inertia_combination:lower:3.44705208038:2.37593779746;b_distal_inertia_combination:lower:0.0766475451916:0.385782266859;d_mass_length_com_combination:upper:1.19665698926:3.53217474416;bv1_viscous_damping:upper:0.290180597828:0.0580361195656,0.9992984855038193,1.1052165001518077,0.24746833748915598
existing_cem,27,20.00000000000146,15.740000000000347,False,bound_hit,11,11,579.1908410494146,0.08397933837569291,1.6456447919912771,0.7254087384073513,0.29802126138012003,0.23623701388653934,38.14832898744708,9.813692501752488,11.403377435597893,11.508187821799595,1.707010889018394,1.2300693352820038,7.5,5.1458213407888085,a_inertia_combination:lower;b_distal_inertia_combination:lower;bv1_viscous_damping:upper,a_inertia_combination:lower:2.75847175369:1.90132239084;b_distal_inertia_combination:lower:0.188628623255:0.949405198718;d_mass_length_com_combination:upper:1.02291276362:3.0193335781;bv1_viscous_damping:upper:0.694117967243:0.138823593449,1.0192723488487714,1.133626720856715,0.2339862181029846
existing_cem,28,20.50000000000207,16.240000000000958,False,bound_hit,11,11,578.3191542746004,0.09532649120278933,1.6268239942236866,0.7254087384073513,0.29802126138001755,0.16939380809363333,38.13418309117274,8.80351501322059,11.29962502343757,11.533812517274413,0.6617070730951256,2.236440653899485,7.4999999999999885,5.112421545476794,a_inertia_combination:lower;b_distal_inertia_combination:lower;d_mass_length_com_combination:lower;bv1_viscous_damping:upper,a_inertia_combination:lower:2.70455565694:1.86415982724;b_distal_inertia_combination:lower:0.473819368266:2.38482667011;bv1_viscous_damping:upper:1.29975260654:0.259950521307,1.0489440126377196,1.1606943692114413,0.22101517044213156
existing_cem,29,21.000000000002682,16.74000000000157,False,bound_hit,11,11,571.5301656422896,0.10293419474267289,1.6090779181600599,0.7254087384073513,0.2534081332167339,0.16939379786400002,37.92870428778568,7.946698982091764,11.104489459430688,11.551396671998369,-0.4363323129985822,3.086659579244815,7.5,5.081326512167575,a_inertia_combination:lower;d_mass_length_com_combination:lower;rho1_stiffness_rest_combination:lower;bv1_viscous_damping:upper,a_inertia_combination:lower:2.93473558633:2.02281515988;b_distal_inertia_combination:lower:0.601163663453:3.0257757148;rho1_stiffness_rest_combination:lower:0.280787895261:0.0643518453473;bv1_viscous_damping:upper:1.55216242835:0.31043248567,1.0206168762140193,1.1404388828555192,0.21836404700441467
existing_cem,30,21.500000000003293,17.24000000000218,False,bound_hit,11,11,559.0923523656174,0.10565057891819211,1.593892254417804,0.7254087384073563,0.25327678117360924,0.1960781840302954,37.79918870364857,8.095323146823594,11.004353080691448,11.546730965936725,-0.4363323129985822,2.934558017960286,7.5,5.059598798799685,a_inertia_combination:lower;rho1_stiffness_rest_combination:lower;bv1_viscous_damping:upper,a_inertia_combination:lower:2.88370062332:1.98763846549;b_distal_inertia_combination:lower:0.579780814234:2.91815160208;d_mass_length_com_combination:upper:1.13503924752:3.35029753695;rho1_stiffness_rest_combination:lower:0.080092805475:0.0183559188923;bv1_viscous_damping:upper:1.51506214331:0.303012428661,0.9763727835443554,1.093894401247941,0.22725796614971022
existing_cem,31,22.000000000003904,17.74000000000279,False,bound_hit,11,11,542.4223633090256,0.10714782441132548,1.5857993746975207,0.7254087384073513,0.1884438776206853,0.1887496821411015,37.889454266281575,7.988173276244636,11.07431524925082,11.546059723661742,-0.4363323129985822,3.0380899144162847,7.5,5.057735263264363,a_inertia_combination:lower;rho1_stiffness_rest_combination:lower;bv1_viscous_damping:upper,a_inertia_combination:lower:2.37359515971:1.6360398173;b_distal_inertia_combination:lower:0.617754632054:3.10928134385;d_mass_length_com_combination:upper:1.38284644154:4.08175050968;g2_distal_gravity_combination:upper:0.282823943846:0.0371776409942;rho2_stiffness_rest_combination:lower:0.688369900704:0.131468966847;bv1_viscous_damping:upper:1.11759841609:0.223519683218,0.9534768824173345,1.1182187564704915,0.2383666164183856
existing_cem,32,22.500000000004515,18.240000000003402,False,bound_hit,11,11,537.7586305477255,0.10968265374624886,1.5827483291255464,0.7254087384073513,0.11153478335886538,0.20321451390101145,38.21784602039498,8.31767128535061,11.310741348409062,11.535278203280798,0.26735943018270236,2.7034597678202985,7.5,5.034052513767866,a_inertia_combination:lower;bv1_viscous_damping:upper,a_inertia_combination:lower:2.12857770564:1.46715747477;b_distal_inertia_combination:lower:0.680689448813:3.42604473416;d_mass_length_com_combination:upper:1.52469185431:4.50043588826;g2_distal_gravity_combination:upper:2.30834074239:0.303434929327;rho1_stiffness_rest_combination:upper:2.93381464728:0.672380788651;rho2_stiffness_rest_combination:lower:2.72189363964:0.519843392784;bv1_viscous_damping:upper:0.79125235035:0.15825047007,0.9894742420244279,1.2018721883097894,0.24528847715643373
existing_cem,33,23.000000000005127,18.740000000004013,False,"bound_hit,non_positive_definite_mass_matrix",11,11,541.8528961210386,0.11129785343957035,1.5820284912267841,0.7254087384073513,0.09934042046772569,0.35638332085443575,38.708253709387,9.921358440202079,11.669105522778187,11.496305988690965,2.422849015477353,1.09466093955528,7.5,4.975305446501286,a_inertia_combination:lower;b_distal_inertia_combination:lower;bv1_viscous_damping:upper,a_inertia_combination:lower:2.04079477829:1.40665163669;b_distal_inertia_combination:lower:0.736435565995:3.70662597654;d_mass_length_com_combination:upper:1.41625572724:4.18036476274;g2_distal_gravity_combination:upper:2.37725531384:0.312493855392;rho1_stiffness_rest_combination:upper:3.46767639043:0.794732887555;rho2_stiffness_rest_combination:lower:2.79826268273:0.534428805631;bv1_viscous_damping:upper:0.541506663079:0.108301332616,1.0326117333134075,1.2277587932588987,0.24601347647115798
existing_cem,34,23.500000000005738,19.240000000004624,False,"bound_hit,non_positive_definite_mass_matrix",11,11,545.1530754085836,0.11152505436248049,1.5822804688215242,0.7254087384073513,0.11618547854597794,0.35411436144368447,38.950877697545586,10.48987130332752,11.830421968277722,11.482133442507868,3.2565651042213335,0.5220834943751571,7.5,4.942581034052707,a_inertia_combination:lower;bv1_viscous_damping:upper,a_inertia_combination:lower:2.02002928579:1.39233867669;b_distal_inertia_combination:lower:0.761160726376:3.83107260293;d_mass_length_com_combination:upper:1.21145362008:3.57584998788;g2_distal_gravity_combination:upper:1.58587737046:0.208466011535;rho1_stiffness_rest_combination:upper:2.82072553555:0.646462673407;rho2_stiffness_rest_combination:lower:2.01237770945:0.384335831792;bv1_viscous_damping:upper:0.358952024665:0.071790404933,1.1217805356493664,1.3093960412248906,0.24966187827355388
existing_cem,35,24.00000000000635,19.740000000005235,False,"bound_hit,non_positive_definite_mass_matrix",11,11,546.99897685412,0.11246567777559761,1.5843873224901859,0.7254087384073513,0.0993404204600479,0.36593068631545456,39.07869989350854,11.007672500011482,11.91183854470772,11.467991590843226,3.9022140050112095,1.021405182655144e-13,7.5,4.9170031079268375,a_inertia_combination:lower;b_distal_inertia_combination:lower;rho2_stiffness_rest_combination:lower;bv1_viscous_damping:upper,a_inertia_combination:lower:1.90522132703:1.31320538763;b_distal_inertia_combination:lower:0.807876873248:4.06620421731;d_mass_length_com_combination:upper:0.976760781776:2.88310668422;g2_distal_gravity_combination:upper:0.591341916233:0.0777328014298;rho1_stiffness_rest_combination:upper:1.71130811638:0.39220293006;rho2_stiffness_rest_combination:lower:1.02430916455:0.195628640151;bv1_viscous_damping:upper:0.167905053936:0.0335810107872,1.2809585857113324,1.4646893390965554,0.253504839920789
existing_cem,36,24.50000000000696,20.240000000005846,False,"bound_hit,non_positive_definite_mass_matrix",11,11,545.1004591294136,0.11290860418506693,1.5869827655158342,0.7254087384073513,0.09934042046004002,0.3716704616042379,39.037898342987916,11.005198591859422,11.866528263556779,11.466133329595838,3.831347632366262,2.220446049250313e-16,7.5,4.911691264267661,a_inertia_combination:lower;b_distal_inertia_combination:lower;rho2_stiffness_rest_combination:lower;bv1_viscous_damping:upper,a_inertia_combination:lower:1.7580153809:1.21174124864;b_distal_inertia_combination:lower:0.849970124787:4.27806788441;d_mass_length_com_combination:upper:0.933222025046:2.75459325198;g2_distal_gravity_combination:upper:0.468203663832:0.0615460893779;rho1_stiffness_rest_combination:upper:1.35885457098:0.311426527557;rho2_stiffness_rest_combination:lower:0.907814027303:0.173379707824;bv1_viscous_damping:upper:0.048792031107:0.00975840622139,1.272438182051871,1.4552799440536008,0.25762824104682125
existing_cem,37,25.00000000000757,20.740000000006457,False,"bound_hit,non_positive_definite_mass_matrix",11,11,527.1053667385996,0.11272203120947849,1.5897918493141685,0.7254087384073513,0.09934042046004002,0.43912575869491566,38.886319930545795,11.002293569512792,11.751272111805848,11.462911639558603,3.6341712637533514,2.220446049250313e-16,7.452797391363788,4.9096215669056225,a_inertia_combination:lower;b_distal_inertia_combination:lower;rho2_stiffness_rest_combination:lower,a_inertia_combination:lower:1.54760107601:1.06670970039;b_distal_inertia_combination:lower:0.881795642745:4.43825201595;d_mass_length_com_combination:upper:0.949613064188:2.80297471384;g2_distal_gravity_combination:upper:0.725322248496:0.0953447215007;rho1_stiffness_rest_combination:upper:1.29065236835:0.295795734099;rho2_stiffness_rest_combination:lower:1.17257315856:0.223944977186,1.2738033205608204,1.4335827845708942,0.254663035795214
existing_cem,38,25.500000000008182,21.24000000000707,False,"bound_hit,non_positive_definite_mass_matrix",11,11,504.0749946550937,0.1121136601254908,1.5931701647829715,0.7254087384073513,0.09934042046004005,0.5008861478656901,38.707581995715366,10.998622741088468,11.622565066442002,11.45911737586342,3.410081299002954,2.220446049250313e-16,7.421200182358794,4.907589560759302,a_inertia_combination:lower;b_distal_inertia_combination:lower;rho2_stiffness_rest_combination:lower,a_inertia_combination:lower:1.35638295421:0.934909439602;b_distal_inertia_combination:lower:0.893350064912:4.49640770985;d_mass_length_com_combination:upper:0.92879090643:2.74151391061;g2_distal_gravity_combination:upper:0.843906522909:0.110932806165;rho1_stiffness_rest_combination:upper:1.09921321805:0.251921112717;rho2_stiffness_rest_combination:lower:1.29755021458:0.247813836672,1.299429247703517,1.4354216996058704,0.250318288728023
existing_cem,39,26.000000000008793,21.74000000000768,False,"bound_hit,non_positive_definite_mass_matrix",11,11,500.57372848424257,0.11190805438587674,1.5938544861993187,0.7254087384073513,0.09934042046004002,0.5062411733071258,38.68258993959378,10.99807532607015,11.604785440729925,11.458601090122167,3.3790492787474964,2.220446049250313e-16,7.418998182257727,4.907326007814631,a_inertia_combination:lower;b_distal_inertia_combination:lower;rho2_stiffness_rest_combination:lower,a_inertia_combination:lower:1.33358138318:0.919193078722;b_distal_inertia_combination:lower:0.893914850706:4.49925038855;d_mass_length_com_combination:upper:0.918106738795:2.70997743239;g2_distal_gravity_combination:upper:0.822590388458:0.108130767613;rho1_stiffness_rest_combination:upper:1.03672026934:0.237598783875;rho2_stiffness_rest_combination:lower:1.27703214068:0.243895173211,1.3016666072865184,1.435607718960188,0.24955754663293708
existing_cem,40,26.500000000009404,22.24000000000829,False,"bound_hit,non_positive_definite_mass_matrix",11,11,500.57372848424257,0.11190805438587674,1.5938544861993187,0.7254087384073513,0.09934042046004002,0.5062411733071258,38.68258993959378,10.99807532607015,11.604785440729925,11.458601090122167,3.3790492787474964,2.220446049250313e-16,7.418998182257727,4.907326007814631,a_inertia_combination:lower;b_distal_inertia_combination:lower;rho2_stiffness_rest_combination:lower,a_inertia_combination:lower:1.33358138318:0.919193078722;b_distal_inertia_combination:lower:0.893914850706:4.49925038855;d_mass_length_com_combination:upper:0.918106738795:2.70997743239;g2_distal_gravity_combination:upper:0.822590388458:0.108130767613;rho1_stiffness_rest_combination:upper:1.03672026934:0.237598783875;rho2_stiffness_rest_combination:lower:1.27703214068:0.243895173211,1.3016666072865184,1.435607718960188,0.24955754663293708
existing_cem,41,27.000000000010015,22.7400000000089,False,"bound_hit,non_positive_definite_mass_matrix",11,11,500.57372848424257,0.11190805438587674,1.5938544861993187,0.7254087384073513,0.09934042046004002,0.5062411733071258,38.68258993959378,10.99807532607015,11.604785440729925,11.458601090122167,3.3790492787474964,2.220446049250313e-16,7.418998182257727,4.907326007814631,a_inertia_combination:lower;b_distal_inertia_combination:lower;rho2_stiffness_rest_combination:lower,a_inertia_combination:lower:1.33358138318:0.919193078722;b_distal_inertia_combination:lower:0.893914850706:4.49925038855;d_mass_length_com_combination:upper:0.918106738795:2.70997743239;g2_distal_gravity_combination:upper:0.822590388458:0.108130767613;rho1_stiffness_rest_combination:upper:1.03672026934:0.237598783875;rho2_stiffness_rest_combination:lower:1.27703214068:0.243895173211,1.3016666072865184,1.435607718960188,0.24955754663293708
existing_cem,42,27.500000000010626,23.240000000009513,False,"bound_hit,non_positive_definite_mass_matrix",11,11,500.57372848424257,0.11190805438587674,1.5938544861993187,0.7254087384073513,0.09934042046004002,0.5062411733071258,38.68258993959378,10.99807532607015,11.604785440729925,11.458601090122167,3.3790492787474964,2.220446049250313e-16,7.418998182257727,4.907326007814631,a_inertia_combination:lower;b_distal_inertia_combination:lower;rho2_stiffness_rest_combination:lower,a_inertia_combination:lower:1.33358138318:0.919193078722;b_distal_inertia_combination:lower:0.893914850706:4.49925038855;d_mass_length_com_combination:upper:0.918106738795:2.70997743239;g2_distal_gravity_combination:upper:0.822590388458:0.108130767613;rho1_stiffness_rest_combination:upper:1.03672026934:0.237598783875;rho2_stiffness_rest_combination:lower:1.27703214068:0.243895173211,1.3016666072865184,1.435607718960188,0.24955754663293708
existing_cem,43,28.000000000011237,23.740000000010124,False,"bound_hit,non_positive_definite_mass_matrix",11,11,500.57372848424257,0.11190805438587674,1.5938544861993187,0.7254087384073513,0.09934042046004002,0.5062411733071258,38.68258993959378,10.99807532607015,11.604785440729925,11.458601090122167,3.3790492787474964,2.220446049250313e-16,7.418998182257727,4.907326007814631,a_inertia_combination:lower;b_distal_inertia_combination:lower;rho2_stiffness_rest_combination:lower,a_inertia_combination:lower:1.33358138318:0.919193078722;b_distal_inertia_combination:lower:0.893914850706:4.49925038855;d_mass_length_com_combination:upper:0.918106738795:2.70997743239;g2_distal_gravity_combination:upper:0.822590388458:0.108130767613;rho1_stiffness_rest_combination:upper:1.03672026934:0.237598783875;rho2_stiffness_rest_combination:lower:1.27703214068:0.243895173211,1.3016666072865184,1.435607718960188,0.24955754663293708
existing_cem,44,28.50000000001185,24.240000000010735,False,"bound_hit,non_positive_definite_mass_matrix",11,11,500.57372848424257,0.11190805438587674,1.5938544861993187,0.7254087384073513,0.09934042046004002,0.5062411733071258,38.68258993959378,10.99807532607015,11.604785440729925,11.458601090122167,3.3790492787474964,2.220446049250313e-16,7.418998182257727,4.907326007814631,a_inertia_combination:lower;b_distal_inertia_combination:lower;rho2_stiffness_rest_combination:lower,a_inertia_combination:lower:1.33358138318:0.919193078722;b_distal_inertia_combination:lower:0.893914850706:4.49925038855;d_mass_length_com_combination:upper:0.918106738795:2.70997743239;g2_distal_gravity_combination:upper:0.822590388458:0.108130767613;rho1_stiffness_rest_combination:upper:1.03672026934:0.237598783875;rho2_stiffness_rest_combination:lower:1.27703214068:0.243895173211,1.3016666072865184,1.435607718960188,0.24955754663293708
existing_cem,45,29.00000000001246,24.740000000011346,False,"bound_hit,non_positive_definite_mass_matrix",11,11,500.57372848424257,0.11190805438587674,1.5938544861993187,0.7254087384073513,0.09934042046004002,0.5062411733071258,38.68258993959378,10.99807532607015,11.604785440729925,11.458601090122167,3.3790492787474964,2.220446049250313e-16,7.418998182257727,4.907326007814631,a_inertia_combination:lower;b_distal_inertia_combination:lower;rho2_stiffness_rest_combination:lower,a_inertia_combination:lower:1.33358138318:0.919193078722;b_distal_inertia_combination:lower:0.893914850706:4.49925038855;d_mass_length_com_combination:upper:0.918106738795:2.70997743239;g2_distal_gravity_combination:upper:0.822590388458:0.108130767613;rho1_stiffness_rest_combination:upper:1.03672026934:0.237598783875;rho2_stiffness_rest_combination:lower:1.27703214068:0.243895173211,1.3016666072865184,1.435607718960188,0.24955754663293708
existing_cem,46,29.50000000001307,25.240000000011957,False,"bound_hit,non_positive_definite_mass_matrix",11,11,500.57372848424257,0.11190805438587674,1.5938544861993187,0.7254087384073513,0.09934042046004002,0.5062411733071258,38.68258993959378,10.99807532607015,11.604785440729925,11.458601090122167,3.3790492787474964,2.220446049250313e-16,7.418998182257727,4.907326007814631,a_inertia_combination:lower;b_distal_inertia_combination:lower;rho2_stiffness_rest_combination:lower,a_inertia_combination:lower:1.33358138318:0.919193078722;b_distal_inertia_combination:lower:0.893914850706:4.49925038855;d_mass_length_com_combination:upper:0.918106738795:2.70997743239;g2_distal_gravity_combination:upper:0.822590388458:0.108130767613;rho1_stiffness_rest_combination:upper:1.03672026934:0.237598783875;rho2_stiffness_rest_combination:lower:1.27703214068:0.243895173211,1.3016666072865184,1.435607718960188,0.24955754663293708
existing_cem,47,30.00000000001368,25.740000000012568,False,"bound_hit,non_positive_definite_mass_matrix",11,11,500.57372848424257,0.11190805438587674,1.5938544861993187,0.7254087384073513,0.09934042046004002,0.5062411733071258,38.68258993959378,10.99807532607015,11.604785440729925,11.458601090122167,3.3790492787474964,2.220446049250313e-16,7.418998182257727,4.907326007814631,a_inertia_combination:lower;b_distal_inertia_combination:lower;rho2_stiffness_rest_combination:lower,a_inertia_combination:lower:1.33358138318:0.919193078722;b_distal_inertia_combination:lower:0.893914850706:4.49925038855;d_mass_length_com_combination:upper:0.918106738795:2.70997743239;g2_distal_gravity_combination:upper:0.822590388458:0.108130767613;rho1_stiffness_rest_combination:upper:1.03672026934:0.237598783875;rho2_stiffness_rest_combination:lower:1.27703214068:0.243895173211,1.3016666072865184,1.435607718960188,0.24955754663293708
existing_cem,48,30.500000000014293,26.24000000001318,False,"bound_hit,non_positive_definite_mass_matrix",11,11,500.57372848424257,0.11190805438587674,1.5938544861993187,0.7254087384073513,0.09934042046004002,0.5062411733071258,38.68258993959378,10.99807532607015,11.604785440729925,11.458601090122167,3.3790492787474964,2.220446049250313e-16,7.418998182257727,4.907326007814631,a_inertia_combination:lower;b_distal_inertia_combination:lower;rho2_stiffness_rest_combination:lower,a_inertia_combination:lower:1.33358138318:0.919193078722;b_distal_inertia_combination:lower:0.893914850706:4.49925038855;d_mass_length_com_combination:upper:0.918106738795:2.70997743239;g2_distal_gravity_combination:upper:0.822590388458:0.108130767613;rho1_stiffness_rest_combination:upper:1.03672026934:0.237598783875;rho2_stiffness_rest_combination:lower:1.27703214068:0.243895173211,1.3016666072865184,1.435607718960188,0.24955754663293708
existing_cem,49,31.000000000014904,26.74000000001379,False,"bound_hit,non_positive_definite_mass_matrix",11,11,500.57372848424257,0.11190805438587674,1.5938544861993187,0.7254087384073513,0.09934042046004002,0.5062411733071258,38.68258993959378,10.99807532607015,11.604785440729925,11.458601090122167,3.3790492787474964,2.220446049250313e-16,7.418998182257727,4.907326007814631,a_inertia_combination:lower;b_distal_inertia_combination:lower;rho2_stiffness_rest_combination:lower,a_inertia_combination:lower:1.33358138318:0.919193078722;b_distal_inertia_combination:lower:0.893914850706:4.49925038855;d_mass_length_com_combination:upper:0.918106738795:2.70997743239;g2_distal_gravity_combination:upper:0.822590388458:0.108130767613;rho1_stiffness_rest_combination:upper:1.03672026934:0.237598783875;rho2_stiffness_rest_combination:lower:1.27703214068:0.243895173211,1.3016666072865184,1.435607718960188,0.24955754663293708
existing_cem,50,31.500000000015515,27.2400000000144,False,"bound_hit,non_positive_definite_mass_matrix",11,11,500.57372848424257,0.11190805438587674,1.5938544861993187,0.7254087384073513,0.09934042046004002,0.5062411733071258,38.68258993959378,10.99807532607015,11.604785440729925,11.458601090122167,3.3790492787474964,2.220446049250313e-16,7.418998182257727,4.907326007814631,a_inertia_combination:lower;b_distal_inertia_combination:lower;rho2_stiffness_rest_combination:lower,a_inertia_combination:lower:1.33358138318:0.919193078722;b_distal_inertia_combination:lower:0.893914850706:4.49925038855;d_mass_length_com_combination:upper:0.918106738795:2.70997743239;g2_distal_gravity_combination:upper:0.822590388458:0.108130767613;rho1_stiffness_rest_combination:upper:1.03672026934:0.237598783875;rho2_stiffness_rest_combination:lower:1.27703214068:0.243895173211,1.3016666072865184,1.435607718960188,0.24955754663293708
cem_plus_smooth_local_refinement,0,6.480000000000499,3.2400000000002493,False,bound_hit,11,11,31500.707922541053,0.005601457553474951,1.8237015237725396,1.2891649947775803,0.18101557568491725,0.3212016996457227,35.39215382476937,9.915133078508122,11.653848643372374,9.142216045963764,0.7094888074192763,1.0555910057934406,4.987264085146637,2.500000044428368,bv2_viscous_damping:lower,bv2_viscous_damping:lower:0.779920632705:0.155984126541,0.6507404968997802,0.8127737747557706,1.1552726969261136
cem_plus_smooth_local_refinement,1,6.980000000000666,3.490000000000333,False,bound_hit,11,11,15471.299992372835,0.006850387668793377,1.9373999469959156,1.5940235696988205,0.1688950895613868,0.2866348724736478,34.815198811339336,10.57580985300675,12.075042607644628,11.547051447746233,0.4372957289986556,0.6379756947644981,4.052035118312094,2.5000000000017835,bv2_viscous_damping:lower,bv2_viscous_damping:lower:1.24337435313:0.248674870626,0.7865107839312545,0.8580820907923412,0.8565361693950913
cem_plus_smooth_local_refinement,2,7.480000000000833,3.7400000000004163,False,bound_hit,11,11,11823.943127624774,0.00872141482917776,2.0317186044258895,1.5956819073668074,0.17457526002076074,0.343620518288523,35.92289092466884,10.000729516679874,12.179783423928649,11.787812815342921,0.7046363182866581,1.1195997743682382,4.737961933969067,2.5000000000004436,bv2_viscous_damping:lower,bv2_viscous_damping:lower:0.906130026603:0.181226005321,0.692339001731655,0.70947715357716,0.6179650497288565
cem_plus_smooth_local_refinement,3,7.980000000001,3.9900000000005,False,bound_hit,11,11,11417.947949993699,0.01115618113718198,2.107120284399926,1.2944021406174602,0.1797530816190324,0.3204733720599457,38.17604666372966,8.480401024481589,12.274010190742418,12.38273716483313,1.2348391741316131,2.6439482093229065,5.892904883187,2.500000000002919,bv2_viscous_damping:lower,bv2_viscous_damping:lower:1.3973887333:0.27947774666,0.6981450802702189,0.7309559552798466,0.436001355628454
cem_plus_smooth_local_refinement,4,8.48000000000074,4.24000000000037,False,bound_hit,11,11,11112.694530456709,0.012508507782340729,2.1721904740224343,0.7260072281288946,0.18175636980361612,0.23694661930039523,41.30036716809015,5.931208325876765,12.616146248284732,13.102444402145778,1.646419310565088,5.2359837256374675,6.465521597996828,2.5000000000000004,bv2_viscous_damping:lower,rho2_stiffness_rest_combination:upper:0.190579013829:0.0363979105205;bv2_viscous_damping:lower:1.81334781849:0.362669563698,1.1976149299612981,1.2593547735767905,0.3043761316681582
cem_plus_smooth_local_refinement,5,8.980000000000462,4.490000000000231,False,bound_hit,11,11,10507.869819731934,0.01293238199186042,2.227164463572138,0.7254087384073513,0.15807153760531606,0.16939379999224874,41.930622793636864,5.928133597560912,12.690281574823228,13.377459253482927,2.139212368295071,5.235987755982989,6.806911457123613,2.5000000000000004,a_inertia_combination:lower;d_mass_length_com_combination:lower;rho2_stiffness_rest_combination:upper;bv2_viscous_damping:lower,a_inertia_combination:lower:0.108418407237:0.074729184732;g2_distal_gravity_combination:lower:0.260401090289:0.0342301225194;rho2_stiffness_rest_combination:upper:2.56675717735:0.490214510991;bv2_viscous_damping:lower:1.82431010787:0.364862021573,1.3259494816760364,1.4173230132046086,0.21288699970016822
cem_plus_smooth_local_refinement,6,9.480000000000185,4.740000000000093,False,bound_hit,11,11,9510.457921382706,0.012966611228103017,2.266520251392329,0.7254087384073513,0.15538478492734165,0.16939379787233888,41.93931976241396,5.91430796854513,12.668348814684666,13.347122445275428,2.043659327198883,5.2359877559829835,7.183109774623485,2.5000000000000004,a_inertia_combination:lower;d_mass_length_com_combination:lower;rho2_stiffness_rest_combination:upper;bv2_viscous_damping:lower,a_inertia_combination:lower:0.181010156625:0.124764251546;g2_distal_gravity_combination:lower:0.317207442373:0.0416974045864;rho2_stiffness_rest_combination:upper:2.50323259338:0.478082209135;bv2_viscous_damping:lower:0.840623971632:0.168124794326,1.3451364764151905,1.436392773102123,0.161615879744486
cem_plus_smooth_local_refinement,7,9.979999999999908,4.989999999999954,False,bound_hit,11,11,7957.759323783219,0.013315226512117247,2.2916593597585506,0.7254087384073513,0.1842728870111698,0.16939379786890518,41.90154251298838,5.918465082538489,12.636045689899031,13.237280557373783,1.9552870421213147,5.235987755976278,7.499999999999995,2.5000010133541,a_inertia_combination:lower;d_mass_length_com_combination:lower;rho2_stiffness_rest_combination:upper;bv1_viscous_damping:upper,a_inertia_combination:lower:0.377819138604:0.260418105407;g2_distal_gravity_combination:lower:0.0398392136326:0.00523692570644;rho2_stiffness_rest_combination:upper:2.13675107403:0.408089394707,1.343972635243335,1.4207884730786757,0.13386101999831534
cem_plus_smooth_local_refinement,8,10.479999999999631,5.2399999999998155,False,bound_hit,11,11,5935.634591459979,0.014073621812634761,2.3084854912274717,0.7254087384073513,0.175710132662163,0.16939379786400002,42.6746989402224,5.848206256652093,12.792907619320756,12.595508009342254,2.6264655368674634,5.235987755982807,7.499999999999998,3.6818473549318407,a_inertia_combination:lower;d_mass_length_com_combination:lower;rho2_stiffness_rest_combination:upper;bv1_viscous_damping:upper,a_inertia_combination:lower:0.434696147794:0.299621526995;d_mass_length_com_combination:lower:0.0503035422545:0.148481062733;g2_distal_gravity_combination:lower:0.00651899735396:0.000856932195953;rho2_stiffness_rest_combination:upper:2.01724961787:0.385266297761,1.3123184201750502,1.4054284882281938,0.1153553495962098
cem_plus_smooth_local_refinement,9,10.979999999999354,5.489999999999677,False,bound_hit,11,11,4371.294040022404,0.014540068947078225,2.3206115945649524,0.7254087384163674,0.1554981011218016,0.16939379786414205,43.01974937371429,5.795235760468829,12.859606466791469,12.067688116907997,2.890357244075246,5.235987755982989,7.499999999999788,4.814411375422469,a_inertia_combination:lower;d_mass_length_com_combination:lower;rho2_stiffness_rest_combination:upper;bv1_viscous_damping:upper,a_inertia_combination:lower:0.390211843426:0.268959982673;d_mass_length_com_combination:lower:0.0840550677402:0.248105505633;g2_distal_gravity_combination:lower:0.638496209301:0.0839313055422;rho2_stiffness_rest_combination:upper:2.5931141461:0.495248321223,1.3148405466611472,1.425329404757215,0.10340352677891047
cem_plus_smooth_local_refinement,10,11.479999999999077,5.739999999999538,False,bound_hit,11,11,3656.104548730833,0.01465712870441913,2.329674052513563,0.7254087384074497,0.1339760672625979,0.16939379786400002,43.16932601359863,5.774830737491021,12.88680320372291,11.774606746948953,2.9952947456901415,5.235987755982175,7.4999999999999805,5.540702156083074,a_inertia_combination:lower;d_mass_length_com_combination:lower;rho2_stiffness_rest_combination:upper;bv1_viscous_damping:upper,a_inertia_combination:lower:0.299833464961:0.20666518687;d_mass_length_com_combination:lower:0.082644669267:0.243942429738;g2_distal_gravity_combination:lower:1.73302284063:0.227808509165;rho2_stiffness_rest_combination:upper:3.66886368786:0.700701349745,1.3472552155369268,1.4697790976900325,0.09638543457528291
cem_plus_smooth_local_refinement,11,11.9799999999988,5.9899999999994,False,bound_hit,11,11,3589.8152715305287,0.01447855601376707,2.336370135304449,0.7254087384074682,0.11329612319130812,0.16939379786400788,43.35401814644452,5.775266187247463,12.921324187285702,11.646531557518864,3.1621343429075366,5.235987755982777,7.499999999967402,5.921692941215095,a_inertia_combination:lower;d_mass_length_com_combination:lower;rho2_stiffness_rest_combination:upper;bv1_viscous_damping:upper,a_inertia_combination:lower:0.359283316829:0.247641982931;d_mass_length_com_combination:lower:0.109520369578:0.323271486201;g2_distal_gravity_combination:lower:1.6096826101:0.211595246779;rho2_stiffness_rest_combination:upper:3.56237250154:0.680363031305,1.3984698897192505,1.5289536246214577,0.09280121287312339
cem_plus_smooth_local_refinement,12,12.479999999998522,6.239999999999261,False,bound_hit,11,11,3589.716856876893,0.014162351034011207,2.3414608566843946,0.7254087384073514,0.09934127986564592,0.16939379786400002,43.54077897049924,5.786639914693874,12.955819663613065,11.61939015039041,3.3459341967617333,5.235987755982957,7.499999999999609,6.047984649013127,a_inertia_combination:lower;d_mass_length_com_combination:lower;rho2_stiffness_rest_combination:upper;bv1_viscous_damping:upper,a_inertia_combination:lower:0.471487261432:0.324980412055;d_mass_length_com_combination:lower:0.140628438657:0.415093233726;g2_distal_gravity_combination:lower:0.65862897728:0.086577788757;rho2_stiffness_rest_combination:upper:2.63766448515:0.503756809236,1.4425400304547167,1.5769460846794763,0.09139253276519975
cem_plus_smooth_local_refinement,13,12.979999999998245,6.489999999999123,False,bound_hit,11,11,3472.370935474777,0.013879346355097804,2.3454898048594104,0.7254087384073513,0.09934042046016524,0.16939379786400002,43.69092958908858,5.801102222861526,12.981285727838433,11.637291030645017,3.498459392216834,5.235987755982979,7.499999999999903,6.033414804603645,a_inertia_combination:lower;b_distal_inertia_combination:lower;d_mass_length_com_combination:lower;rho2_stiffness_rest_combination:upper;bv1_viscous_damping:upper,a_inertia_combination:lower:0.571290216102:0.393771253264;d_mass_length_com_combination:lower:0.163057221346:0.481296314866;rho2_stiffness_rest_combination:upper:1.7092866807:0.326449709274,1.4576179635714726,1.5911182682253782,0.0913090197533262
cem_plus_smooth_local_refinement,14,13.479999999997968,6.739999999998984,False,bound_hit,11,11,3204.744498939188,0.013946111388507529,2.3484022787976713,0.7254087384073513,0.09934042046004002,0.16939379786400002,43.729668359854664,5.814583209881665,12.970927282763451,11.667100695776401,3.5372667110312195,5.235987751377906,7.5,5.970203002730138,a_inertia_combination:lower;b_distal_inertia_combination:lower;d_mass_length_com_combination:lower;rho2_stiffness_rest_combination:upper;bv1_viscous_damping:upper,a_inertia_combination:lower:0.704757242669:0.485765614167;d_mass_length_com_combination:lower:0.200416936919:0.591571059408;rho2_stiffness_rest_combination:upper:0.669574257003:0.127879263323,1.459675375510053,1.5929355994093735,0.0910797811896082
cem_plus_smooth_local_refinement,15,13.979999999997691,6.989999999998846,False,bound_hit,11,11,2809.9904016005066,0.014050144771187574,2.3507800832601387,0.7254087384075334,0.09934042046013741,0.16939379786404937,43.41084851543731,6.5426484476450995,12.886852216647188,11.659019732795306,3.9269905590891585,4.515905465380397,7.499999999997096,5.998960265703521,a_inertia_combination:lower;b_distal_inertia_combination:lower;d_mass_length_com_combination:lower;bv1_viscous_damping:upper,a_inertia_combination:lower:0.803530353136:0.553846618184;d_mass_length_com_combination:lower:0.223349382405:0.659260802996;rho2_stiffness_rest_combination:upper:0.0632790214242:0.0120854028644,1.4276767874420515,1.577493393445163,0.09044047646704045
cem_plus_smooth_local_refinement,16,14.479999999997414,7.239999999998707,False,bound_hit,11,11,2351.5702482582633,0.014119363611513915,2.352656853817141,0.7254087384073544,0.09934042046004031,0.1693937978640006,42.90637751038503,7.069640581672109,12.755516418951672,11.645250151735937,3.92699081698724,3.9941678643393868,7.499999999999998,6.04785102341717,a_inertia_combination:lower;b_distal_inertia_combination:lower;d_mass_length_com_combination:lower;rho1_stiffness_rest_combination:upper;bv1_viscous_damping:upper,a_inertia_combination:lower:0.912764767956:0.629138249671;d_mass_length_com_combination:lower:0.251131513131:0.741265371867,1.383823864930718,1.5471625978170158,0.08969280859109792
cem_plus_smooth_local_refinement,17,14.979999999997137,7.4899999999985685,False,bound_hit,11,11,1919.6359824974452,0.014126685101829399,2.3541499246318867,0.7254087384073513,0.09934042046004002,0.16939379786400002,42.54956292717222,7.443357418017896,12.66221219131305,11.631106468150632,3.9269908169872396,3.624147363576709,7.5,6.100459692501483,a_inertia_combination:lower;b_distal_inertia_combination:lower;d_mass_length_com_combination:lower;rho1_stiffness_rest_combination:upper;bv1_viscous_damping:upper,a_inertia_combination:lower:1.02796548413:0.708542253284;d_mass_length_com_combination:lower:0.27406370006:0.808954352272;rho1_stiffness_rest_combination:upper:0.184225087967:0.0422212800838,1.3591990845123751,1.53183524811456,0.08921558271196212
cem_plus_smooth_local_refinement,18,15.47999999999686,7.73999999999843,False,bound_hit,11,11,1563.5002874536297,0.014055540461088563,2.3554540708068217,0.7254087384082133,0.09934042046008719,0.16939379786419104,42.33160313927719,7.673370102861377,12.60314518145462,11.620850146518375,3.926990816987156,3.397115556770718,7.49999999999957,6.143101240286727,a_inertia_combination:lower;b_distal_inertia_combination:lower;d_mass_length_com_combination:lower;rho1_stiffness_rest_combination:upper;bv1_viscous_damping:upper,a_inertia_combination:lower:1.07573010587:0.741464810743;d_mass_length_com_combination:lower:0.283434350727:0.836613719928;rho1_stiffness_rest_combination:upper:0.527230124705:0.120832243911,1.3470115568736603,1.5251554463767991,0.08894007014857666
cem_plus_smooth_local_refinement,19,15.979999999996583,7.989999999998291,False,bound_hit,11,11,1310.5393267184456,0.014367614528476484,2.356093657712658,0.7254087384183103,0.09934042054684711,0.16939379786470468,42.04102206080991,7.978468207217063,12.521011067259284,11.597681191799413,3.926990816907307,3.092939861073166,7.499999999863609,6.231206430232972,a_inertia_combination:lower;b_distal_inertia_combination:lower;d_mass_length_com_combination:lower;rho1_stiffness_rest_combination:upper;bv1_viscous_damping:upper,a_inertia_combination:lower:1.22104155588:0.841623136885;d_mass_length_com_combination:lower:0.313830274084:0.926333425548;rho1_stiffness_rest_combination:upper:1.32354666323:0.303334551168,1.3349272563586874,1.5201837256755393,0.08858407500057804
cem_plus_smooth_local_refinement,20,16.47999999999716,8.23999999999858,False,bound_hit,11,11,1167.579432422865,0.014339622612094517,2.3545989036187325,0.7254087387345921,0.0993404204605916,0.16939379789009287,41.919541562574544,8.109041539507027,12.480140109954444,11.586359139925543,3.9269908135280374,2.9637090120011935,7.499999999549361,6.278829409873298,a_inertia_combination:lower;b_distal_inertia_combination:lower;d_mass_length_com_combination:lower;rho1_stiffness_rest_combination:upper;bv1_viscous_damping:upper,a_inertia_combination:lower:1.12203750899:0.773382956109;d_mass_length_com_combination:lower:0.294704211673:0.869878990227;rho1_stiffness_rest_combination:upper:0.673735805866:0.154408872732,1.3312776343150807,1.5194551579054552,0.08860152015320108
cem_plus_smooth_local_refinement,21,16.97999999999777,8.489999999998885,False,bound_hit,11,11,1073.067100934232,0.015014815343486908,2.3510610483153074,0.7254087384073516,0.09934042046004618,0.1693937978640002,41.8635770083491,8.186940176745955,12.413794059995077,11.574877569923448,3.9269908169872387,2.8862305959797645,7.380740568823048,6.321268462935531,a_inertia_combination:lower;b_distal_inertia_combination:lower;d_mass_length_com_combination:lower;rho1_stiffness_rest_combination:upper,a_inertia_combination:lower:1.14379841238:0.78838201956;d_mass_length_com_combination:lower:0.301744090646:0.890658614573;rho1_stiffness_rest_combination:upper:0.873797154365:0.200259556383,1.3204943662283222,1.511917405750179,0.08734531273539599
cem_plus_smooth_local_refinement,22,17.47999999999838,8.73999999999919,False,bound_hit,11,11,1025.1894302144747,0.015143308290031163,2.3476346987811554,0.7254087384073695,0.09934042046004002,0.1693937978640018,41.91053524055322,8.154860735601714,12.386419092077972,11.569430205493267,3.9269908169872347,2.918137732155791,7.261972507422717,6.328537926033109,a_inertia_combination:lower;b_distal_inertia_combination:lower;d_mass_length_com_combination:lower;rho1_stiffness_rest_combination:upper,a_inertia_combination:lower:1.03547236182:0.713716493196;b_distal_inertia_combination:lower:0.024443922656:0.123031101252;d_mass_length_com_combination:lower:0.275689412571:0.813752971027;rho1_stiffness_rest_combination:upper:0.137871439327:0.0315978063554,1.3129204665895184,1.5050887881461008,0.08600625315318204
cem_plus_smooth_local_refinement,23,17.97999999999899,8.989999999999496,False,bound_hit,11,11,971.4783658232805,0.01888495858109638,2.346250264345625,0.7254087384073513,0.09934042046004002,0.16939379786400002,40.650287523205556,8.721260835917748,12.19547815619851,11.517317336670777,3.239234932678553,2.346512967509836,7.5,6.474961470000368,a_inertia_combination:lower;b_distal_inertia_combination:lower;d_mass_length_com_combination:lower;bv1_viscous_damping:upper,a_inertia_combination:lower:1.02007185064:0.703101435528;b_distal_inertia_combination:lower:0.0473036866445:0.238088818355;d_mass_length_com_combination:lower:0.216128673228:0.637947421785;bv1_viscous_damping:upper:0.0738228013643:0.0147645602729,1.2408334770123395,1.4500767463260893,0.09069769309076764
cem_plus_smooth_local_refinement,24,18.479999999999603,9.239999999999801,False,bound_hit,11,11,902.9913998351931,0.020354112958387762,2.3431058214880873,0.725408738411446,0.09934042046004002,0.16939379786412165,40.74048576603828,8.746830465756839,12.224513947410726,11.505763953207012,3.3577946148167976,2.3169030728845255,7.5,6.437124250491798,a_inertia_combination:lower;b_distal_inertia_combination:lower;d_mass_length_com_combination:lower;bv1_viscous_damping:upper,a_inertia_combination:lower:0.622640914687:0.429165573642;b_distal_inertia_combination:lower:0.105037393466:0.528673992818;d_mass_length_com_combination:lower:0.217010497029:0.640550302802;bv1_viscous_damping:upper:0.091637266842:0.0183274533684,1.2519567081155574,1.4606853832050442,0.09211070329304694
cem_plus_smooth_local_refinement,25,18.980000000000214,9.490000000000107,False,bound_hit,11,11,814.5938888834926,0.02123405498428513,2.3376774846519615,0.7254087384073522,0.09934042046004012,0.16939379786400058,41.62471594153126,8.418705098890552,12.409731886301516,11.520750760863889,3.926990816987237,2.640918598306382,7.5,6.261038846140645,a_inertia_combination:lower;b_distal_inertia_combination:lower;d_mass_length_com_combination:lower;rho1_stiffness_rest_combination:upper;bv1_viscous_damping:upper,a_inertia_combination:lower:0.0592243474812:0.0408213634228;b_distal_inertia_combination:lower:0.157674703667:0.793607994295;d_mass_length_com_combination:lower:0.207439030249:0.612298185838;rho1_stiffness_rest_combination:upper:0.405388510747:0.0929082029157;bv1_viscous_damping:upper:0.118463332721:0.0236926665443,1.3200193719698123,1.5159754623992499,0.08931853629656236
cem_plus_smooth_local_refinement,26,19.480000000000825,9.740000000000412,False,bound_hit,11,11,723.9481726910665,0.021457196032290883,2.3314842900174755,0.7254087384073513,0.09934042046004021,0.16939379786400002,41.71297037086463,8.333934536467085,12.412485585354208,11.518428493704327,3.92699081698724,2.7188807175742276,7.499999999766532,6.117229149233799,a_inertia_combination:lower;b_distal_inertia_combination:lower;d_mass_length_com_combination:lower;rho1_stiffness_rest_combination:upper;bv1_viscous_damping:upper,b_distal_inertia_combination:lower:0.183947322496:0.925843285363;d_mass_length_com_combination:lower:0.196574951585:0.580230663884;rho1_stiffness_rest_combination:upper:1.05910689056:0.24272941953;bv1_viscous_damping:upper:0.13022710479:0.0260454209579,1.3165425513971192,1.5117605326757628,0.08750800554050464
cem_plus_smooth_local_refinement,27,19.980000000001436,9.990000000000718,False,bound_hit,11,11,649.8791266076751,0.02188747499524865,2.3248573638529195,0.7254087384073513,0.09934042046004002,0.16939379786400002,41.39730927026114,8.655604221489513,12.350447216058964,11.487692518165705,3.92699081698724,2.3883373345367547,7.49999999999967,6.077890352895551,a_inertia_combination:lower;b_distal_inertia_combination:lower;d_mass_length_com_combination:lower;rho1_stiffness_rest_combination:upper;bv1_viscous_damping:upper,a_inertia_combination:lower:0.0678017305972:0.0467334669459;b_distal_inertia_combination:lower:0.194004781644:0.976464468065;d_mass_length_com_combination:lower:0.199236415607:0.588086512372;rho1_stiffness_rest_combination:upper:0.0291798940185:0.00668753909559;bv1_viscous_damping:upper:0.024475720251:0.0048951440502,1.308213710587035,1.5106060847078646,0.08710274062251377
cem_plus_smooth_local_refinement,28,20.480000000002047,10.240000000001023,False,bound_hit,11,11,580.8885360822316,0.022369904340335492,2.3170651716767767,0.7254087384073513,0.09934042046004002,0.16939379786400002,41.09944799586027,8.961174219571326,12.284962458828499,11.460513027697544,3.92699081698724,2.07552662586835,7.498488018044651,6.058321864551485,a_inertia_combination:lower;b_distal_inertia_combination:lower;d_mass_length_com_combination:lower;rho1_stiffness_rest_combination:upper,a_inertia_combination:lower:0.315048172351:0.217152176194;b_distal_inertia_combination:lower:0.187621037155:0.944333818431;d_mass_length_com_combination:lower:0.205790177541:0.607431264119,1.3048876145062882,1.5135167788137396,0.08716114344701957
cem_plus_smooth_local_refinement,29,20.980000000002658,10.490000000001329,False,bound_hit,11,11,535.3457127530958,0.023525428617823373,2.30856105579182,0.7254087384073516,0.09934042046004002,0.16939379786400013,40.3161319554973,9.093463808724213,12.036984367601912,11.44677510667485,3.2338223281878182,1.9377912617649842,7.307502479441262,6.0130551117686295,a_inertia_combination:lower;b_distal_inertia_combination:lower;d_mass_length_com_combination:lower,a_inertia_combination:lower:0.571361800333:0.393820593881;b_distal_inertia_combination:lower:0.189745561333:0.955026969156;d_mass_length_com_combination:lower:0.242624646172:0.716155636249,1.2028687395004847,1.426901990793892,0.08641047989924698
cem_plus_smooth_local_refinement,30,21.48000000000327,10.740000000001634,False,bound_hit,11,11,496.78245598636147,0.0339539312961589,2.30251316297907,0.7254087384073513,0.09934042046004002,0.16939379786400002,37.81824318343303,8.782131168335049,11.1546756579729,11.465319243246643,0.26542230091978614,2.245993431060974,6.541529859598805,5.855696710349766,a_inertia_combination:lower;b_distal_inertia_combination:lower;d_mass_length_com_combination:lower,a_inertia_combination:lower:1.3432679024:0.925869672698;b_distal_inertia_combination:lower:0.216106570238:1.08770714497;d_mass_length_com_combination:lower:0.405059928978:1.19561617393;rho1_stiffness_rest_combination:lower:1.93298033773:0.443006460935,0.9910445480775713,1.2354434284850921,0.09855849237146515
cem_plus_smooth_local_refinement,31,21.98000000000388,10.99000000000194,False,bound_hit,11,11,466.17538471646094,0.03542997474841392,2.294776880882686,0.7254087384073513,0.09934042046004002,0.16939379786400002,37.100524773076444,8.844914339186952,10.907971973228818,11.456637325940989,-0.4363323129984312,2.1805990463294425,6.283213114688353,5.855454761943102,a_inertia_combination:lower;b_distal_inertia_combination:lower;d_mass_length_com_combination:lower;rho1_stiffness_rest_combination:lower,a_inertia_combination:lower:1.4074665688:0.970119667903;b_distal_inertia_combination:lower:0.224604028569:1.13047653477;d_mass_length_com_combination:lower:0.485260993605:1.43234581113;rho1_stiffness_rest_combination:lower:2.92282953461:0.669863186276,1.0064144454557873,1.2467323963663133,0.1152350149049468
cem_plus_smooth_local_refinement,32,22.48000000000449,11.240000000002246,False,bound_hit,11,11,439.0997546187549,0.03536960372090798,2.2855162464862597,0.7254087384073513,0.09934042046004002,0.16939379786400002,36.97478927221811,8.979039655572077,10.872200111769542,11.442702680465176,-0.43633231004999484,2.0447651673403757,6.212346097578463,5.9046443538426825,a_inertia_combination:lower;b_distal_inertia_combination:lower;d_mass_length_com_combination:lower;rho1_stiffness_rest_combination:lower,a_inertia_combination:lower:1.27348857953:0.87777311749;b_distal_inertia_combination:lower:0.231610285442:1.16574041246;d_mass_length_com_combination:lower:0.522411065031:1.54200174864;rho1_stiffness_rest_combination:lower:2.82091220059:0.646505453884,1.0048440074453227,1.248595392615316,0.12725659649555937
cem_plus_smooth_local_refinement,33,22.980000000005102,11.490000000002551,False,bound_hit,11,11,417.5005068610258,0.03634956930684437,2.2766356176803266,0.7254087384073513,0.09934042046004002,0.16939379786400002,36.700224759577054,9.271435029113983,10.797626522946265,11.424514241569941,-0.43633231277558704,1.7534633676243792,6.020090057311251,6.009125470362942,a_inertia_combination:lower;b_distal_inertia_combination:lower;d_mass_length_com_combination:lower;rho1_stiffness_rest_combination:lower,a_inertia_combination:lower:1.24144672636:0.855687738946;b_distal_inertia_combination:lower:0.25487371832:1.28282987499;d_mass_length_com_combination:lower:0.587816014871:1.73505766528;rho1_stiffness_rest_combination:lower:3.38216370688:0.775134824107,1.0044649887689134,1.2547836196360829,0.14631034275175042
cem_plus_smooth_local_refinement,34,23.480000000005713,11.740000000002857,False,bound_hit,11,11,400.1480596408911,0.036901592455814224,2.2673473525994714,0.7254087384073513,0.09934042046004002,0.16939379786400002,36.55088016299239,9.430323557830736,10.759443809353966,11.423414400734517,-0.43633231299827824,1.5969250425436903,5.896070873118253,6.021937478157966,a_inertia_combination:lower;b_distal_inertia_combination:lower;d_mass_length_com_combination:lower;rho1_stiffness_rest_combination:lower,a_inertia_combination:lower:1.25635654375:0.865964577782;b_distal_inertia_combination:lower:0.269266174869:1.3552699577;d_mass_length_com_combination:lower:0.607290116092:1.79253940743;rho1_stiffness_rest_combination:lower:3.63323935012:0.832677122892,1.0046199098713395,1.2582456708206788,0.1648700104003013
cem_plus_smooth_local_refinement,35,23.980000000006324,11.990000000003162,False,bound_hit,11,11,387.0814244819537,0.0369202217142366,2.256890960049837,0.7254087384073513,0.09934042046004002,0.16939379786400002,36.5908610346113,9.386355526395654,10.77388485253022,11.438305761151183,-0.4363323129984594,1.6422898378498092,5.930461331888089,5.925765326691116,a_inertia_combination:lower;b_distal_inertia_combination:lower;d_mass_length_com_combination:lower;rho1_stiffness_rest_combination:lower,a_inertia_combination:lower:1.30328949697:0.898313893922;b_distal_inertia_combination:lower:0.255193276013:1.28443827211;d_mass_length_com_combination:lower:0.569854890326:1.68204177931;rho1_stiffness_rest_combination:lower:3.37737703432:0.774037799563,1.0010157569603326,1.2541780542188934,0.1756196210446761
cem_plus_smooth_local_refinement,36,24.480000000006935,12.240000000003468,False,bound_hit,11,11,378.65079792110606,0.03965124540719506,2.2442940670614258,0.7254087384073513,0.09934042046004002,0.16939379786400002,36.8683116902399,9.086173913061229,10.848830038906245,11.462790330693307,-0.43633231299856157,1.9413988480392634,6.266424906172277,5.762773236656411,a_inertia_combination:lower;b_distal_inertia_combination:lower;d_mass_length_com_combination:lower;rho1_stiffness_rest_combination:lower,a_inertia_combination:lower:1.72447909539:1.18862580782;b_distal_inertia_combination:lower:0.198412651815:0.998650151146;d_mass_length_com_combination:lower:0.341304806498:1.00743005589;rho1_stiffness_rest_combination:lower:2.39834233928:0.549659575473,1.0042161161564978,1.25004359478985,0.171121520381216
cem_plus_smooth_local_refinement,37,24.980000000007546,12.490000000003773,False,bound_hit,11,11,373.94236916346665,0.0418144062037974,2.231315509635688,0.7254087384073513,0.09934042046004002,0.16939379786400002,37.07641148415429,8.860114231086783,10.901627173407734,11.480869410002347,-0.43633231298190134,2.166166342361182,6.5737926359546,5.6336453728657565,a_inertia_combination:lower;b_distal_inertia_combination:lower;d_mass_length_com_combination:lower;rho1_stiffness_rest_combination:lower,a_inertia_combination:lower:2.38919524591:1.64679243537;b_distal_inertia_combination:lower:0.129218453322:0.650382053567;d_mass_length_com_combination:lower:0.0577360352656:0.170419566695;rho1_stiffness_rest_combination:lower:1.70794954838:0.391433202973,1.016606401405462,1.2550603964197469,0.16591387462460835
cem_plus_smooth_local_refinement,38,25.480000000008157,12.740000000004079,False,bound_hit,11,11,371.8833604620647,0.043324988412585114,2.218253565883857,0.7254087384073513,0.27115498608493127,0.16939379786400002,37.3219001482115,8.98229803364531,10.996334389332947,11.490595661361251,-0.04470374508657682,2.0444193051262305,6.867737532387334,5.509766506305784,a_inertia_combination:lower;d_mass_length_com_combination:lower,a_inertia_combination:lower:3.18410561757:2.1946975884;b_distal_inertia_combination:lower:0.0797586829308:0.401441238931;rho1_stiffness_rest_combination:lower:1.28464966601:0.294420016061,0.9549065675268052,1.097736798220158,0.16507616668013056
cem_plus_smooth_local_refinement,39,25.98000000000877,12.990000000004384,False,bound_hit,11,11,371.75702238538264,0.04438195573949343,2.2052464262787295,0.7254087384073513,0.29802126138012003,0.16939379786400002,37.48050063462286,9.06684650289844,11.056986961903672,11.49486627961534,0.21497081582236943,1.9600824076933838,7.077187389532572,5.450492215677363,a_inertia_combination:lower;b_distal_inertia_combination:lower;d_mass_length_com_combination:lower,a_inertia_combination:lower:3.88177433887:2.67557732169;b_distal_inertia_combination:lower:0.0458752384055:0.230899155616;rho1_stiffness_rest_combination:lower:1.04914702356:0.240446786156;bv1_viscous_damping:upper:0.0950870028855:0.0190174005771,1.0214042529771643,1.14148560117021,0.1610786329550189
cem_plus_smooth_local_refinement,40,26.48000000000938,13.24000000000469,False,bound_hit,11,11,372.96936253796076,0.04498077727521802,2.192524648733207,0.7254087384073553,0.2980212613801188,0.1693937978640006,37.583025925077486,9.116109296966773,11.094668149090833,11.497609862366563,0.37767509520082365,1.910832689661156,7.227643269011598,5.412637313761892,a_inertia_combination:lower;b_distal_inertia_combination:lower;d_mass_length_com_combination:lower,a_inertia_combination:lower:4.28359362691:2.952537928;b_distal_inertia_combination:lower:0.0300948006122:0.151473088562;rho1_stiffness_rest_combination:lower:0.977101860098:0.223935250952;bv1_viscous_damping:upper:0.213656665725:0.042731333145,1.0303351439636097,1.1513165193649844,0.15714908208890319
cem_plus_smooth_local_refinement,41,26.98000000000999,13.490000000004995,False,bound_hit,11,11,374.9445704738899,0.04520545438973814,2.1802646825162784,0.7254087384073554,0.2980212613801192,0.16939379786400569,37.65279047599908,9.149757614147669,11.120225243058801,11.499419883606876,0.488531505227896,1.8771752680879237,7.331202666438683,5.387195113053628,a_inertia_combination:lower;b_distal_inertia_combination:lower;d_mass_length_com_combination:lower,a_inertia_combination:lower:4.44716479132:3.06528206503;b_distal_inertia_combination:lower:0.0243815069387:0.122716950592;rho1_stiffness_rest_combination:lower:0.952210361089:0.218230539596;bv1_viscous_damping:upper:0.258727902263:0.0517455804526,1.0378595377390576,1.159299307577945,0.154058910032106
cem_plus_smooth_local_refinement,42,27.4800000000106,13.7400000000053,False,bound_hit,11,11,377.2603996205216,0.04523599315649858,2.1684513236111704,0.7254087384073536,0.29802126138011936,0.1693937978640206,37.70398882976014,9.174701794697382,11.139014392918433,11.50067392046668,0.5701427929523113,1.8522188450097061,7.407103232530936,5.369162776911926,a_inertia_combination:lower;b_distal_inertia_combination:lower;d_mass_length_com_combination:lower,a_inertia_combination:lower:4.54245900008:3.13096517838;b_distal_inertia_combination:lower:0.0213542018001:0.107479924593;rho1_stiffness_rest_combination:lower:0.936968037388:0.214737256324;bv1_viscous_damping:upper:0.285003362044:0.0570006724087,1.0440623916764433,1.1657713412304196,0.15144357149399237
cem_plus_smooth_local_refinement,43,27.980000000011213,13.990000000005606,False,bound_hit,11,11,379.7609027351462,0.045152118915177245,2.157057326558035,0.7254087384073513,0.29802126138012003,0.16939379786400002,37.743342828243684,9.194034851210542,11.153479235666875,11.501588361945986,0.6330387836025515,1.8328718209708623,7.465383204972702,5.355721790765643,a_inertia_combination:lower;b_distal_inertia_combination:lower;d_mass_length_com_combination:lower,a_inertia_combination:lower:4.60594773944:3.1747258446;b_distal_inertia_combination:lower:0.0194874000576:0.0980839419008;rho1_stiffness_rest_combination:lower:0.926470386888:0.21233137205;bv1_viscous_damping:upper:0.302499789845:0.0604999579689,1.0492164328448335,1.1710950970011997,0.1491403487727883
cem_plus_smooth_local_refinement,44,28.480000000011824,14.240000000005912,False,bound_hit,11,11,382.3738759729897,0.04499405136350348,2.1460621246567144,0.7254087384073513,0.29802126138012003,0.16939379786400002,37.780112228346105,9.21290264222951,11.168917307322179,11.502213825688694,0.6924956291325995,1.8140110892560857,7.499999999911262,5.345441295923702,a_inertia_combination:lower;b_distal_inertia_combination:lower;d_mass_length_com_combination:lower;bv1_viscous_damping:upper,a_inertia_combination:lower:4.65120900157:3.20592291994;b_distal_inertia_combination:lower:0.0182246098582:0.0917280688656;rho1_stiffness_rest_combination:lower:0.918790925321:0.210571369103;bv1_viscous_damping:upper:0.314980903817:0.0629961807634,1.0525006973785593,1.1746945138940539,0.1468887185901885
cem_plus_smooth_local_refinement,45,28.980000000012435,14.490000000006217,False,bound_hit,11,11,385.0598671016913,0.0447903044825926,2.135446793074962,0.7254087384073513,0.29802126138012003,0.16939379786400002,37.82436070831175,9.237228109429068,11.19151710762911,11.50252450351634,0.7654207584919197,1.789745501286057,7.499999999736572,5.337559765041634,a_inertia_combination:lower;b_distal_inertia_combination:lower;d_mass_length_com_combination:lower;bv1_viscous_damping:upper,a_inertia_combination:lower:4.68443274149:3.22882293352;b_distal_inertia_combination:lower:0.017337409811:0.0872626154121;rho1_stiffness_rest_combination:lower:0.91305031582:0.209255718318;bv1_viscous_damping:upper:0.324144067858:0.0648288135715,1.0529138499749275,1.1758485128720846,0.14440244846196024
cem_plus_smooth_local_refinement,46,29.480000000013046,14.740000000006523,False,bound_hit,11,11,387.7714755219956,0.044575740511411756,2.1251791886750575,0.7254087384073513,0.29802126138012003,0.16939379786400002,37.86355200863133,9.258968937766674,11.211541723022036,11.502755320388601,0.8302086816153085,1.768057939998825,7.499999999999994,5.330959401727143,a_inertia_combination:lower;b_distal_inertia_combination:lower;d_mass_length_com_combination:lower;bv1_viscous_damping:upper,a_inertia_combination:lower:4.72300817167:3.25541168834;b_distal_inertia_combination:lower:0.0161358780192:0.0812150680683;rho1_stiffness_rest_combination:lower:0.902504832881:0.206838871657;bv1_viscous_damping:upper:0.337294256597:0.0674588513193,1.0535426178899645,1.1771109519138452,0.1421319343153404
cem_plus_smooth_local_refinement,47,29.980000000013657,14.990000000006829,False,bound_hit,11,11,390.3297561366487,0.04459270494646148,2.1150636808822187,0.7254087384073513,0.29802126138012,0.16939379786404954,37.914280054504204,9.287320523440554,11.237378176333303,11.502878363999091,0.9142490070340656,1.7397609586443517,7.4999999999039115,5.323558251902508,a_inertia_combination:lower;b_distal_inertia_combination:lower;d_mass_length_com_combination:lower;bv1_viscous_damping:upper,a_inertia_combination:lower:4.67905939694:3.2251192667;b_distal_inertia_combination:lower:0.0161554414869:0.0813135348736;rho1_stiffness_rest_combination:lower:0.831452900565:0.190554968265;bv1_viscous_damping:upper:0.386685159761:0.0773370319521,1.054728837082286,1.1790857444129756,0.1394253870926794
cem_plus_smooth_local_refinement,48,30.480000000014268,15.240000000007134,False,bound_hit,11,11,392.7457530605285,0.04512053210196825,2.104933803686684,0.7254087384073515,0.29802126138012,0.16939379786400946,37.98077916571564,9.31802787881377,11.2704657096177,11.503141306427743,1.0177802591487144,1.7089456641096739,7.4999999999998455,5.311092771016652,a_inertia_combination:lower;b_distal_inertia_combination:lower;d_mass_length_com_combination:lower;bv1_viscous_damping:upper,a_inertia_combination:lower:4.32373849578:2.98020844446;b_distal_inertia_combination:lower:0.0253442055272:0.127562403148;rho1_stiffness_rest_combination:lower:0.714054689317:0.163649280157;bv1_viscous_damping:upper:0.482440501886:0.0964881003772,1.0566123338843423,1.1817974722839453,0.13595230942620054
cem_plus_smooth_local_refinement,49,30.98000000001488,15.49000000000744,False,bound_hit,11,11,394.9660176274607,0.04550296270949321,2.0951509017005066,0.7254087384073513,0.29802126138012,0.16939379786400469,38.029349109718055,9.32025566382506,11.292733563898212,11.504208858087878,1.0728363099331821,1.7060133233433614,7.4999999999999964,5.287683582567583,a_inertia_combination:lower;b_distal_inertia_combination:lower;d_mass_length_com_combination:lower;bv1_viscous_damping:upper,a_inertia_combination:lower:3.98971489886:2.74997714228;b_distal_inertia_combination:lower:0.0573972734528:0.288891838725;rho1_stiffness_rest_combination:lower:0.697514866461:0.159858631983;bv1_viscous_damping:upper:0.595609164673:0.119121832935,1.057378430292909,1.1826980627760286,0.13279791528681661
cem_plus_smooth_local_refinement,50,31.48000000001549,15.740000000007745,False,bound_hit,11,11,396.68983459630533,0.04650720571534393,2.085518563206032,0.7254087384073531,0.29802126138011764,0.1693937978641066,38.065421778717834,9.269658537176856,11.303811277454743,11.506325312515564,1.0603892992546324,1.7549755652525092,7.499999999999997,5.25202418250735,a_inertia_combination:lower;b_distal_inertia_combination:lower;d_mass_length_com_combination:lower;bv1_viscous_damping:upper,a_inertia_combination:lower:3.64138825621:2.50988722868;b_distal_inertia_combination:lower:0.10167092857:0.511729908626;rho1_stiffness_rest_combination:lower:0.835907784457:0.191575952446;bv1_viscous_damping:upper:0.762479814341:0.152495962868,1.0557944740112961,1.1800642174289895,0.12953434355612226
cem_plus_smooth_local_refinement,51,31.9800000000161,15.99000000000805,False,bound_hit,11,11,397.23213855134867,0.051008434540203706,2.0752902411980023,0.7254087384073581,0.2980212613801171,0.16939379786405453,38.08455268531795,9.075861362311539,11.290181535863068,11.510589454571967,0.8826794151283002,1.9460860362545507,7.5,5.217182450432628,a_inertia_combination:lower;b_distal_inertia_combination:lower;d_mass_length_com_combination:lower;bv1_viscous_damping:upper,a_inertia_combination:lower:3.2557591172:2.24408595101;b_distal_inertia_combination:lower:0.183725526027:0.924726939833;rho1_stiffness_rest_combination:lower:1.35260970837:0.309995310472;bv1_viscous_damping:upper:1.11027647357:0.222055294714,1.0503024830938545,1.170053662879105,0.12492956020837571
