solver,filter,case,condition,target_reached,final_theta_deg,T_reach,done_reason,runtime_s,max_abs_F_rad,max_abs_delta_r,max_abs_omega,max_abs_alpha_step,max_abs_F_tan,feasible_mpc_decisions,total_mpc_decisions,feasible_mpc_decision_ratio,mean_feasible_count,omega_violation_count,alpha_violation_count,max_omega_violation_severity,max_alpha_violation_severity,rms_raw_theta,rms_raw_omega,rms_raw_r,rms_raw_r_dot,rms_filt_theta,rms_filt_omega,rms_filt_r,rms_filt_r_dot,rms_reduction_theta,rms_reduction_omega,rms_reduction_r,rms_reduction_r_dot,rms_reduction_ratio_theta,rms_reduction_ratio_omega,rms_reduction_ratio_r,rms_reduction_ratio_r_dot,mean_innovation_norm,max_covariance_trace,ukf_failure_count,final_bias_theta_hat,final_bias_omega_hat,final_bias_r_hat,final_bias_r_dot_hat,rms_bias_error_theta,rms_bias_error_omega,rms_bias_error_r,rms_bias_error_r_dot,final_m_hat,final_k_hat,final_b_r_hat,mean_m_hat,mean_k_hat,mean_b_r_hat,std_m_hat,std_k_hat,std_b_r_hat,total_parameter_update_count,mean_parameter_step_norm,max_parameter_step_norm,bound_hit_count,mean_nls_residual,mean_prediction_error
cem,ukf,case_A_current_adaptive,clean,True,90.07009787395816,2.0400000000000005,target_reached,31.764706957968883,0.8111184269046335,0.011669650331210424,1.5965253584307277,11.071127432207373,8.066948274170816,0,68,0.0,0.0,16,76,0.3965253584307278,8.071127432207373,0.0,0.0,0.0,0.0,1.295269657589649e-07,2.5836311186638035e-07,9.565855654689642e-08,1.3395936497112704e-07,-1.295269657589649e-07,-2.5836311186638035e-07,-9.565855654689642e-08,-1.3395936497112704e-07,nan,nan,nan,nan,0.0058015270473432655,0.07100000000000001,0,nan,nan,nan,nan,nan,nan,nan,nan,1.2000039888381289,450.0690928205778,17.297781182835216,1.1879594732183942,443.86132258316843,16.113304382219127,0.053888176278543934,23.686301749762265,1.465693721630326,20,0.5267474028783555,43.89790932609372,0,0.005892804967426535,0.005892804967426535
cem,ukf,case_A_current_adaptive,noise,True,90.0807949720804,4.809999999999942,target_reached,75.99952900002245,0.835940473245887,0.012114124115475688,1.6056666885130941,10.719480876047216,8.40124219802604,76,161,0.4720496894409938,0.4720496894409938,19,94,0.4056666885130942,7.719480876047216,0.0037840405482381942,0.034909007374637833,0.0008603443432696376,0.004165421833342865,0.0015305467879185544,0.02489627360868924,0.0009270504165577414,0.0033841935665572653,0.00225349376031964,0.010012733765948592,-6.670607328810381e-05,0.0007812282667855998,0.5955257961939231,0.2868237890150685,-0.07753415688722404,0.18755081671011523,0.03697125609899814,0.07100000000000001,0,nan,nan,nan,nan,nan,nan,nan,nan,1.1398737608305947,413.83142610691056,43.20498920845349,1.160626262234037,381.82152820546077,29.855805973106822,0.058012135120435224,30.383447355233372,8.615613516889937,48,0.6691872205661843,42.64812408880569,0,0.022765551364637437,0.022765551364637437
cem,ukf,case_A_current_adaptive,noise_bias,False,87.1992233147771,nan,max_time,126.50571258296259,0.7448238601850162,0.011891865875171936,1.5903331640142624,10.480888108762532,8.100711979433903,100,267,0.37453183520599254,0.37453183520599254,19,96,0.39033316401426243,7.480888108762532,0.010789272306931162,0.03880142536204565,0.0016851007811867955,0.004452720955175783,0.009692211505434627,0.029215853389202455,0.0013903103254425454,0.0033610770614370925,0.0010970608014965345,0.009585571972843196,0.00029479045574425013,0.001091643893738691,0.10168070378497807,0.24704174868327144,0.17493936210547176,0.24516332928291376,0.03474620124149233,0.07100000000000001,0,nan,nan,nan,nan,nan,nan,nan,nan,1.378687722465736,614.716350396643,44.99999999999999,1.317565377779548,564.5066419679217,38.31262680889628,0.09030154236834373,69.64384154404196,8.694036400411811,80,0.6291347892736487,39.212522148199064,352,0.021360487249879333,0.021360487249879333
cem,ukf,case_B_mpc_only_raw_identifier,clean,True,90.0700978722559,2.0400000000000005,target_reached,31.61929466703441,0.8111184282301429,0.01166965033047851,1.5965253580260927,11.07112743225791,8.066948274318207,0,68,0.0,0.0,16,76,0.3965253580260928,8.07112743225791,0.0,0.0,0.0,0.0,1.2952694078430162e-07,2.583630653012718e-07,9.5642203809483e-08,1.339298049235193e-07,-1.2952694078430162e-07,-2.583630653012718e-07,-9.5642203809483e-08,-1.339298049235193e-07,nan,nan,nan,nan,0.005800887326017616,0.07100000000000001,0,nan,nan,nan,nan,nan,nan,nan,nan,1.2000039619676597,450.0687140759926,17.300066453679825,1.187959855626512,443.86358995566616,16.116317623681045,0.05388826401108984,23.68398351824536,1.4662940631124848,20,0.5267846869545829,43.91931521456712,0,0.005892484740684157,0.005892484740684157
cem,ukf,case_B_mpc_only_raw_identifier,noise,True,90.03527790732419,1.7400000000000013,target_reached,27.242281292099506,0.8349506869391383,0.011534135919432753,1.6020592343251865,10.279542488303983,8.342461395017388,0,58,0.0,0.0,27,90,0.40205923432518653,7.279542488303983,0.004034321895396729,0.03515911842561081,0.000835050726649524,0.003925210546011272,0.0017044908031540235,0.027506041262122288,0.0006245006453565226,0.002872376494241861,0.0023298310922427058,0.007653077163488519,0.0002105500812930014,0.0010528340517694111,0.5775025277237065,0.21766976836125165,0.2521404683255495,0.2682235868440948,0.04320395171579057,0.07100000000000001,0,nan,nan,nan,nan,nan,nan,nan,nan,1.2071013899391518,432.5860210133552,44.99999999999999,1.1890900715702206,379.4545180990282,36.11255153957187,0.05916560476169239,41.2885085215217,11.029137134441935,17,1.1228057088568884,41.0275357754548,65,0.04761935499430046,0.04761935499430046
cem,ukf,case_B_mpc_only_raw_identifier,noise_bias,True,90.70259028507414,3.139999999999977,target_reached,48.0154765000334,0.7312159424147884,0.012215459041727939,1.7564591917616648,56.0752965698811,9.671079665734661,5,105,0.047619047619047616,0.047619047619047616,19,151,0.5564591917616648,53.0752965698811,0.010582195131231683,0.03630536901497993,0.00169833011368103,0.004637979779303154,0.009495650584614658,0.028021294999775577,0.001429978546793042,0.003742843131145,0.0010865445466170243,0.008284074015204354,0.00026835156688798795,0.0008951366481581538,0.10267666898432624,0.22817765636223855,0.1580090729866126,0.19300141241509383,0.03614962188023616,0.07100000000000001,0,nan,nan,nan,nan,nan,nan,nan,nan,1.1815621345309992,513.3230408906061,44.99999999999999,1.2001058263819298,487.93772479034925,42.079509186773755,0.05092241190219582,129.12069223568287,8.214829761484566,31,2.7263928838899107,154.58457045058782,295,0.04110651345141356,0.04110651345141356
cem,ukf,case_C_frozen_identifier,clean,False,10.682192070674324,nan,max_time,114.82434212509543,0.5524584392350813,0.0029780205765270185,0.7245904085771832,18.422881991441056,8.981558194514971,0,267,0.0,0.0,0,436,0.0,15.422881991441056,0.0,0.0,0.0,0.0,6.226620762445051e-07,1.2417649951073753e-06,3.3483149866348903e-07,4.381263038742966e-07,-6.226620762445051e-07,-1.2417649951073753e-06,-3.3483149866348903e-07,-4.381263038742966e-07,nan,nan,nan,nan,0.11234642413448474,0.07100000000000001,0,nan,nan,nan,nan,nan,nan,nan,nan,0.95,360.0,12.0,0.9499999999999998,360.0,12.0,1.1102230246251565e-16,0.0,0.0,0,0.0,0.0,0,nan,nan
cem,ukf,case_C_frozen_identifier,noise,False,10.030316167357505,nan,max_time,114.6563793340465,0.5494657459213745,0.0027250865625029763,0.7046293177414036,17.466840647727338,8.973444655725796,0,267,0.0,0.0,0,449,0.0,14.466840647727338,0.003786582531625592,0.03492439381243314,0.0008477429548271578,0.004090023556542077,0.002100891998521455,0.07138845770952665,0.0006828287866782713,0.0035653797473773874,0.0016856905331041373,-0.03646406389709351,0.00016491416814888658,0.0005246438091646897,0.4451746446895652,-1.0440858069843504,0.19453322166801154,0.128274031166767,0.1763377750175828,0.07100000000000001,0,nan,nan,nan,nan,nan,nan,nan,nan,0.95,360.0,12.0,0.9499999999999998,360.0,12.0,1.1102230246251565e-16,0.0,0.0,0,0.0,0.0,0,nan,nan
cem,ukf,case_C_frozen_identifier,noise_bias,False,9.248452817457856,nan,max_time,114.49389195907861,0.6057608362871029,0.0025985952599869022,0.5915479691463628,18.116054382707638,9.387211468370705,0,267,0.0,0.0,0,455,0.0,15.116054382707638,0.010789272306931158,0.03880142536204565,0.0016851007811867955,0.004452720955175783,0.010961394776426847,0.05481601448645765,0.00044786443057506195,0.0035994867378972306,-0.0001721224694956891,-0.016014589124411997,0.0012372363506117335,0.0008532342172785528,-0.01595311199858359,-0.41273198020392754,0.7342209821660419,0.19162085966486733,0.17902275877964596,0.07100000000000001,0,nan,nan,nan,nan,nan,nan,nan,nan,0.95,360.0,12.0,0.9499999999999998,360.0,12.0,1.1102230246251565e-16,0.0,0.0,0,0.0,0.0,0,nan,nan
cem,ukf,case_D_frozen_estimator_model,clean,True,90.06998925338246,2.0400000000000005,target_reached,31.61759620893281,0.8111117460380319,0.011669681311009927,1.5965232587579499,11.071129626246334,8.066943281172504,0,68,0.0,0.0,16,76,0.3965232587579499,8.071129626246334,0.0,0.0,0.0,0.0,4.233290504856408e-07,8.449127385314756e-07,2.6731172210057656e-07,3.9380081052636106e-07,-4.233290504856408e-07,-8.449127385314756e-07,-2.6731172210057656e-07,-3.9380081052636106e-07,nan,nan,nan,nan,0.06547414139633934,0.07100000000000001,0,nan,nan,nan,nan,nan,nan,nan,nan,1.2000046285456387,450.0822413441489,17.292546261385805,1.1879593186649182,443.85760842428755,16.11057487642575,0.05388814013291759,23.68401535369284,1.463856143628643,20,0.5263219322039558,43.87619269275484,0,0.0058919250569573105,0.0058919250569573105
cem,ukf,case_D_frozen_estimator_model,noise,True,90.08379170803032,4.939999999999939,target_reached,77.85277574998327,0.9974488945124511,0.012004320870439567,1.5294904370481142,74.64191681986942,11.282663413727079,75,165,0.45454545454545453,0.45454545454545453,17,94,0.3294904370481142,71.64191681986942,0.003805690320687764,0.034735392157488526,0.0008541461755340016,0.004179131270598547,0.001542757763642373,0.039475379547894186,0.0004248458678222281,0.0034311929353754247,0.002262932557045391,-0.00473998739040566,0.00042930030771177346,0.0007479383352231223,0.594618155014892,-0.13645987841204715,0.5026075395623942,0.1789698113780476,0.0727623001144693,0.07100000000000001,0,nan,nan,nan,nan,nan,nan,nan,nan,1.138124533296161,440.31474746039123,41.684469266581395,1.1557138432004657,423.92953669535046,30.839049204455247,0.05122525300708317,38.46407744585211,7.8677629472644295,49,0.749221555070644,42.64812408880569,0,0.023172509467002514,0.023172509467002514
cem,ukf,case_D_frozen_estimator_model,noise_bias,False,87.13183344136034,nan,max_time,126.63274141692091,0.7679896366495218,0.011837533934028643,1.534178968540033,10.480888108762532,8.100711979433903,46,267,0.17228464419475656,0.17228464419475656,19,84,0.33417896854003315,7.480888108762532,0.01078927230693116,0.03880142536204565,0.0016851007811867957,0.004452720955175783,0.009581241776868301,0.03166481844635665,0.0006782663097704572,0.0032887180142580586,0.0012080305300628588,0.0071366069156890005,0.0010068344714163385,0.0011640029409177247,0.1119658949831867,0.18392641118462127,0.5974921397325788,0.26141385293069025,0.059454131383079714,0.07100000000000001,0,nan,nan,nan,nan,nan,nan,nan,nan,1.2657779131189506,509.6024139504401,44.99999999999999,1.296570268979421,513.6406497366062,36.36783327631399,0.0757137570791478,53.80339335948092,8.829156142436283,80,0.6068845043560259,23.832131886855315,232,0.021407980443317355,0.021407980443317355
cem,ukf,case_E_oracle_identifier,clean,True,90.0700978722559,2.0400000000000005,target_reached,31.769913917058147,0.8111184282301429,0.01166965033047851,1.5965253580260927,11.07112743225791,8.066948274318207,0,68,0.0,0.0,16,76,0.3965253580260928,8.07112743225791,0.0,0.0,0.0,0.0,1.2952694078430162e-07,2.583630653012718e-07,9.5642203809483e-08,1.339298049235193e-07,-1.2952694078430162e-07,-2.583630653012718e-07,-9.5642203809483e-08,-1.339298049235193e-07,nan,nan,nan,nan,0.005800887326017616,0.07100000000000001,0,nan,nan,nan,nan,nan,nan,nan,nan,1.2000039619676597,450.0687140759926,17.300066453679825,1.187959855626512,443.86358995566616,16.116317623681045,0.05388826401108984,23.68398351824536,1.4662940631124848,20,0.5267846869545829,43.91931521456712,0,0.005892484740684157,0.005892484740684157
cem,ukf,case_E_oracle_identifier,noise,True,90.04537705631785,2.1399999999999983,target_reached,33.57553083298262,0.8095747899015237,0.011683796749895559,1.587254129707689,10.41335452753882,8.335034288349544,1,72,0.013888888888888888,0.013888888888888888,20,86,0.387254129707689,7.41335452753882,0.003984371544865668,0.035349649035827053,0.0008083007769779897,0.003963485591244203,0.0016763793198124129,0.026690550626583303,0.000253116458733824,0.0030037405940174164,0.0023079922250532547,0.00865909840924375,0.0005551843182441657,0.0009597449972267866,0.5792612960574358,0.24495571088888915,0.6868536243647376,0.24214671029635482,0.04161639877122536,0.07100000000000001,0,nan,nan,nan,nan,nan,nan,nan,nan,1.2000037766772733,450.0633674069164,17.40636708759638,1.18851973723055,444.1146307397697,16.23895789194871,0.052681145282648494,23.179385728975145,1.49501973715316,21,0.5051240798917432,43.963743847032944,0,0.005728758651585126,0.005728758651585126
cem,ukf,case_E_oracle_identifier,noise_bias,False,86.92906767491563,nan,max_time,125.01319966604933,0.7687677576138516,0.011737333937771488,1.6057421921871877,11.015768070018572,8.469006277060586,188,267,0.704119850187266,0.704119850187266,23,82,0.40574219218718777,8.015768070018572,0.01078927230693116,0.03880142536204565,0.0016851007811867957,0.004452720955175783,0.009655208688314957,0.028379424693266826,0.0003979593619617118,0.0030886360532999726,0.0011340636186162028,0.010422000668778825,0.0012871414192250838,0.0013640849018758108,0.10511029718729654,0.2685983973922077,0.7638364622432647,0.3063486159603639,0.03553574793477702,0.07100000000000001,0,nan,nan,nan,nan,nan,nan,nan,nan,1.2000022723085348,449.99858251768995,17.3984091634164,1.1969232176348334,448.27808940897773,17.03428013421257,0.027746672072503704,12.76780726344404,0.9867414680162404,80,0.13930703481154538,40.5743843756694,0,0.0014261218318270554,0.0014261218318270554
cem,ukf_bias,case_A_current_adaptive,clean,True,90.14631852620893,2.06,target_reached,32.37365779199172,0.901936195275346,0.011336196866756854,1.6265414427484994,9.437799872804876,7.953188824150843,0,69,0.0,0.0,17,84,0.4265414427484995,6.4377998728048755,0.0,0.0,0.0,0.0,0.014207406232261228,0.009393297832139972,0.002464035579896003,0.0006573687609728409,-0.014207406232261228,-0.009393297832139972,-0.002464035579896003,-0.0006573687609728409,nan,nan,nan,nan,0.00725256292397194,0.0732,0,0.0047636998280648915,-0.005813205998756897,0.003163700896158644,0.0005330747548645065,0.014207526849567916,0.009393256299063457,0.002463928876275999,0.0006572598628036766,1.1727951997845183,342.00379700893745,10.272118103203592,1.173793573034318,332.08580268253144,10.287019520972684,0.05095604822094858,19.805160895715257,0.728083326192903,20,0.6789483013820728,58.776089433099955,0,0.007264971106065542,0.007264971106065542
cem,ukf_bias,case_A_current_adaptive,noise,True,90.21661702349557,1.8000000000000014,target_reached,28.278840458020568,0.9510645018644888,0.011180485887213543,1.6432304871765282,10.694412413161114,7.839009270319567,0,60,0.0,0.0,16,66,0.44323048717652824,7.694412413161114,0.003980517239932036,0.03531414186367552,0.0008326801151392483,0.003923154638108249,0.013155256682231992,0.031172480681154014,0.004258899897734707,0.00655410866021021,-0.009174739442299955,0.004141661182521506,-0.0034262197825954584,-0.0026309540221019605,-2.304911369371837,0.11728052740201682,-4.114689086843986,-0.6706220541361607,0.04327613675699076,0.0732,0,0.002748950252827605,-0.009115738193980628,0.005614706013468623,0.004871189356496441,0.013307760620878881,0.013390100206325984,0.0035870786336046523,0.004672445679741144,1.1863219518892882,280.1001962796519,24.330992929688875,1.180460556761017,275.07236943377217,20.04447317272636,0.05600425969841286,23.768027231264295,3.206776104261436,18,0.903434517337165,79.87121437949824,0,0.02694563969285902,0.02694563969285902
cem,ukf_bias,case_A_current_adaptive,noise_bias,True,90.01365991496137,2.1899999999999973,target_reached,34.567340667010285,0.9735819568672014,0.011203126888190473,1.649583390267675,10.789745762859031,8.23122992641531,0,73,0.0,0.0,22,90,0.44958339026767513,7.789745762859031,0.010550832161913371,0.03695315186726175,0.0016717146098193744,0.004644999447227194,0.007270342073692134,0.025704377134933364,0.003589511432085136,0.004664360880681004,0.0032804900882212372,0.011248774732328388,-0.0019177968222657616,-1.936143345381003e-05,0.3109224028852647,0.3044063676282542,-1.1472034825806636,-0.004168231594810571,0.038332463325926824,0.0732,0,0.011989446299183595,-0.016075376580634494,0.006098522014448462,0.00527653700074089,0.006950662664852089,0.004477985507519478,0.0032301927894901523,0.003150600775265632,1.191593287737174,306.6073683083946,26.937248309490382,1.180828102144255,301.4625813779523,21.199190310554943,0.050708614800307056,15.462907744628344,4.144798877683865,21,0.5470921618379359,57.656916696841776,0,0.023846076125011773,0.023846076125011773
cem,ukf_bias,case_B_mpc_only_raw_identifier,clean,True,90.03351590126884,1.9700000000000015,target_reached,31.095401124912314,0.7973987614835265,0.011653947104526607,1.631137485927897,10.992784390993027,7.979842810936653,0,66,0.0,0.0,20,81,0.43113748592789713,7.992784390993027,0.0,0.0,0.0,0.0,0.010471712305993511,0.008312888596178368,0.0002207436307541499,0.00017707503943606672,-0.010471712305993511,-0.008312888596178368,-0.0002207436307541499,-0.00017707503943606672,nan,nan,nan,nan,0.00721183438645988,0.0732,0,0.0006775396206079094,-0.004992871164750751,-6.907960027822238e-06,6.790056380118733e-05,0.010471818639370998,0.008312847537588059,0.00022081119376336626,0.00017714358733470265,1.200001739134138,450.0796993334891,17.368887898284335,1.1875344338216858,443.5623918745458,16.133088552186493,0.05478421867641463,24.20215235587654,1.5172712559664643,19,0.5478330975492137,44.73408309259367,0,0.006153521974190489,0.006153521974190489
cem,ukf_bias,case_B_mpc_only_raw_identifier,noise,True,91.76102729903559,1.270000000000001,target_reached,19.83325079199858,0.7597874056448617,0.010562388521125565,5.245219934789763,60.144569598353904,11.737096060115233,0,43,0.0,0.0,33,55,4.045219934789762,57.144569598353904,0.004203210557179441,0.03560705446333575,0.0008576132174678408,0.0037136467858769695,0.011131009301976804,0.03360407112380439,0.0010309216183790478,0.0031671526052422525,-0.0069277987447973624,0.002002983339531361,-0.00017330840091120696,0.000546494180634717,-1.6482159650470265,0.0562524300232083,-0.20208224101642389,0.1471583626943303,0.04565003292331927,0.0732,0,0.002214233071932089,-0.011498944742478673,0.0012744440419675252,0.0015634954842822352,0.011307192959843566,0.013632057818131697,0.0007100571852719974,0.0005646281243299805,1.1964305164492393,415.5318667572191,44.99999999999999,1.1825008200751725,363.2007174007905,32.986735648298804,0.06794216337349143,33.814223865021354,11.325090290573174,12,1.310466866046555,41.06280077640689,28,0.048242251082193155,0.048242251082193155
cem,ukf_bias,case_B_mpc_only_raw_identifier,noise_bias,True,90.06928949499054,0.9700000000000006,target_reached,14.635931917000562,0.706918829195342,0.011356922144379611,3.4028868863290707,40.14856720370115,11.396436587493723,0,33,0.0,0.0,69,76,2.202886886329071,37.14856720370115,0.010499348435328817,0.033523797763053566,0.0016339103971965926,0.005004434320812674,0.010548079906673382,0.029132109605806554,0.0013378120784708644,0.005759754380262219,-4.873147134456558e-05,0.004391688157247012,0.00029609831872572817,-0.0007553200594495454,-0.0046413805242038735,0.1310021074666866,0.1812206588768659,-0.15093015734231646,0.041713999170719315,0.0732,0,0.017165495329441637,-0.014800906522462621,-2.8803171241974006e-05,0.010045836364599712,0.010176222418854537,0.006398231831682369,0.0009702095849194621,0.005724325324423636,1.2078503375948966,496.316837374334,44.99999999999779,1.184734415579454,330.5491773763216,35.58594274240786,0.07929079441140136,136.45452162527013,12.510193776738536,9,5.788992431243855,160.81096110592742,78,0.04177052534737278,0.04177052534737278
cem,ukf_bias,case_C_frozen_identifier,clean,True,90.3604492637077,2.1899999999999973,target_reached,32.72318316693418,0.5926528652562535,0.010562482002179019,2.153557331295456,9.38217345474308,7.896309063371412,0,73,0.0,0.0,46,95,0.9535573312954562,6.38217345474308,0.0,0.0,0.0,0.0,0.23432552823376387,0.0678085303125418,0.0022241932720495545,0.004106005617213741,-0.23432552823376387,-0.0678085303125418,-0.0022241932720495545,-0.004106005617213741,nan,nan,nan,nan,0.08095879888084147,0.0732,0,0.1494807813262634,-0.07141073697213979,-0.0008145197945271674,-0.004203320874197469,0.23432643769754286,0.06780797339835606,0.0022237040673825,0.0041058946619570505,0.95,360.0,12.0,0.9499999999999998,360.0,12.0,1.1102230246251565e-16,0.0,0.0,0,0.0,0.0,0,nan,nan
cem,ukf_bias,case_C_frozen_identifier,noise,True,90.85002585826187,2.289999999999995,target_reached,34.06595025002025,0.6601351097531863,0.01085595587849797,1.9716756007678595,9.394277371337534,7.650549783985473,0,77,0.0,0.0,51,95,0.7716756007678596,6.394277371337534,0.00396199672925847,0.03473008705070585,0.0008308220575170249,0.004052612100997585,0.2332635918252262,0.11252774665165195,0.0022495798896499963,0.007208587860528127,-0.22930159509596773,-0.0777976596009461,-0.0014187578321329713,-0.003155975759530542,-57.87526107798781,-2.24006520592251,-1.707655471224533,-0.7787510082086739,0.1308483292185565,0.0732,0,0.14402394965878823,-0.07478960616529236,-0.0010126337804407162,-0.006474034160863662,0.23580414943563247,0.07297509399042046,0.002316747865777864,0.005873872968451667,0.95,360.0,12.0,0.9499999999999998,360.0,12.0,1.1102230246251565e-16,0.0,0.0,0,0.0,0.0,0,nan,nan
cem,ukf_bias,case_C_frozen_identifier,noise_bias,True,91.14489016717123,2.769999999999985,target_reached,40.97054725000635,0.6326997412652791,0.010953657786944404,2.0147606614466764,10.789745762859031,8.149502638363229,0,93,0.0,0.0,42,120,0.8147606614466765,7.789745762859031,0.010533395987526277,0.03685126309929004,0.0016952580972063663,0.004729135743202127,0.2471939464948678,0.10883089611063089,0.0024788877956082997,0.007239940540559033,-0.23666055050734153,-0.07197963301134086,-0.0007836296984019334,-0.0025108047973569055,-22.467640140710238,-1.9532473776381247,-0.4622480197518508,-0.5309225477331772,0.12476545484045774,0.0732,0,0.16392571351974003,-0.08628222052703399,0.0006924019478709008,-0.0029125579937107696,0.24932707267159251,0.06484769356972417,0.002407626965335379,0.005414256447618449,0.95,360.0,12.0,0.9500000000000001,360.0,12.0,1.1102230246251565e-16,0.0,0.0,0,0.0,0.0,0,nan,nan
cem,ukf_bias,case_D_frozen_estimator_model,clean,True,91.16369317958363,0.9000000000000006,target_reached,14.201582124922425,0.5555889827965665,0.009813527681284129,2.956829530890148,10.452199512086379,8.127429243074939,0,30,0.0,0.0,65,62,1.7568295308901483,7.452199512086379,0.0,0.0,0.0,0.0,0.18907853980833975,0.034954783136176816,0.0013652799195145115,0.01082962284133878,-0.18907853980833975,-0.034954783136176816,-0.0013652799195145115,-0.01082962284133878,nan,nan,nan,nan,0.07740286579569705,0.0732,0,0.13954845692405426,-0.0351586068231636,-0.0004129725887761572,-0.012055204385821295,0.18907901046271028,0.034954383899380666,0.0013641948247720382,0.010829596956334892,1.0729362443355908,400.18125752423117,11.75538983922393,1.1403307433096714,314.8489734262975,11.508881497671966,0.07423218437405539,43.61239973538307,0.26372772940076994,9,2.697801503808699,58.776089433099955,0,0.05059278835217107,0.05059278835217107
cem,ukf_bias,case_D_frozen_estimator_model,noise,True,90.66791662827276,0.9400000000000006,target_reached,15.002429125015624,0.5464966587932628,0.010036835227639207,2.830032482502761,11.32903395353031,8.259246448110886,0,32,0.0,0.0,65,58,1.630032482502761,8.32903395353031,0.004174443606743528,0.03626259802689445,0.0008672450971168863,0.0038420011447551014,0.19267906606690915,0.07933352989960141,0.0015524413278163042,0.011872652543891705,-0.18850462246016564,-0.043070931872706955,-0.0006851962306994179,-0.008030651399136604,-45.156825727780664,-1.1877508567026291,-0.7900837179446953,-2.090226185929077,0.12579513575496523,0.0732,0,0.14628878463044642,-0.040465164512096634,-0.0007501276965965404,-0.012633524993464092,0.19407369684629855,0.04037234359038119,0.0015209274854649372,0.011495014358792245,1.07768638758401,405.7994228305513,24.14303067918031,1.1374094240959258,318.9918818609965,18.566211483396376,0.07241013079696075,52.11779468011703,3.894411356662962,9,2.772013482513391,79.87121437949824,0,0.05613688162062232,0.05613688162062232
cem,ukf_bias,case_D_frozen_estimator_model,noise_bias,True,91.14185341590976,0.9300000000000006,target_reached,14.511205332935788,0.5708950348966204,0.009665212096002518,3.07143532399448,10.789745762859031,8.270384727040412,0,31,0.0,0.0,67,61,1.8714353239944799,7.789745762859031,0.010436882794279817,0.033663843137176616,0.0016382545750308626,0.005004410951854577,0.18222896594073665,0.07430297479986418,0.0014300426442522974,0.01249037019702601,-0.17179208314645683,-0.040639131662687566,0.00020821193077856515,-0.007485959245171434,-16.46009508132175,-1.2072041655222603,0.12709375816920437,-1.4958722049789344,0.13094971972020378,0.0732,0,0.1591008313108661,-0.045848409359201495,0.0008516062712112996,-0.01134453933385707,0.18331852610048094,0.026255600478715793,0.0013194185419131658,0.011570744789688663,1.0903489905594745,412.441540755362,25.51270484567853,1.1380808469115251,322.7240967770673,18.260148133476314,0.07002890766885336,46.45307706724471,4.16102724272581,9,2.6183368990194986,57.656916696841776,0,0.049745918283181915,0.049745918283181915
cem,ukf_bias,case_E_oracle_identifier,clean,True,90.03351590126884,1.9700000000000015,target_reached,31.031828915933147,0.7973987614835265,0.011653947104526607,1.631137485927897,10.992784390993027,7.979842810936653,0,66,0.0,0.0,20,81,0.43113748592789713,7.992784390993027,0.0,0.0,0.0,0.0,0.010471712305993511,0.008312888596178368,0.0002207436307541499,0.00017707503943606672,-0.010471712305993511,-0.008312888596178368,-0.0002207436307541499,-0.00017707503943606672,nan,nan,nan,nan,0.00721183438645988,0.0732,0,0.0006775396206079094,-0.004992871164750751,-6.907960027822238e-06,6.790056380118733e-05,0.010471818639370998,0.008312847537588059,0.00022081119376336626,0.00017714358733470265,1.200001739134138,450.0796993334891,17.368887898284335,1.1875344338216858,443.5623918745458,16.133088552186493,0.05478421867641463,24.20215235587654,1.5172712559664643,19,0.5478330975492137,44.73408309259367,0,0.006153521974190489,0.006153521974190489
cem,ukf_bias,case_E_oracle_identifier,noise,True,90.04010476708984,2.099999999999999,target_reached,32.86241116700694,0.8026750235166509,0.01166116427119085,1.6315320496630057,10.929789125953493,7.952166526551755,0,70,0.0,0.0,20,82,0.43153204966300573,7.9297891259534925,0.003961790332595263,0.035093489332234606,0.0008111725022837994,0.00398654162815126,0.010690930299264998,0.02945456614006046,0.0002809327549818414,0.003029357523554332,-0.006729139966669735,0.005638923192174145,0.000530239747301958,0.0009571841045969277,-1.6985098659326718,0.16068288732390584,0.653670761532356,0.24010387796723381,0.041782803565173124,0.0732,0,0.0012077492719741183,-0.008418743652576147,-0.0001674422488179665,-0.0004998876110146606,0.010807704749591996,0.012282237882046243,0.0003103232309743095,0.0004196307284074081,1.2000024242270804,450.0428377640735,17.343757259197684,1.1883069967033024,444.09762431908416,16.183761951488403,0.053155275991847384,23.40036802333481,1.480692061297987,21,0.5155494769015982,44.50713208509181,0,0.005858605868186578,0.005858605868186578
cem,ukf_bias,case_E_oracle_identifier,noise_bias,True,90.02508292483105,2.0300000000000007,target_reached,31.81603362504393,0.817186638517263,0.0116935554796182,1.6183582090617106,12.321832025298868,8.52707019594722,0,68,0.0,0.0,21,73,0.4183582090617106,9.321832025298868,0.010535186305534823,0.0360228859189637,0.0016763256610293812,0.004643268669890565,0.005205531964542002,0.025281300453507204,0.00030912746997684593,0.0032616456682448107,0.005329654340992821,0.010741585465456498,0.0013671981910525354,0.001381623001645754,0.5058908486689794,0.2981878100944087,0.8155922341563274,0.29755396464670153,0.03828984534180462,0.0732,0,0.010187820699411864,-0.016159006391299507,0.001414962276209235,0.0017607952475225425,0.004782737873776972,0.005190892610165522,0.00025125143073609054,0.0005198960778142464,1.2000050825923294,450.0791303667338,17.279699862952448,1.187906183264054,443.3174765514936,15.965317226172303,0.05401511164502927,24.649457871248888,1.5193513106867076,20,0.5441534068056252,41.861903733024654,0,0.0056271587929694064,0.0056271587929694064
cem,raw,ref_raw_adaptive,clean,True,90.07009804455394,2.0400000000000005,target_reached,31.576001000008546,0.8111186805543643,0.011669650259969355,1.596524798242823,11.071127403206015,8.066946866492385,0,68,0.0,0.0,16,76,0.39652479824282305,8.071127403206015,0.0,0.0,0.0,0.0,0.0,0.0,0.0,0.0,0.0,0.0,0.0,0.0,nan,nan,nan,nan,nan,nan,0,nan,nan,nan,nan,nan,nan,nan,nan,1.2000039618672227,450.06871333450806,17.300074417629553,1.1879598547955155,443.8636613399479,16.116335778539426,0.053888263790282775,23.683837791118275,1.4662904336526439,20,0.5267828662170394,43.919336865500235,0,0.005892481262209821,0.005892481262209821
cem,raw,ref_raw_adaptive,noise,True,91.40221587557045,1.350000000000001,target_reached,20.667203499935567,0.8096104931276599,0.01050188750133002,3.8703388002383665,61.735912819438354,11.219567625427604,0,45,0.0,0.0,44,73,2.6703388002383663,58.735912819438354,0.004209213920147345,0.03560272006355849,0.0008526713025420099,0.003714826327686026,0.004209213920147345,0.03560272006355849,0.0008526713025420099,0.003714826327686026,0.0,0.0,0.0,0.0,0.0,0.0,0.0,0.0,nan,nan,0,nan,nan,nan,nan,nan,nan,nan,nan,1.2067060258026123,423.19570986079634,44.99999999997923,1.183733640377514,365.3508481088201,33.68705443469697,0.06612788969501841,36.19749547077775,11.371082468611437,13,1.3062719301830494,41.0299526868803,36,0.04764208462646576,0.04764208462646576
cem,raw,ref_raw_adaptive,noise_bias,True,90.12212579830368,3.2199999999999753,target_reached,49.76501183293294,0.7087302975094822,0.012001777005701708,2.614595690197909,40.43578011654856,11.707216051024433,10,108,0.09259259259259259,0.09259259259259259,60,145,1.414595690197909,37.43578011654856,0.010615046179846332,0.036326659390525075,0.0017005800185201617,0.004617980456954724,0.010615046179846332,0.036326659390525075,0.0017005800185201617,0.004617980456954724,0.0,0.0,0.0,0.0,0.0,0.0,0.0,0.0,nan,nan,0,nan,nan,nan,nan,nan,nan,nan,nan,1.2333670244683193,539.5651051377824,44.99999999999999,1.2049798285500775,504.32948645113913,42.216563907354086,0.04747844878913728,133.25811603896753,8.016428433337461,32,3.058835704170466,169.46449081367567,303,0.04132996350006109,0.04132996350006109
cem,oracle,ref_oracle_state,clean,True,90.07009804455394,2.0400000000000005,target_reached,31.678881082916632,0.8111186805543643,0.011669650259969355,1.596524798242823,11.071127403206015,8.066946866492385,0,68,0.0,0.0,16,76,0.39652479824282305,8.071127403206015,0.0,0.0,0.0,0.0,0.0,0.0,0.0,0.0,0.0,0.0,0.0,0.0,nan,nan,nan,nan,nan,nan,0,nan,nan,nan,nan,nan,nan,nan,nan,1.2000039618672227,450.06871333450806,17.300074417629553,1.1879598547955155,443.8636613399479,16.116335778539426,0.053888263790282775,23.683837791118275,1.4662904336526439,20,0.5267828662170394,43.919336865500235,0,0.005892481262209821,0.005892481262209821
cem,oracle,ref_oracle_state,noise,True,90.07009804455394,2.0400000000000005,target_reached,31.704334124922752,0.8111186805543643,0.011669650259969355,1.596524798242823,11.071127403206015,8.066946866492385,0,68,0.0,0.0,16,76,0.39652479824282305,8.071127403206015,0.003947992769908563,0.03517625238464332,0.0008179205615732676,0.003980262764489595,0.0,0.0,0.0,0.0,0.003947992769908563,0.03517625238464332,0.0008179205615732676,0.003980262764489595,1.0,1.0,1.0,1.0,nan,nan,0,nan,nan,nan,nan,nan,nan,nan,nan,1.2000039618672227,450.06871333450806,17.300074417629553,1.1879598547955155,443.8636613399479,16.116335778539426,0.053888263790282775,23.683837791118275,1.4662904336526439,20,0.5267828662170394,43.919336865500235,0,0.005892481262209821,0.005892481262209821
cem,oracle,ref_oracle_state,noise_bias,True,90.07009804455394,2.0400000000000005,target_reached,31.69496941694524,0.8111186805543643,0.011669650259969355,1.596524798242823,11.071127403206015,8.066946866492385,0,68,0.0,0.0,16,76,0.39652479824282305,8.071127403206015,0.01054037919782514,0.035963052786352076,0.0016775167412704192,0.004633122568058117,0.0,0.0,0.0,0.0,0.01054037919782514,0.035963052786352076,0.0016775167412704192,0.004633122568058117,1.0,1.0,1.0,1.0,nan,nan,0,nan,nan,nan,nan,nan,nan,nan,nan,1.2000039618672227,450.06871333450806,17.300074417629553,1.1879598547955155,443.8636613399479,16.116335778539426,0.053888263790282775,23.683837791118275,1.4662904336526439,20,0.5267828662170394,43.919336865500235,0,0.005892481262209821,0.005892481262209821
