field,runtime_scorer_v2,offline_scorer_v2,exact_match
scorer_version,"""scorer-v2-return-physical-commit""","""scorer-v2-return-physical-commit""",true
pass,true,true,true
true_return,true,true,true
final_true_q_deg,"[4.955468919323759, 9.119485754681914]","[4.955468919323759, 9.119485754681914]",true
final_true_dq_deg_s,"[-1.1854192502482777, 1.9635463501587387]","[-1.1854192502482777, 1.9635463501587387]",true
proposal_source_time_s,23.770000000022485,23.770000000022485,true
physical_complete_commit_time_s,23.771750000022493,23.771750000022493,true
scorer_time_s,23.771750000022493,23.771750000022493,true
scorer_true_state_evaluation_only_rad_rad_s,"[0.08648924862244485, 0.1591650525079193, -0.020689468933355052, 0.03427034882578747]","[0.08648924862244485, 0.1591650525079193, -0.020689468933355052, 0.03427034882578747]",true
