id,plant,run_status,pass_all,classification,true_goal_dwell_s,true_return,reference_near_stop_s,actual_near_stop_s,peak_force_n,peak_moment_nm,minimum_session_clearance_m,stale_activated,control_miss_ratio,elapsed_host_s
low_balanced_near_upper_current_rom_r02,low_rom,COMPLETE,True,,0.6400000000011712,True,0.17000000000081172,0.1350000000006446,115.7694978660029,16.54005697706267,0.004652934038514353,0,0.06324472960586618,39.65636150003411
low_elevated_start_ordinary_r01,low_rom,COMPLETE,True,,0.5299999999987648,True,0.1499999999996504,0.10499999999975529,113.41328713820657,13.114866953075886,0.026968520593356953,0,0.07753773305711749,31.006778874900192
low_elevated_start_ordinary_r02,low_rom,COMPLETE,True,,0.5549999999987065,True,0.1699999999996038,0.11499999999973198,104.25338346570707,11.360461391877145,0.03303425706824552,0,0.07512279687951459,31.691932667046785
low_knee_dominant_middle_r02,low_rom,COMPLETE,True,,0.7099999999983453,True,0.14499999999966207,0.09999999999976694,130.71346627622572,17.962762471200193,0.0009156983881183607,0,0.08412226129294022,33.60196579201147
low_knee_dominant_middle_r01,low_rom,COMPLETE,True,,0.5499999999987182,True,0.1899999999995572,0.10499999999975529,125.09524385108517,18.16361545458999,0.005547869846107553,0,0.08984481350394773,33.34952454082668
low_hip_dominant_ordinary_r01,low_rom,COMPLETE,True,,0.5549999999987065,True,0.14499999999966207,0.10499999999975529,117.50898636287833,15.870890958429182,0.03762694160491434,0,0.06431718061674009,31.259847749955952
low_balanced_middle_r01,low_rom,COMPLETE,True,,1.064999999997518,True,0.2749999999993946,0.11499999999976751,112.2264781304006,15.184813517343844,0.020151610989139004,0,0.15745222929936306,35.182995417155325
low_balanced_middle_r02,low_rom,COMPLETE,True,,0.5699999999986716,True,0.17499999999959215,0.12499999999970868,114.53388595501903,14.57863053996459,0.006999831965881759,0,0.07801601653319555,35.32807195885107
low_balanced_near_upper_current_rom_r01,low_rom,COMPLETE,True,,0.5449999999988702,True,0.15999999999966263,0.1350000000006446,114.40984575665456,16.800753015161938,0.011468867471435672,0,0.0687470671046457,38.908969125011936
low_balanced_ordinary_r01,low_rom,COMPLETE,True,,0.5999999999986017,True,0.13499999999968537,0.10499999999975529,108.98202513864018,14.507064857983941,0.017623436627076213,0,0.07051482059282371,29.36886770790443
low_elevated_start_middle_r01,low_rom,COMPLETE,True,,0.6249999999985434,True,0.1599999999996271,0.12499999999970868,116.58629046052265,12.86434180706169,0.008384267748170703,0,0.06861239119303636,35.746743958909065
low_elevated_start_middle_r02,low_rom,COMPLETE,True,,0.849999999998019,True,0.15499999999963876,0.11999999999972033,102.99790237158187,11.81584867818769,0.005101631210792418,0,0.07103825136612021,37.08133741701022
low_elevated_start_near_upper_current_rom_r01,low_rom,COMPLETE,True,,0.5499999999987182,True,0.15000000000071623,0.1249999999997442,124.18548022327502,14.056681384023276,0.03270098451785711,0,0.08140918828850274,38.45176025014371
low_elevated_start_near_upper_current_rom_r02,low_rom,COMPLETE,True,,0.950000000000129,True,0.15000000000071623,0.1350000000006446,124.20945599691979,14.420297092452877,0.0365579158820572,0,0.08329444703686421,40.500366625143215
low_hip_dominant_middle_r01,low_rom,COMPLETE,True,,0.5599999999986949,True,0.15500000000070457,0.12499999999970868,127.03844972520744,16.68961091887496,0.016894129654659442,0,0.09559559559559559,36.5240189160686
low_hip_dominant_middle_r02,low_rom,COMPLETE,True,,0.5599999999986949,True,0.3000000000013969,0.12499999999970868,111.62809826223754,15.205616009356554,0.009569976749136812,0,0.08633633633633633,36.74528087489307
low_hip_dominant_near_upper_current_rom_r01,low_rom,COMPLETE,True,,0.5800000000017373,True,0.18999999999959272,0.14000000000066848,117.87185140996085,16.220482519937097,0.025352049525557262,0,0.07018731663281426,40.40081795910373
low_hip_dominant_near_upper_current_rom_r02,low_rom,COMPLETE,True,,0.5800000000017018,True,0.18000000000085947,0.14000000000066848,105.82486149408545,14.874183649829066,0.04242521947808256,0,0.07392382240252422,40.48771725012921
low_hip_dominant_ordinary_r02,low_rom,COMPLETE,True,,0.5599999999986949,True,0.1499999999996504,0.11499999999973198,108.80937986777687,15.294914035307139,0.04629909651653874,0,0.10285882699675804,30.89748154184781
low_knee_dominant_near_upper_current_rom_r01,low_rom,COMPLETE,True,,0.9299999999985769,True,0.12999999999969702,0.1300000000005852,116.54876623220996,16.32053981668552,0.015653081264237725,0,0.1010004764173416,38.53040008293465
low_knee_dominant_near_upper_current_rom_r02,low_rom,COMPLETE,True,,0.9149999999979368,True,0.14000000000063295,0.13500000000060908,126.08630012543365,16.860007163754442,0.014991137935899703,0,0.0919788664745437,37.90147433290258
low_knee_dominant_ordinary_r01,low_rom,COMPLETE,True,,0.5599999999986949,True,0.15499999999963876,0.09999999999976694,126.81096053849068,17.17210925623279,0.0017747126630703576,0,0.07537091988130563,31.092710749944672
low_knee_dominant_ordinary_r02,low_rom,COMPLETE,True,,0.5599999999986949,True,0.14499999999966207,0.08999999999979025,108.85930152017457,12.970205800198697,0.001378902284556613,0,0.06773510734804959,30.202542208135128
high_rom_matrix_nominal_sync_v1,high_rom,COMPLETE,True,,0.9250000000044167,True,0.14999999999968594,0.20000000000095497,115.51201535272357,15.725033851755514,0.005974404480095366,0,0.07877752467729689,47.674951791064814
high_rom_matrix_nominal_hip_v1,high_rom,COMPLETE,True,,0.9500000000045361,True,0.13999999999970925,0.18999999999959272,115.47771686349436,15.780657405243558,0.008274030844266252,0,0.12723468999619628,47.206781417131424
high_rom_matrix_up2_xplus_sync_v1,high_rom,COMPLETE,True,,0.915000000004369,True,0.14500000000069235,0.20000000000095497,115.59668119145827,15.684656504010878,0.005318095579606744,0,0.10494411820420534,47.54025383316912
high_rom_matrix_up4_xminus_sync_v1,high_rom,COMPLETE,True,,0.9200000000043929,True,0.1449999999996976,0.20000000000095497,115.36248839380005,15.740506113872081,0.005819659508067146,0,0.12992424242424241,47.48811858287081
high_rom_matrix_heavy_stiff_sync_v1,high_rom,COMPLETE,True,,0.9050000000043212,True,0.14000000000066848,0.1950000000009311,131.20732114430743,17.843601515588016,0.005439985908565881,0,0.11064638783269962,47.271950541995466
high_rom_matrix_light_soft_sync_v1,high_rom,COMPLETE,True,,0.9450000000045122,True,0.15000000000071623,0.21000000000100272,100.12971238764821,13.653519364706218,0.004813287302349018,0,0.13883109513902023,47.2548849999439
high_rom_matrix_long_segments_sync_v1,high_rom,COMPLETE,True,,0.9200000000043929,True,0.14000000000066848,0.20000000000095497,116.57491801385758,16.327827469247488,0.006759307004423784,0,0.1295699943171055,47.267685665981844
high_rom_matrix_long_segments_hip_v1,high_rom,COMPLETE,True,,0.9300000000044406,True,0.13000000000062073,0.19000000000090722,116.45304966008567,16.289672022402772,0.009769426062047375,0,0.14592846270928464,47.244516416918486
high_rom_matrix_short_segments_sync_v1,high_rom,COMPLETE,True,,0.9250000000044167,True,0.15000000000071623,0.21000000000100272,114.80798753014085,15.172090547599437,0.004972180760137943,0,0.11178362020049178,47.65486654220149
high_rom_matrix_mixed_sync_v1,high_rom,COMPLETE,True,,0.9350000000044645,True,0.1449999999996976,0.20000000000095497,120.79226557396146,16.160948914501237,0.005213800208910405,0,0.08249573297932866,47.737694665789604
high_rom_function_fresh_01_v1,high_rom,COMPLETE,True,,0.9350000000044645,True,0.1449999999996976,0.20000000000095497,115.85031202815784,15.503084702028405,0.007969997290582283,0,0.07844630616907845,47.65715812519193
high_rom_function_fresh_02_v1,high_rom,COMPLETE,True,,0.9250000000044167,True,0.1449999999996976,0.20000000000095497,115.39008643995646,15.044399245303957,0.003481598410514178,0,0.0687066974595843,47.0909419588279
high_rom_function_fresh_03_v1,high_rom,ABORTED,False,TASK_LOGIC_FAILURE_OR_ENVIRONMENT,,,,,,,,,,44.29089337494224
