run_id,campaign_stage,checkpoint_rep,target_rep,direction,amplitude,horizon,status,failure_reason,physical_validity,scientific_validity,matched_baseline_J_F_task_n_s,J_F_task_n_s,J_F_session_n_s,benefit_n_s,benefit_percent,benefit_baseline_std_units,benefit_baseline_range_units,immediate_benefit_n_s,short_benefit_n_s,outbound_benefit_n_s,first_action_deviation_deg,first_target_outside_baseline_candidate_hull,reference_path_rms_distance_deg,human_q_rms_distance_deg,human_dq_rms_distance_deg_s,force_vector_rms_divergence_n,force_peak_n,moment_peak_nm,moment_integral_nm_s,minimum_deployable_clearance_m,completion_time_s,completion_time_change_s,mean_task_force_n,mean_task_force_change_n,time_component_n_s,mean_force_component_n_s
coarse_001_cp01_slower_small_H1,coarse,1,2,slower,small,H1,VALID,,PASS,PASS,501.52181763151714,511.41931334379757,512.1842147692008,-9.897495712280431,-1.9734925509367198,-15.404654852142162,-5.168690833367668,0.49651058251565416,1.0890000125670838,-9.88508347875836,0.9794332311546703,False,1.0886859396697228,1.0418379245776521,6.880798796281073,4.6485686259016274,108.32658144937805,14.15110806871971,56.6317310063627,0.017967122025413226,5.670000000024158,0.11000000000052523,90.19740976042655,-0.004356000254276182,-9.922194233722267,0.02469852144185119
coarse_002_cp05_slower_medium_H1,coarse,5,6,slower,medium,H1,VALID,,PASS,PASS,500.185484604544,529.8642195801744,530.6287888819296,-29.678734975630448,-5.933545832321586,-46.19256042521163,-15.498890817821364,0.9491912303333478,2.131651014668222,-30.703886053032193,1.9588664623093401,False,2.696085311181894,2.646656877761396,9.970735438513616,7.416768688462122,107.90557665839839,13.987876991784255,58.32920866891793,0.01301896855554088,5.8650000000280045,0.32000000000152795,90.34343044802121,0.13865414465679748,-28.865528417214442,-0.8132065584160002
coarse_003_cp15_slower_large_H1,coarse,15,16,slower,large,H1,VALID,,PASS,PASS,500.64209314833346,512.0319948345739,512.7965678073358,-11.389901686240421,-2.2750587379926417,-17.72746454021342,-5.948058190677981,1.3441317959043317,3.1926368578207303,-11.784180173750428,3.9177329246186803,True,2.0142139475655387,1.9403395114795938,12.37932233806393,8.144803226979967,107.39820031747719,14.281451756459452,57.277609505390394,0.017967363906398883,5.699999999865213,0.14999999999645297,89.83017453450559,-0.37560801687676815,-13.53086738238739,2.140965696146951
coarse_004_cp25_slower_small_H1,coarse,25,26,slower,small,H1,VALID,,PASS,PASS,501.541080919274,512.3580524396043,513.1227726865657,-10.816971520330299,-2.156746861195076,-16.83574488538444,-5.648861405674558,0.4972775920012751,1.1274621970578096,-10.810589313566169,0.9794332311546703,False,1.1736834129622606,1.1279728702269483,7.3044840517033425,4.8964704671367665,108.37786203153702,14.14742872805138,56.710277704385675,0.018093755372765915,5.679999999865686,0.11999999999716238,90.20388247389437,-0.0013479094030941496,-10.824627645739726,0.007656125409393727
coarse_005_cp01_slower_medium_H2,coarse,1,2,slower,medium,H2,VALID,,PASS,PASS,501.52181763151714,528.9130520199199,529.677953445323,-27.391234388402722,-5.46162368723266,-42.63225001491325,-14.304307494904933,0.6337917893726441,2.943168304792067,-28.376941233181867,1.2732644737655452,False,2.9205177095704498,2.8610283544291883,12.01016748070855,8.706893574511783,107.49232179764486,14.069499750429049,58.74167859873768,0.014450606734031726,5.870000000025113,0.3100000000014802,90.1044381631443,-0.09732759753653397,-27.962547385944575,0.5713129975418987
coarse_006_cp05_slower_large_H2,coarse,5,6,slower,large,H2,VALID,,PASS,PASS,500.185484604544,552.3454898906746,553.1100591924297,-52.16000528613057,-10.428132541145061,-81.18284684092276,-27.239106641523897,1.098725870141557,5.780702031500681,-53.65546054536401,2.5465289475310895,False,5.134556394414155,5.083961908034466,9.973053234918346,10.276162939511323,107.15184070878422,13.633686326612915,61.62260038642719,0.011882304729548872,6.145000000029341,0.6000000000028649,89.88535230073836,-0.3194240026260502,-54.122865782277074,1.9628604961464509
coarse_007_cp15_slower_small_H2,coarse,15,16,slower,small,H2,VALID,,PASS,PASS,500.64209314833346,527.0494346247604,527.8140075975223,-26.407341476426893,-5.274694604754849,-41.10089994808259,-13.790496888365839,0.3251823150814559,1.7668456243642368,-26.479785764079736,0.6366322368827726,False,2.451941626815505,2.401103258005778,10.660940678039104,7.556716049217104,107.79849865058264,14.250143211365078,58.12327720248353,0.016075011052153695,5.834999999862021,0.28499999999326064,90.32552435942132,0.11974180803896672,-25.708648026536043,-0.6986934498908489
coarse_008_cp25_slower_medium_H2,coarse,25,26,slower,medium,H2,VALID,,PASS,PASS,501.541080919274,529.32338885276,530.0881090997214,-27.78230793348598,-5.539388295483956,-43.24092448762219,-14.508534736462252,0.6283558747231126,3.0259304538137997,-28.26497834084256,1.2732644737655452,False,2.9626541573283576,2.906534993760116,11.956165113653942,8.656411672134409,107.48431485844009,14.068275420378688,58.79463860290944,0.015066345640817238,5.874999999861075,0.31499999999255124,90.09759810472796,-0.10763227856949698,-28.414647570066784,0.6323396365808419
coarse_009_cp01_slower_large_H3,coarse,1,2,slower,large,H3,VALID,,PASS,PASS,501.52181763151714,581.2368919276496,582.0017933530528,-79.71507429613246,-15.894637380402356,-124.07009224779512,-41.62897219388746,0.9265572280735839,6.8216268410496355,-79.79035952912739,1.9588684211777614,False,7.550710843447123,7.471488222427282,10.64612946718193,13.327801653809317,108.14326259314298,13.839635544220108,65.27287752345396,0.01594223085469004,6.475000000028002,0.915000000004369,89.76631535523335,-0.43545040544748304,-82.53461567141704,2.819541375284646
coarse_010_cp05_slower_small_H3,coarse,5,6,slower,small,H3,VALID,,PASS,PASS,500.185484604544,527.8207011901328,528.585270491888,-27.635216585588807,-5.524993714569251,-43.011988652542115,-14.431720386282691,0.24800104637885312,1.6382553208803756,-27.61568167568015,0.48971710529444074,False,2.62951850138109,2.577276394269316,10.937596167264685,7.836181531742992,106.95594427229064,14.300208371593031,58.313962141775235,0.017838637237176196,5.845000000027909,0.30000000000143245,90.30294288924081,0.09816658587639893,-27.061432891138537,-0.5737836944502914
coarse_011_cp15_slower_medium_H3,coarse,15,16,slower,medium,H3,VALID,,PASS,PASS,500.64209314833346,559.5991321469455,560.3637051197074,-58.95703899861206,-11.776284856084581,-91.76188232655949,-30.788667749209345,0.49639366951914354,2.781572973598429,-60.4562812534229,0.9794342105888815,False,5.094236937342477,5.035530582573255,11.329587091713151,10.478087345455927,106.15794222833358,14.156228915309182,61.64056116278414,0.011373342266124239,6.189999999853626,0.639999999984866,90.40373702103042,0.1979544696480673,-57.73170083151953,-1.2253381670925612
coarse_012_cp25_slower_large_H3,coarse,25,26,slower,large,H3,VALID,,PASS,PASS,501.541080919274,581.6372755813579,582.4019958283193,-80.09619466208392,-15.970016756209821,-124.66327539889463,-41.828001665500054,0.9300825535332464,6.8990411867568895,-80.15642447999358,1.9588684211777614,False,7.6032527544302475,7.521958222969852,10.731710886879704,13.415298216508608,108.18046723306782,13.833886523257423,65.32343873012054,0.016520258166171666,6.479999999846768,0.9199999999782449,89.75883882640615,-0.4463915568913137,-82.98881195067123,2.8926172885873114
coarse_013_cp01_slower_small_H4,coarse,1,2,slower,small,H4,VALID,,PASS,PASS,501.52181763151714,554.0257970756544,554.7906985010576,-52.50397944413726,-10.468932277381695,-81.71821491141101,-27.418737543025436,0.24794945916946176,1.6241601011941498,-27.668558441884272,0.48971710529444074,False,3.095132096908402,3.031710135402889,10.396409656145845,8.491658867185114,106.95019556225253,14.288283824084896,61.57685253162153,0.01770551355436936,6.15000000002645,0.5900000000028172,90.08549545906855,-0.1162703016122748,-53.2190417990558,0.7150623549185654
coarse_014_cp05_slower_medium_H4,coarse,5,6,slower,medium,H4,VALID,,PASS,PASS,500.185484604544,596.8011396753795,597.5657089771347,-96.61565507083554,-19.315965385765182,-150.37448491472207,-50.45482870023708,0.4957679754854709,2.78052621502826,-60.462285886836526,0.9794342105888815,False,5.950989272506881,5.855147379250784,10.125572649122933,11.550654792735356,106.14198666397284,14.16152918734088,65.76894798728027,0.011229022435377153,6.600000000031514,1.0550000000050375,90.42441510189848,0.21963879853406354,-95.16603900050386,-1.4496160703317411
coarse_015_cp15_slower_large_H4,coarse,15,16,slower,large,H4,VALID,,PASS,PASS,500.64209314833346,653.1504457748152,653.9150187475772,-152.50835262648178,-30.462550934824336,-237.36696661204627,-79.64322967621467,0.910426827686436,6.848227096546907,-80.69276855539664,1.9588684211777614,False,8.992811369928523,8.838132899436948,11.629937138184976,16.27368049995533,108.18007026392664,13.844595289450673,72.64805641421006,0.016475160835787785,7.24999999982856,1.6999999999598003,90.08971666072554,-0.11606589065681305,-153.34983033372376,0.8414777072419963
coarse_016_cp25_slower_small_H4,coarse,25,26,slower,small,H4,VALID,,PASS,PASS,501.541080919274,554.961875019537,555.7265952664984,-53.42079410026304,-10.651329698127247,-83.14516307603407,-27.89751840302973,0.24827513576703808,1.6653846127250915,-28.070522225260447,0.48971710529444074,False,3.161012808891748,3.099382537214881,10.524659835519305,8.553978213704628,106.86828554197835,14.288111773015945,61.676479102197675,0.01802781103036986,6.159999999854335,0.5999999999858119,90.09121347932795,-0.1140169039695138,-54.123138228698636,0.7023441284355968
coarse_017_cp01_faster_medium_H1,coarse,1,2,faster,medium,H1,VALID,,PASS,PASS,501.52181763151714,510.25919143781607,511.02409286321927,-8.737373806298933,-1.7421722244431925,-13.599018551044269,-4.562849554386804,-1.1084952903364353,-2.641475261651891,-9.748028895099992,2.2387045283535327,True,1.1202760424768705,1.0850216773854597,6.003308376158234,4.197480347384869,107.24067723941364,14.889730278521485,55.64214768795019,0.012792086702576196,5.6250000000239435,0.06500000000031037,90.7127451441145,0.5109793834336784,-5.863114774472249,-2.874259031826676
coarse_018_cp05_faster_large_H1,coarse,5,6,faster,large,H1,VALID,,PASS,PASS,500.185484604544,487.5623355901465,488.32690489190173,12.623149014397484,2.523693590264336,19.6469146708171,6.592087179992078,-2.007950216345762,-5.01934549705723,12.606070166129086,4.477409056707063,True,2.372623015111378,2.3153665382657374,11.780174574653673,8.109244755212954,108.32369949729092,15.248712373722816,53.199245223857076,0.017068812524448636,5.375000000025665,-0.17000000000081172,90.70927173726855,0.5044954339041396,15.334811971645172,-2.7116629572476985
coarse_019_cp15_faster_small_H1,coarse,15,16,faster,small,H1,VALID,,PASS,PASS,500.64209314833346,506.13683201028357,506.90140498304555,-5.494738861950111,-1.0975383287082283,-8.552118448100986,-2.869473977369069,-0.5685878714931505,-1.309755547308555,-5.5823980999252285,1.1193522641767661,True,0.611097026525407,0.5887939786764476,3.6827849588088615,2.5210524385189568,107.50559449031321,14.688415693251363,55.62517612763463,0.015548717400287956,5.594999999867696,0.04499999999893589,90.46234709959823,0.25656454821587715,-4.059260214716217,-1.435478647233888
coarse_020_cp25_faster_medium_H1,coarse,25,26,faster,medium,H1,VALID,,PASS,PASS,501.541080919274,508.876659772843,509.64138001980433,-7.335578853569018,-1.462607776839266,-11.417237618976163,-3.830801273381104,-1.1068082117732772,-2.6280216879235354,-8.737615061608267,2.2387045283535327,True,1.0641001732167958,1.0336885579490243,5.658376687312711,3.922147505103569,107.24022425762608,14.894551979014592,55.49377551202987,0.013091855299931145,5.609999999867341,0.04999999999881766,90.70885201156442,0.5036216282669557,-4.510261519058219,-2.8253173345108116
coarse_021_cp01_faster_large_H2,coarse,1,2,faster,large,H2,VALID,,PASS,PASS,501.52181763151714,458.02884209250664,458.79374351790983,43.4929755390105,8.672200093788557,67.6933131519133,22.71299230829092,-1.419036150068969,-5.930794689659308,43.0736152624213,2.9103187971783884,True,4.692123553403542,4.636981243225423,10.39302766920438,9.54311924541321,110.53877449346298,15.016556923384265,50.31947286859473,0.015594077473903924,5.06500000002127,-0.49500000000236355,90.43017612844683,0.22841036776600276,44.64987405175021,-1.1568985127396623
coarse_022_cp05_faster_small_H2,coarse,5,6,faster,small,H2,VALID,,PASS,PASS,500.185484604544,502.762894482934,503.5274637846892,-2.5774098783899717,-0.5152908186505493,-4.011530870363084,-1.34598035700448,-0.37433194994466135,-2.185188857122597,-2.659186702754255,0.7275796992945968,True,0.8114199253169906,0.7911139924667553,4.203304139256263,2.8882804410593033,107.51950473450786,14.609194065164667,55.13189068575588,0.01594121656827135,5.555000000026524,0.010000000000047748,90.50637164366037,0.301595340295961,-0.9020477630379513,-1.675362115352063
coarse_023_cp15_faster_medium_H2,coarse,15,16,faster,medium,H2,VALID,,PASS,PASS,500.64209314833346,481.93642649402966,482.70099946679164,18.705666654303798,3.736335180422307,29.113863442369976,9.76851221548596,-0.7258632268033054,-3.926535740193856,18.728147748341428,1.4551593985891946,True,2.5010197656812574,2.44170975216419,12.569055636039828,8.559776054534728,108.84936789689286,14.739421151187532,52.98460112428295,0.017143769764894703,5.329999999873962,-0.2199999999947977,90.41959221490168,0.21380966351932784,19.84527216083484,-1.1396055065310693
coarse_024_cp25_faster_large_H2,coarse,25,26,faster,large,H2,VALID,,PASS,PASS,501.541080919274,458.0907822310733,458.8555024780346,43.45029868820069,8.663357866629926,67.62689007116514,22.690705514339196,-1.4157944360528703,-5.978294271919339,43.10006411412775,2.9103187971783884,True,4.677794447891372,4.623020464760192,10.474363752836943,9.512150821514586,110.52632833175485,15.022594565737247,50.300816487035846,0.015998831345076788,5.064999999880229,-0.4949999999882948,90.44240518102778,0.2371747977303187,44.65158903867637,-1.2012903504756574
coarse_025_cp01_faster_small_H3,coarse,1,2,faster,small,H3,VALID,,PASS,PASS,501.52181763151714,501.62171938357744,502.38662080898064,-0.09990175206030472,-0.019919722043619144,-0.155489030190112,-0.052170901117015424,-0.28626893136249265,-2.0111629223397074,-0.1895645293748487,0.5596766917650751,True,0.9300620055544595,0.9066869118906916,4.830674771335772,3.2718771450861603,108.98327533619928,14.555172514695123,55.05217001675432,0.015576371428267507,5.5450000000235615,-0.015000000000071623,90.46379069097313,0.26202493029229856,1.353026486416673,-1.4529282384769693
coarse_026_cp05_faster_medium_H3,coarse,5,6,faster,medium,H3,VALID,,PASS,PASS,500.185484604544,466.13710504960795,466.90167435136317,34.04837955493605,6.807150667687874,52.993560246531835,17.780815714652444,-0.5681509521847303,-3.585044310331341,33.277514762646376,1.1193533835301492,True,3.3063995413017526,3.249953072501396,11.003716016311206,8.4501934770817,109.39998654151044,14.689498022736133,51.73667162412864,0.017226638326490556,5.170000000024686,-0.37500000000179057,90.16191586989984,-0.04286043346456836,33.82679111392317,0.22158844101287647
coarse_027_cp15_faster_large_H3,coarse,15,16,faster,large,H3,VALID,,PASS,PASS,500.64209314833346,458.31935310367703,459.083926076439,42.32274004465643,8.453691893645223,65.87193586514336,22.101869490117377,-1.1080744652299686,-5.295552467729863,42.27755788332908,2.2387067670602985,True,4.47530363978126,4.420759507041599,10.228124102775848,9.177501260669446,111.13836334432732,14.898889264798793,50.532608665881355,0.016470063831992798,5.074999999879992,-0.47499999998876774,90.3092321407911,0.10344958940873994,42.847746710893404,-0.5250066662369405
coarse_028_cp25_faster_small_H3,coarse,25,26,faster,small,H3,VALID,,PASS,PASS,501.541080919274,501.741271528674,502.5059917756353,-0.20019060940001054,-0.03991509709096639,-0.3115805585670348,-0.10454395715961533,-0.28643467077790774,-2.012320219180964,-0.6651903205511474,0.5596766917650751,True,0.9229166267414908,0.9015568847038067,4.828422480592734,3.236749545707971,108.96653204884305,14.555966961461564,55.01988067151049,0.015793249685283974,5.544999999868878,-0.014999999999645297,90.48535104428109,0.2801206609836271,1.3530784557174658,-1.5532690651174823
coarse_029_cp01_faster_medium_H4,coarse,1,2,faster,medium,H4,VALID,,PASS,PASS,501.52181763151714,435.3622680890235,436.12716951442667,66.15954954249366,13.191759005607814,102.97200983990062,34.5499778126433,-0.5681133370090521,-3.654235492962812,34.6276952912024,1.1193533835301492,True,4.534544875613362,4.439449672721663,12.694031380174627,10.827764272882282,109.44444564661396,14.678963969024249,48.08137895366325,0.017106834600373568,4.8200000000201,-0.7400000000035334,90.32412200979418,0.12235624911335208,66.74930666322253,-0.5897571207288164
coarse_030_cp05_faster_large_H4,coarse,5,6,faster,large,H4,VALID,,PASS,PASS,500.185484604544,415.15898857672227,415.9235578784775,85.02649602782174,16.998993102537806,132.33689234848327,44.40271391753069,-1.107615138510539,-5.301293104023756,42.274555372299346,2.2387067670602985,True,6.415963591293289,6.281673061941996,13.952775565162185,13.742645191008757,111.12937554188201,14.89885971230652,45.714947579973945,0.016375792907422828,4.600000000021964,-0.9450000000045122,90.25195403798695,0.047177734622536605,85.2435136070864,-0.2170175792647046
coarse_031_cp15_faster_small_H4,coarse,15,16,faster,small,H4,VALID,,PASS,PASS,500.64209314833346,490.5141195699059,491.2786925426679,10.127973578427543,2.0229968109027463,15.763375086256458,5.289051464852523,-0.28657938865670474,-1.9954981532324894,-0.6460313631799863,0.5596766917650751,True,1.3339196210101654,1.3048028899941724,6.787810604169786,4.542315875947146,108.947503695515,14.562612603675749,53.943999345203515,0.01558460425797822,5.4299999998715975,-0.11999999999716238,90.33409200396041,0.12830945257805126,10.824693905909912,-0.6967203274823431
coarse_032_cp25_faster_medium_H4,coarse,25,26,faster,medium,H4,VALID,,PASS,PASS,501.541080919274,436.2157376106014,436.9804578575627,65.32534330867259,13.024923738836677,101.67363503064715,34.114336895058536,-0.5681647877052924,-3.5972403298772235,34.214329783745825,1.1193533835301492,True,4.484232133330457,4.39243107045234,12.856708849059432,10.78880295086447,109.39078224000829,14.68242525191168,48.18103115642353,0.01728630636319897,4.829999999885786,-0.7299999999827378,90.31381731281917,0.10858692952170657,65.84981817825,-0.5244748695774405
coarse_033_cp01_hip_leading_large_H1,coarse,1,2,hip_leading,large,H1,VALID,,PASS,PASS,501.52181763151714,561.6756767943964,562.4405782197996,-60.15385916287926,-11.994265662650806,-93.62463651070576,-31.413673669096948,0.7666999211418855,7.516655718380406,-58.11680170496703,4.477409056707064,True,6.218961526064522,6.160774013248135,13.503404261707962,12.471594244466282,103.05057915596898,14.61077769777319,64.02385930210856,0.01299965645977846,6.280000000027071,0.7200000000034379,89.43880203693872,-0.7629637237421036,-64.9452713480003,4.791412185121065
coarse_034_cp05_hip_leading_small_H1,coarse,5,6,hip_leading,small,H1,VALID,,PASS,PASS,500.185484604544,520.9269691699719,521.6915384717271,-20.741484565427925,-4.146758593329939,-32.28245003986297,-10.83166128687955,0.33730228248813177,1.448891246267607,-19.898431018542112,1.1193522641767661,True,2.0088161100055557,1.9590006657940182,9.95774792768992,6.853005290857217,106.94304324477379,14.24245428404445,57.70598610934292,0.017325963474812574,5.775000000027575,0.23000000000109821,90.20380418484581,-0.0009721185186037928,-20.747098549872877,0.00561398444496371
coarse_035_cp15_hip_leading_medium_H1,coarse,15,16,hip_leading,medium,H1,VALID,,PASS,PASS,500.64209314833346,536.9069935164032,537.6715664891651,-36.26490036806973,-7.243677841792047,-56.443396355735544,-18.938331832047467,0.559110680578577,3.330530569335366,-35.022728457080916,2.238704528353532,True,3.4536484352570684,3.410870391121622,7.857572149341583,7.156030132729988,105.30111137190488,14.086907457785445,59.884569709156565,0.016135161546764972,5.9649999998589465,0.41499999999018655,90.00955465701581,-0.19622789436654386,-37.43539975793845,1.1704993898687555
coarse_036_cp25_hip_leading_large_H1,coarse,25,26,hip_leading,large,H1,VALID,,PASS,PASS,501.541080919274,562.3538524556112,563.1185727025726,-60.81277153633721,-12.125182532380707,-94.6501805458834,-31.757772261679207,0.7704331012093917,7.918404628817427,-59.14571818992721,4.477409056707064,True,6.371090411441111,6.309805418132552,13.969586647222858,12.738531869445085,103.09396559099866,14.65957945249424,64.13556650452858,0.013379496134853366,6.289999999851261,0.7299999999827378,89.40442805547045,-0.8008023278270144,-65.84981817825,5.03704664191281
coarse_037_cp01_hip_leading_small_H2,coarse,1,2,hip_leading,small,H2,VALID,,PASS,PASS,501.52181763151714,542.5472144905848,543.312115915988,-41.025396859067655,-8.180181881780111,-63.852725695243834,-21.424368228584655,0.2264948979995438,2.1919401681054183,-39.79698221135101,0.7275796992945968,True,3.6267814945640913,3.589850488286677,6.222490021037274,6.796099146669518,104.7721569062015,14.313828819231103,60.30462024488281,0.01525345647195114,6.015000000025806,0.45500000000217256,90.1990381526612,-0.0027276080196259045,-41.041803421305744,0.016406562238120204
coarse_038_cp05_hip_leading_medium_H2,coarse,5,6,hip_leading,medium,H2,VALID,,PASS,PASS,500.185484604544,612.9865611475159,613.751130449271,-112.80107654297188,-22.55184926690836,-175.56578973189426,-58.9072132254887,0.41562680626058324,4.5034102081570495,-62.114857655457854,1.4551593985891946,True,8.622926101273423,8.522001740892401,12.731184451536306,14.910777244839363,103.80531756856908,14.193090844133256,67.75569921263809,0.012334918903413369,6.77500000003235,1.230000000005873,90.47772120215335,0.2729448987889356,-110.951874853668,-1.849201689303868
coarse_039_cp15_hip_leading_large_H2,coarse,15,16,hip_leading,large,H2,VALID,,PASS,PASS,500.64209314833346,626.1661286076423,626.9307015804043,-125.52403545930889,-25.072609190717372,-195.3680504755868,-65.55142334043633,0.6452688371813977,9.907783975711155,-123.9473826371115,2.910318797178389,True,11.214338764918995,11.080122775290082,13.559633265219485,18.148871392644583,103.52748334213898,13.985766256952457,73.02296200108655,0.013971552457678362,7.029999999833763,1.4799999999650026,89.07057306151482,-1.1352094898675347,-133.50455817288892,7.980522713580054
coarse_040_cp25_hip_leading_small_H2,coarse,25,26,hip_leading,small,H2,VALID,,PASS,PASS,501.541080919274,542.0557623337867,542.820482580748,-40.514681414512665,-8.078038461027631,-63.057838242929364,-21.157661344998395,0.22466894276552551,2.219987156461883,-38.820514683928934,0.7275796992945968,True,3.5802981998173586,3.5420424743475705,6.445643527325376,6.8038199866679125,104.87700592555838,14.315230664884217,60.244453447891736,0.015516593684442966,6.009999999857882,0.4499999999893589,90.192306546856,-0.012923836441459002,-40.59235367152397,0.0776722570113319
coarse_041_cp01_hip_leading_medium_H3,coarse,1,2,hip_leading,medium,H3,VALID,,PASS,PASS,501.52181763151714,605.431379960228,606.1962813856312,-103.90956232871088,-20.71885183767943,-161.72686405156696,-54.26386814608776,0.33931852643421223,3.6512727400836127,-101.87171432341222,1.1193533835301492,True,8.506073019604068,8.414552992480587,12.349804232168875,14.570872339361161,103.11767291747587,14.231060734838508,68.21258141780879,0.012927839833851176,6.720000000029172,1.1600000000055388,90.0939553508333,-0.10781040984753076,-104.63404828288937,0.7244859541785518
coarse_042_cp05_hip_leading_large_H3,coarse,5,6,hip_leading,large,H3,VALID,,PASS,PASS,500.185484604544,678.2219105105819,678.986479812337,-178.0364259060379,-35.59408087317784,-277.099356435042,-92.97455329476047,0.5582838078899499,7.634274452803851,-176.4410993387919,2.2387067670602994,True,13.211863817560335,12.991674601308635,15.226865921169024,20.882256828288416,104.02698569564753,14.056052602785421,79.10061833509813,0.015014477204444068,7.605000000036313,2.060000000009836,89.1810533211497,-1.0237229822147071,-185.82183918581796,7.785413279780022
coarse_043_cp15_hip_leading_small_H3,coarse,15,16,hip_leading,small,H3,VALID,,PASS,PASS,500.64209314833346,561.5843104171208,562.3488833898828,-60.942217268787374,-12.172811296298855,-94.8516524018402,-31.825371681793488,0.1737198751043323,1.941425110891089,-60.93031741399744,0.5596766917650751,True,5.154921728707893,5.106663735006185,10.396864271022054,10.12416452365895,104.14120550647368,14.35112394078995,62.14711418673107,0.016263702407496496,6.209999999853153,0.6599999999843931,90.432256107955,0.22647355657264256,-59.53581648250452,-1.4064007862828534
coarse_044_cp25_hip_leading_medium_H3,coarse,25,26,hip_leading,medium,H3,VALID,,PASS,PASS,501.541080919274,602.3602540381721,603.1249742851335,-100.8191731188981,-20.101877384422185,-156.91692217133135,-52.64999865377986,0.3368569980421867,3.684966216202696,-99.1483636747077,1.1193533835301492,True,8.333703930158311,8.241905902803005,11.992933291405233,14.234830609807707,103.05414905775558,14.233446485551825,67.79101187406293,0.013384228304056413,6.684999999841921,1.1249999999733973,90.10624593155065,-0.0989844517468157,-101.48088417880994,0.6617110599118156
coarse_045_cp01_hip_leading_large_H4,coarse,1,2,hip_leading,large,H4,INFEASIBLE,NO_FEASIBLE_WAYPOINT:ValueError:EXPLORATION_ACTION_INFEASIBLE:target waypoint enters existing shank-table geometry (-9.351087 mm),FAIL,FAIL,501.52181763151714,,,,,,,,,,,,,,,,,,,0.014857064280176798,5.090000000021389,,,,,
coarse_046_cp05_hip_leading_small_H4,coarse,5,6,hip_leading,small,H4,INFEASIBLE,NO_FEASIBLE_WAYPOINT:ValueError:EXPLORATION_ACTION_INFEASIBLE:CAUSAL_TRACKING_OFFSET_CLEARANCE,FAIL,FAIL,500.185484604544,,,,,,,,,,,,,,,,,,,0.010563383909138895,4.170000000019911,,,,,
coarse_047_cp15_hip_leading_medium_H4,coarse,15,16,hip_leading,medium,H4,INFEASIBLE,NO_FEASIBLE_WAYPOINT:ValueError:EXPLORATION_ACTION_INFEASIBLE:target waypoint enters existing shank-table geometry (-19.316646 mm),FAIL,FAIL,500.64209314833346,,,,,,,,,,,,,,,,,,,0.003282288302682343,4.634999999890397,,,,,
coarse_048_cp25_hip_leading_large_H4,coarse,25,26,hip_leading,large,H4,INFEASIBLE,NO_FEASIBLE_WAYPOINT:ValueError:EXPLORATION_ACTION_INFEASIBLE:target waypoint enters existing shank-table geometry (-9.461893 mm),FAIL,FAIL,501.541080919274,,,,,,,,,,,,,,,,,,,0.015077129374019529,5.044999999880702,,,,,
coarse_049_cp01_knee_leading_small_H1,coarse,1,2,knee_leading,small,H1,VALID,,PASS,PASS,501.52181763151714,525.7127468976039,526.4776483230071,-24.190929266086755,-4.823504863722707,-37.651232870379296,-12.633037485747947,-0.1662071302867858,0.48480684957166886,-25.17584860565097,1.1193522641767661,True,2.2003707283853777,2.144531651994465,10.143950504916877,7.200430058250303,108.60011754650115,14.289737377947207,57.663284757544915,0.002170892726261653,5.810000000024827,0.2500000000011937,90.48412166873622,0.28235590805539346,-22.550441440277883,-1.640487825808846
coarse_050_cp05_knee_leading_medium_H1,coarse,5,6,knee_leading,medium,H1,INFEASIBLE,NO_FEASIBLE_WAYPOINT:ValueError:EXPLORATION_ACTION_INFEASIBLE:target waypoint enters existing shank-table geometry (-11.526859 mm),FAIL,FAIL,500.185484604544,,,,,,,,,,,,,,,,,,,0.02175203968522919,0.005000000000023874,,,,,
coarse_051_cp15_knee_leading_large_H1,coarse,15,16,knee_leading,large,H1,INFEASIBLE,NO_FEASIBLE_WAYPOINT:ValueError:EXPLORATION_ACTION_INFEASIBLE:target waypoint enters existing shank-table geometry (-42.595098 mm),FAIL,FAIL,500.64209314833346,,,,,,,,,,,,,,,,,,,0.02181385965907746,0.004999999999881766,,,,,
coarse_052_cp25_knee_leading_small_H1,coarse,25,26,knee_leading,small,H1,VALID,,PASS,PASS,501.541080919274,528.6902829230548,529.4550031700162,-27.14920200378083,-5.4131561773602055,-42.255546103486935,-14.17791283870709,-0.16642589531809904,-0.5760244266946017,-28.5358884556627,1.1193522641767661,True,2.384830440004646,2.3323764411494,10.400414677712822,7.405383924576916,108.13428090996052,14.282405495533466,57.558925701544176,0.0008214215913705776,5.829999999862139,0.26999999999361535,90.68443961158778,0.47920922829031554,-24.355412202914387,-2.793789800866475
coarse_053_cp01_knee_leading_medium_H2,coarse,1,2,knee_leading,medium,H2,INFEASIBLE,NO_FEASIBLE_WAYPOINT:ValueError:EXPLORATION_ACTION_INFEASIBLE:target waypoint enters existing shank-table geometry (-0.712298 mm),FAIL,FAIL,501.52181763151714,,,,,,,,,,,,,,,,,,,0.021624066604358307,0.004999999999988347,,,,,
coarse_054_cp05_knee_leading_large_H2,coarse,5,6,knee_leading,large,H2,INFEASIBLE,NO_FEASIBLE_WAYPOINT:ValueError:EXPLORATION_ACTION_INFEASIBLE:target waypoint enters existing shank-table geometry (-20.887879 mm),FAIL,FAIL,500.185484604544,,,,,,,,,,,,,,,,,,,0.02175203968522919,0.005000000000023874,,,,,
coarse_055_cp15_knee_leading_small_H2,coarse,15,16,knee_leading,small,H2,INFEASIBLE,NO_FEASIBLE_WAYPOINT:ValueError:EXPLORATION_ACTION_INFEASIBLE:target waypoint enters existing shank-table geometry (-8.013256 mm),FAIL,FAIL,500.64209314833346,,,,,,,,,,,,,,,,,,,0.009363814972543804,0.5399999999872307,,,,,
coarse_056_cp25_knee_leading_medium_H2,coarse,25,26,knee_leading,medium,H2,INFEASIBLE,NO_FEASIBLE_WAYPOINT:ValueError:EXPLORATION_ACTION_INFEASIBLE:target waypoint enters existing shank-table geometry (-0.501080 mm),FAIL,FAIL,501.541080919274,,,,,,,,,,,,,,,,,,,0.02183675925820255,0.004999999999881766,,,,,
coarse_057_cp01_knee_leading_large_H3,coarse,1,2,knee_leading,large,H3,INFEASIBLE,NO_FEASIBLE_WAYPOINT:ValueError:EXPLORATION_ACTION_INFEASIBLE:target waypoint enters existing shank-table geometry (-11.654477 mm),FAIL,FAIL,501.52181763151714,,,,,,,,,,,,,,,,,,,0.021624066604358307,0.004999999999988347,,,,,
coarse_058_cp05_knee_leading_small_H3,coarse,5,6,knee_leading,small,H3,INFEASIBLE,NO_FEASIBLE_WAYPOINT:ValueError:EXPLORATION_ACTION_INFEASIBLE:target waypoint enters existing shank-table geometry (-2.264769 mm),FAIL,FAIL,500.185484604544,,,,,,,,,,,,,,,,,,,0.012034472778640264,0.5300000000025307,,,,,
coarse_059_cp15_knee_leading_medium_H3,coarse,15,16,knee_leading,medium,H3,INFEASIBLE,NO_FEASIBLE_WAYPOINT:ValueError:EXPLORATION_ACTION_INFEASIBLE:target waypoint enters existing shank-table geometry (-23.569637 mm),FAIL,FAIL,500.64209314833346,,,,,,,,,,,,,,,,,,,0.003025392964450796,0.5599999999867578,,,,,
coarse_060_cp25_knee_leading_large_H3,coarse,25,26,knee_leading,large,H3,INFEASIBLE,NO_FEASIBLE_WAYPOINT:ValueError:EXPLORATION_ACTION_INFEASIBLE:target waypoint enters existing shank-table geometry (-11.443635 mm),FAIL,FAIL,501.541080919274,,,,,,,,,,,,,,,,,,,0.02183675925820255,0.004999999999881766,,,,,
coarse_061_cp01_knee_leading_small_H4,coarse,1,2,knee_leading,small,H4,INFEASIBLE,NO_FEASIBLE_WAYPOINT:ValueError:EXPLORATION_ACTION_INFEASIBLE:target waypoint enters existing shank-table geometry (-2.524357 mm),FAIL,FAIL,501.52181763151714,,,,,,,,,,,,,,,,,,,0.01177261144516117,0.5349999999996395,,,,,
coarse_062_cp05_knee_leading_medium_H4,coarse,5,6,knee_leading,medium,H4,INFEASIBLE,NO_FEASIBLE_WAYPOINT:ValueError:EXPLORATION_ACTION_INFEASIBLE:target waypoint enters existing shank-table geometry (-10.614202 mm),FAIL,FAIL,500.185484604544,,,,,,,,,,,,,,,,,,,0.0029149660625174866,0.5600000000026739,,,,,
coarse_063_cp15_knee_leading_large_H4,coarse,15,16,knee_leading,large,H4,INFEASIBLE,NO_FEASIBLE_WAYPOINT:ValueError:EXPLORATION_ACTION_INFEASIBLE:target waypoint enters existing shank-table geometry (-11.465909 mm),FAIL,FAIL,500.64209314833346,,,,,,,,,,,,,,,,,,,0.02181385965907746,0.004999999999881766,,,,,
coarse_064_cp25_knee_leading_small_H4,coarse,25,26,knee_leading,small,H4,INFEASIBLE,NO_FEASIBLE_WAYPOINT:ValueError:EXPLORATION_ACTION_INFEASIBLE:target waypoint enters existing shank-table geometry (-2.170669 mm),FAIL,FAIL,501.541080919274,,,,,,,,,,,,,,,,,,,0.012131434593698195,0.5299999999874672,,,,,
coarse_065_cp01_hip_dominant_medium_H1,coarse,1,2,hip_dominant,medium,H1,VALID,,PASS,PASS,501.52181763151714,544.123190830001,544.8880922554042,-42.601373198483884,-8.494420721250531,-66.30560592571739,-22.2473778762714,0.5865812375116022,3.9909065866213496,-40.915178462415554,2.6855037443426935,True,4.030235682272158,3.9862800765807496,7.089751312359035,7.677250679235504,104.61475695750393,14.16367573717126,60.8898161580433,0.015304674417018629,6.050000000025973,0.4900000000023397,89.93771749217605,-0.26404826850478,-44.19886522294465,1.5974920244607773
coarse_066_cp05_hip_dominant_large_H1,coarse,5,6,hip_dominant,large,H1,VALID,,PASS,PASS,500.185484604544,630.1005582911746,630.8651275929298,-129.9150736866306,-25.97337941330782,-202.20234778682737,-67.84452047271036,0.7562392821558959,13.395411201977566,-79.2555146342595,5.371007488685387,True,10.844930077594684,10.709523292953909,11.768364075396516,17.915127135525353,104.75558665334208,14.622678038028893,71.61018280546557,0.01159110456449677,7.050000000033663,1.5050000000071861,89.37596571463347,-0.8288105887309456,-135.75818833721166,5.843114650581066
coarse_067_cp15_hip_dominant_small_H1,coarse,15,16,hip_dominant,small,H1,VALID,,PASS,PASS,500.64209314833346,526.5925236307814,527.3570966035434,-25.950430482447985,-5.183429607218269,-40.38975478924599,-13.5518878770668,0.37793271246611226,1.8559827690141333,-24.71311443752012,1.3427518721713467,True,2.4358109581927225,2.389984673134564,10.144720520684908,7.225929929405978,106.7576042098985,14.20413910899237,58.388670626023064,0.01670540526638589,5.839999999861902,0.2899999999931424,90.16995267863591,-0.03582987274644722,-26.15967693928229,0.20924645683430376
coarse_068_cp25_hip_dominant_medium_H1,coarse,25,26,hip_dominant,medium,H1,VALID,,PASS,PASS,501.541080919274,543.2928297478752,544.0575499948366,-41.751748828601194,-8.324691718587532,-64.98323402958488,-21.803685267547184,0.5860764595871544,3.9696027801329024,-40.443880544880756,2.6855037443426935,True,4.005291175773996,3.9597706963322414,7.3000467347509925,7.674463849306864,104.7239230434794,14.189460520513347,60.76624015119012,0.015585725901582633,6.039999999857173,0.4799999999886495,89.9491440001196,-0.25608638317785903,-43.298510582958905,1.5467617543576926
coarse_069_cp01_hip_dominant_large_H2,coarse,1,2,hip_dominant,large,H2,VALID,,PASS,PASS,501.52181763151714,680.6333120981049,681.398213523508,-179.11149446658771,-35.71359972183428,-278.77261405485694,-93.53597783847218,0.6578843103294005,11.720701282742084,-128.03521243221059,3.49115835880386,True,13.36470561595778,13.170709208286164,15.117939906679066,21.275488261819948,104.81914470737618,14.110318278340685,78.77646586141776,0.011150342997008702,7.625000000033493,2.06500000000986,89.26338519280199,-0.9383805678788377,-186.2666462966953,7.155151830107567
coarse_070_cp05_hip_dominant_small_H2,coarse,5,6,hip_dominant,small,H2,VALID,,PASS,PASS,500.185484604544,546.7125427456085,547.4771120473637,-46.527058141064515,-9.301960887139634,-72.41561833256011,-24.297457246574147,0.2577817575026984,2.6082221159461767,-45.33146047717503,0.8727895897009648,True,4.1650880799210785,4.125674870904743,6.716713611093156,7.720674674656689,104.5834022439764,14.307268525690798,60.95942135090167,0.014851683861600375,6.0650000000289594,0.5200000000024829,90.14221644567156,-0.06255985769284678,-46.90648367797346,0.3794255369089274
coarse_071_cp15_hip_dominant_medium_H2,coarse,15,16,hip_dominant,medium,H2,VALID,,PASS,PASS,500.64209314833346,620.8091882276536,621.5737612004156,-120.16709507932018,-24.00259521200833,-187.03040426525914,-62.75391077343516,0.45673574023419405,5.451654416127383,-69.02355185525573,1.7455791794019297,True,9.33719680940044,9.220492791024858,12.712749481347583,15.764904642089288,104.81426050896775,14.13739356472908,69.14543421647255,0.011627218289672305,6.874999999837428,1.324999999968668,90.29951828979401,0.09373573841165239,-119.52266187775528,-0.6444332015648714
coarse_072_cp25_hip_dominant_large_H2,coarse,25,26,hip_dominant,large,H2,VALID,,PASS,PASS,501.541080919274,705.2543839339,706.0191041808614,-203.71330301462604,-40.61747098388036,-317.06334743206713,-106.38358555895219,0.6594650515987297,12.70342191853885,-152.67202204721372,3.49115835880386,True,14.375548351131991,14.110818954678559,15.135988001562922,23.257508855573402,105.13224273263533,14.10824301809469,82.16691617260528,0.011709043241256597,7.924999999812599,2.364999999944075,88.99108945748607,-1.2141409258113924,-213.33536985145378,9.622066836827754
coarse_073_cp01_hip_dominant_small_H3,coarse,1,2,hip_dominant,small,H3,VALID,,PASS,PASS,501.52181763151714,573.2856284399637,574.0505298653669,-71.76381080844658,-14.309210145105505,-111.69459108801541,-37.47664680803246,0.20497253690058415,2.188823022545762,-72.61854844517876,0.6713766074622806,True,6.092334516854302,6.034210152398948,11.344358990675499,11.495967940751685,104.05670582384622,14.32237296172173,63.66463812514308,0.01633070774916384,6.3400000000273575,0.7800000000037244,90.42360069991955,0.22183493923871822,-70.35737729366699,-1.4064335147795424
coarse_074_cp05_hip_dominant_medium_H3,coarse,5,6,hip_dominant,medium,H3,VALID,,PASS,PASS,500.185484604544,618.7174303947536,619.4819996965088,-118.53194579020959,-23.697598078825333,-184.48542610485228,-61.899999704665795,0.3779150622526899,4.35262045018743,-119.97281019093884,1.342753214924562,True,9.63253675319155,9.509911032840217,12.85546244021426,15.885929880540097,105.0284478060527,14.206868183300585,69.69602621090138,0.01345398402523806,6.865000000032779,1.3200000000063028,90.1263554831463,-0.07842082021811336,-119.07030472100956,0.5383589307999188
coarse_075_cp15_hip_dominant_large_H3,coarse,15,16,hip_dominant,large,H3,VALID,,PASS,PASS,500.64209314833346,693.4128700153262,694.1774429880882,-192.77077686699278,-38.50470815482897,-300.0321868824666,-100.66915675420087,0.5868136087390639,9.364788646520509,-193.63507870515178,2.6855064298491236,True,14.326332758393722,14.060054965643355,16.558906108571936,22.829613274037445,104.83846837883985,14.025733759924913,82.20692435086833,0.016700675453811344,7.8199999998150815,2.2699999999463216,88.67172251045055,-1.5340600409318057,-204.76712638679584,11.996349519803045
coarse_076_cp25_hip_dominant_small_H3,coarse,25,26,hip_dominant,small,H3,VALID,,PASS,PASS,501.541080919274,571.9310428349793,572.6957630819406,-70.38996191570527,-14.034735058330137,-109.55630594731882,-36.759192576702645,0.20323051104982426,2.240913581551041,-71.15412326990253,0.6713766074622806,True,6.0277078761563665,5.969784037046797,11.540569044091063,11.440494029080702,103.89182747152792,14.323564551739862,63.47466832018475,0.016754723318431333,6.324999999850434,0.7649999999819102,90.42388029225354,0.21864990895608116,-69.00700124159076,-1.3829606741145106
coarse_077_cp01_hip_dominant_medium_H4,coarse,1,2,hip_dominant,medium,H4,INVALID,SESSION_CLEARANCE_LIMIT,FAIL,PASS,501.52181763151714,,,,,,,,,,,,,,,,,,,-0.00023481906021945425,4.855000000020267,,,,,
coarse_078_cp05_hip_dominant_large_H4,coarse,5,6,hip_dominant,large,H4,INFEASIBLE,NO_FEASIBLE_WAYPOINT:ValueError:EXPLORATION_ACTION_INFEASIBLE:target waypoint enters existing shank-table geometry (-17.189197 mm),FAIL,FAIL,500.185484604544,,,,,,,,,,,,,,,,,,,0.016488517334898586,5.320000000025402,,,,,
coarse_079_cp15_hip_dominant_small_H4,coarse,15,16,hip_dominant,small,H4,INFEASIBLE,NO_FEASIBLE_WAYPOINT:ValueError:EXPLORATION_ACTION_INFEASIBLE:target waypoint enters existing shank-table geometry (-4.425356 mm),FAIL,FAIL,500.64209314833346,,,,,,,,,,,,,,,,,,,0.008577901315955285,4.289999999898555,,,,,
coarse_080_cp25_hip_dominant_medium_H4,coarse,25,26,hip_dominant,medium,H4,INVALID,SESSION_CLEARANCE_LIMIT,FAIL,PASS,501.541080919274,,,,,,,,,,,,,,,,,,,-9.650867958592695e-05,4.809999999886259,,,,,
coarse_081_cp01_knee_dominant_large_H1,coarse,1,2,knee_dominant,large,H1,INFEASIBLE,NO_FEASIBLE_WAYPOINT:ValueError:EXPLORATION_ACTION_INFEASIBLE:target waypoint enters existing shank-table geometry (-56.362058 mm),FAIL,FAIL,501.52181763151714,,,,,,,,,,,,,,,,,,,0.021624066604358307,0.004999999999988347,,,,,
coarse_082_cp05_knee_dominant_small_H1,coarse,5,6,knee_dominant,small,H1,INFEASIBLE,NO_FEASIBLE_WAYPOINT:ValueError:EXPLORATION_ACTION_INFEASIBLE:CAUSAL_TRACKING_OFFSET_CLEARANCE,FAIL,FAIL,500.185484604544,,,,,,,,,,,,,,,,,,,0.02175203968522919,0.005000000000023874,,,,,
coarse_083_cp15_knee_dominant_medium_H1,coarse,15,16,knee_dominant,medium,H1,INFEASIBLE,NO_FEASIBLE_WAYPOINT:ValueError:EXPLORATION_ACTION_INFEASIBLE:target waypoint enters existing shank-table geometry (-18.315172 mm),FAIL,FAIL,500.64209314833346,,,,,,,,,,,,,,,,,,,0.02181385965907746,0.004999999999881766,,,,,
coarse_084_cp25_knee_dominant_large_H1,coarse,25,26,knee_dominant,large,H1,INFEASIBLE,NO_FEASIBLE_WAYPOINT:ValueError:EXPLORATION_ACTION_INFEASIBLE:target waypoint enters existing shank-table geometry (-56.153352 mm),FAIL,FAIL,501.541080919274,,,,,,,,,,,,,,,,,,,0.02183675925820255,0.004999999999881766,,,,,
coarse_085_cp01_knee_dominant_small_H2,coarse,1,2,knee_dominant,small,H2,INFEASIBLE,NO_FEASIBLE_WAYPOINT:ValueError:EXPLORATION_ACTION_INFEASIBLE:target waypoint enters existing shank-table geometry (-14.351711 mm),FAIL,FAIL,501.52181763151714,,,,,,,,,,,,,,,,,,,0.0063929447612253556,0.554999999999735,,,,,
coarse_086_cp05_knee_dominant_medium_H2,coarse,5,6,knee_dominant,medium,H2,INFEASIBLE,NO_FEASIBLE_WAYPOINT:ValueError:EXPLORATION_ACTION_INFEASIBLE:target waypoint enters existing shank-table geometry (-5.047413 mm),FAIL,FAIL,500.185484604544,,,,,,,,,,,,,,,,,,,0.02175203968522919,0.005000000000023874,,,,,
coarse_087_cp15_knee_dominant_large_H2,coarse,15,16,knee_dominant,large,H2,INFEASIBLE,NO_FEASIBLE_WAYPOINT:ValueError:EXPLORATION_ACTION_INFEASIBLE:target waypoint enters existing shank-table geometry (-29.710542 mm),FAIL,FAIL,500.64209314833346,,,,,,,,,,,,,,,,,,,0.02181385965907746,0.004999999999881766,,,,,
coarse_088_cp25_knee_dominant_small_H2,coarse,25,26,knee_dominant,small,H2,INFEASIBLE,NO_FEASIBLE_WAYPOINT:ValueError:EXPLORATION_ACTION_INFEASIBLE:target waypoint enters existing shank-table geometry (-13.929584 mm),FAIL,FAIL,501.541080919274,,,,,,,,,,,,,,,,,,,0.006820149384309968,0.5499999999869942,,,,,
coarse_089_cp01_knee_dominant_medium_H3,coarse,1,2,knee_dominant,medium,H3,INFEASIBLE,NO_FEASIBLE_WAYPOINT:ValueError:EXPLORATION_ACTION_INFEASIBLE:CAUSAL_TRACKING_OFFSET_CLEARANCE,FAIL,FAIL,501.52181763151714,,,,,,,,,,,,,,,,,,,0.021624066604358307,0.004999999999988347,,,,,
coarse_090_cp05_knee_dominant_large_H3,coarse,5,6,knee_dominant,large,H3,INFEASIBLE,NO_FEASIBLE_WAYPOINT:ValueError:EXPLORATION_ACTION_INFEASIBLE:target waypoint enters existing shank-table geometry (-18.376020 mm),FAIL,FAIL,500.185484604544,,,,,,,,,,,,,,,,,,,0.02175203968522919,0.005000000000023874,,,,,
coarse_091_cp15_knee_dominant_small_H3,coarse,15,16,knee_dominant,small,H3,INFEASIBLE,NO_FEASIBLE_WAYPOINT:ValueError:EXPLORATION_ACTION_INFEASIBLE:target waypoint enters existing shank-table geometry (-6.849105 mm),FAIL,FAIL,500.64209314833346,,,,,,,,,,,,,,,,,,,0.010154310194802712,0.5349999999873489,,,,,
coarse_092_cp25_knee_dominant_medium_H3,coarse,25,26,knee_dominant,medium,H3,INVALID,SESSION_CLEARANCE_LIMIT,FAIL,PASS,501.541080919274,,,,,,,,,,,,,,,,,,,-0.00010329190291036554,0.5349999999873489,,,,,
coarse_093_cp01_knee_dominant_large_H4,coarse,1,2,knee_dominant,large,H4,INFEASIBLE,NO_FEASIBLE_WAYPOINT:ValueError:EXPLORATION_ACTION_INFEASIBLE:target waypoint enters existing shank-table geometry (-18.503656 mm),FAIL,FAIL,501.52181763151714,,,,,,,,,,,,,,,,,,,0.021624066604358307,0.004999999999988347,,,,,
coarse_094_cp05_knee_dominant_small_H4,coarse,5,6,knee_dominant,small,H4,INFEASIBLE,NO_FEASIBLE_WAYPOINT:ValueError:EXPLORATION_ACTION_INFEASIBLE:target waypoint enters existing shank-table geometry (-7.008541 mm),FAIL,FAIL,500.185484604544,,,,,,,,,,,,,,,,,,,0.009995740548135523,0.5400000000025784,,,,,
coarse_095_cp15_knee_dominant_medium_H4,coarse,15,16,knee_dominant,medium,H4,INVALID,SESSION_CLEARANCE_LIMIT,FAIL,PASS,500.64209314833346,,,,,,,,,,,,,,,,,,,-0.00012402389721141976,0.5349999999873489,,,,,
coarse_096_cp25_knee_dominant_large_H4,coarse,25,26,knee_dominant,large,H4,INFEASIBLE,NO_FEASIBLE_WAYPOINT:ValueError:EXPLORATION_ACTION_INFEASIBLE:target waypoint enters existing shank-table geometry (-18.293093 mm),FAIL,FAIL,501.541080919274,,,,,,,,,,,,,,,,,,,0.02183675925820255,0.004999999999881766,,,,,
coarse_097_cp01_slower_medium_H1,coarse,1,2,slower,medium,H1,VALID,,PASS,PASS,501.52181763151714,530.7822614097034,531.5471628351066,-29.2604437781863,-5.834331179523043,-45.54152386893191,-15.280449917137224,0.9487319188082495,2.1107838573436766,-30.290519547680503,1.9588664623093401,False,2.6611740905031027,2.609268669067925,10.130252864668721,7.49383726647221,107.85110434681268,13.969848773835833,58.42707217090326,0.012799236679160577,5.875000000025137,0.3150000000015041,90.34591683530765,0.1441510746268193,-28.41355621475013,-0.846887563436187
coarse_098_cp05_slower_large_H1,coarse,5,6,slower,large,H1,VALID,,PASS,PASS,500.185484604544,511.980803774995,512.7453730767502,-11.795319170451023,-2.358189018575104,-18.358464198797677,-6.159776154013527,1.3878768805029509,3.2981711320302622,-12.188013767346007,3.9177329246186803,True,2.0563853189913974,1.982079960407517,12.386987662243449,8.201634120260637,107.38219895953355,14.277719498608533,57.291772519060544,0.017960315128868167,5.700000000027217,0.1550000000007401,89.82119364430709,-0.3835826590573248,-13.981740327088245,2.1864211566371914
coarse_099_cp15_slower_small_H1,coarse,15,16,slower,small,H1,VALID,,PASS,PASS,500.64209314833346,511.9572992550239,512.7218722277859,-11.315206106690425,-2.260138782085565,-17.61120688722745,-5.90905050948908,0.49718916823367465,1.1139210683013516,-11.308258969622983,0.9794332311546703,False,1.2134523880061974,1.1671577291995217,7.539006294254983,5.057568647174163,108.37917639102956,14.156229421999846,56.65394944118601,0.01805998477856693,5.674999999865804,0.12499999999704414,90.21273995896566,0.0069574075833003235,-11.27572281865616,-0.03948328803429568
coarse_100_cp25_slower_medium_H1,coarse,25,26,slower,medium,H1,VALID,,PASS,PASS,501.541080919274,531.2109428133484,531.9756630603098,-29.669861894074415,-5.915739113472532,-46.17875018847912,-15.49425709868315,0.9517183837158001,2.1472724687414484,-30.682616232068085,1.9588664623093401,False,2.696321392107319,2.6472403583422053,9.97649092340328,7.40092754921329,107.95493695089279,13.994288480790644,58.46890994227895,0.013373037373469784,5.8799999998609564,0.319999999992433,90.34199707923638,0.13676669593891688,-28.865673721972605,-0.8041881721018147
coarse_101_cp01_faster_large_H1,coarse,1,2,faster,large,H1,VALID,,PASS,PASS,501.52181763151714,487.6318707488039,488.3967721742071,13.889946882713218,2.769559846530659,21.618583514747023,7.253637002294009,-2.01289118176485,-5.067031765741206,13.489470991704536,4.477409056707063,True,2.4479021221081547,2.3885167902197204,11.825763423897047,8.226702753086446,108.33486815366385,15.2407894326218,53.19141264460143,0.01695946301606475,5.37500000002275,-0.18500000000088335,90.72220851102139,0.520442750340564,16.68732666580563,-2.7973797830923712
coarse_102_cp05_faster_small_H1,coarse,5,6,faster,small,H1,VALID,,PASS,PASS,500.185484604544,505.682373089871,506.44694239162624,-5.49688848532702,-1.098970013028859,-8.555464163739163,-2.87059655816793,-0.5681502695746019,-1.3100160657512276,-5.58932040271543,1.1193522641767661,True,0.6116777103281933,0.588983914266225,3.672390880111727,2.523541858589208,107.49511194113893,14.689497554358185,55.58258011221172,0.015469347831970372,5.590000000026691,0.04500000000021487,90.46196298523371,0.2571866818692996,-4.059214933670781,-1.4376735516562495
coarse_103_cp15_faster_medium_H1,coarse,15,16,faster,medium,H1,VALID,,PASS,PASS,500.64209314833346,509.29706122041443,510.0616341931764,-8.654968072080976,-1.7287735471169474,-13.470760663355575,-4.519815460162261,-1.10807312171017,-2.609107087158236,-9.674336554160703,2.2387045283535327,True,1.1058238903120934,1.071612087175272,6.174917770468841,4.2498741384150795,107.24637930334809,14.898888416743151,55.54948136795249,0.01306591464218165,5.614999999867223,0.06499999999846295,90.70294946259264,0.4971669112102859,-5.863375865701203,-2.7915922063797427
coarse_104_cp25_faster_large_H1,coarse,25,26,faster,large,H1,VALID,,PASS,PASS,501.541080919274,487.57044304367105,488.33516329063235,13.97063787560296,2.7855420836108173,21.744172545677426,7.295775620729283,-2.00536793876892,-5.00885283731904,13.571830381592747,4.477409056707063,True,2.4294535890410422,2.3718905747786003,12.02256977700266,8.253279709921836,108.35920221879363,15.248647992456245,53.19598549414465,0.017142042628323233,5.374999999872898,-0.18499999999562533,90.71078010329313,0.5055497199956704,16.687967620515412,-2.7173297449124725
coarse_105_cp01_hip_leading_small_H1,coarse,1,2,hip_leading,small,H1,VALID,,PASS,PASS,501.52181763151714,522.3103744615906,523.0752758869938,-20.788556830073503,-4.145095208070782,-32.35571422820449,-10.856243463002908,0.3393182883582,1.4865797086245607,-20.33882298573934,1.1193522641767661,True,2.0419778973785396,1.990649142006847,9.921547597182272,6.884909531559387,106.8916048918474,14.231060725200575,57.84994832160215,0.017287841813773044,5.790000000024731,0.23000000000109821,90.20904567519165,0.007279914510817775,-20.74640612505565,-0.04215070501781496
coarse_106_cp05_hip_leading_medium_H1,coarse,5,6,hip_leading,medium,H1,VALID,,PASS,PASS,500.185484604544,536.8836916310756,537.6482609328308,-36.698207026531634,-7.336919634032548,-57.11780326762322,-19.164614138070633,0.5582834936025876,3.339837390882451,-35.50679114237897,2.238704528353532,True,3.4755981902237716,3.4336600654495517,7.738194858522125,7.129737644029871,105.25778183905258,14.076285387550259,59.89065462673752,0.016096483827819055,5.965000000028482,0.42000000000200544,90.00564821936499,-0.19912808399942605,-37.88600604759395,1.187799021062248
coarse_107_cp15_hip_leading_large_H1,coarse,15,16,hip_leading,large,H1,VALID,,PASS,PASS,500.64209314833346,562.7108212175256,563.4753941902875,-62.068728069192105,-12.397824497510236,-96.60497572441702,-32.413660499187685,0.7722565635581518,7.93105210463969,-60.080659388114384,4.477409056707064,True,6.424613448947396,6.362689141438668,14.02913549564533,12.817694380098931,103.0672489502937,14.657991969065725,64.20066705989764,0.013339828248246834,6.294999999851143,0.7449999999823831,89.39012251482636,-0.8156600365559967,-67.20330799919071,5.134579929998583
coarse_108_cp25_hip_leading_small_H1,coarse,25,26,hip_leading,small,H1,VALID,,PASS,PASS,501.541080919274,522.7426925022644,523.5074127492258,-21.20161158299038,-4.2272931150784245,-32.998600680362934,-11.07194977671532,0.3368567606757793,1.5203173528271634,-20.742638126679992,1.1193522641767661,True,2.0887779460585514,2.0398523114020772,10.095414493923286,6.955481718093243,106.97563021160849,14.233446479482023,57.896334120983674,0.017262901225281676,5.794999999862966,0.234999999994443,90.20581406637199,0.0005836830745238331,-21.19822913957363,-0.0033824434167856283
coarse_109_cp01_knee_leading_medium_H1,coarse,1,2,knee_leading,medium,H1,INFEASIBLE,NO_FEASIBLE_WAYPOINT:ValueError:EXPLORATION_ACTION_INFEASIBLE:target waypoint enters existing shank-table geometry (-11.654446 mm),FAIL,FAIL,501.52181763151714,,,,,,,,,,,,,,,,,,,0.021624066604358307,0.004999999999988347,,,,,
coarse_110_cp05_knee_leading_large_H1,coarse,5,6,knee_leading,large,H1,INFEASIBLE,NO_FEASIBLE_WAYPOINT:ValueError:EXPLORATION_ACTION_INFEASIBLE:target waypoint enters existing shank-table geometry (-42.655244 mm),FAIL,FAIL,500.185484604544,,,,,,,,,,,,,,,,,,,0.02175203968522919,0.005000000000023874,,,,,
coarse_111_cp15_knee_leading_small_H1,coarse,15,16,knee_leading,small,H1,VALID,,PASS,PASS,500.64209314833346,529.1517375560812,529.9163105288432,-28.50964440774777,-5.694615933802584,-44.37296512427282,-14.888365905535291,-0.16719878324195747,-0.573298709596429,-29.50507550548889,1.1193522641767661,True,2.4460659928346256,2.394715278830593,10.284553364873972,7.394283165034101,108.15158048595237,14.287485532152605,57.60107040960463,0.0008376796280329364,5.834999999862021,0.28499999999326064,90.68581620712837,0.48003365574601276,-25.708648026536043,-2.8009963812117498
coarse_112_cp25_knee_leading_medium_H1,coarse,25,26,knee_leading,medium,H1,INFEASIBLE,NO_FEASIBLE_WAYPOINT:ValueError:EXPLORATION_ACTION_INFEASIBLE:target waypoint enters existing shank-table geometry (-11.443604 mm),FAIL,FAIL,501.541080919274,,,,,,,,,,,,,,,,,,,0.02183675925820255,0.004999999999881766,,,,,
coarse_113_cp01_hip_dominant_large_H1,coarse,1,2,hip_dominant,large,H1,VALID,,PASS,PASS,501.52181763151714,618.9307886710964,619.6956900964996,-117.40897103957923,-23.410541059620073,-182.73760635892734,-61.31355749055251,0.7471291666059372,9.539215201818962,-66.6925421388816,5.371007488685387,True,9.544751018525343,9.424539917740201,13.667225718578715,16.363600889012343,104.04923216115631,14.805691575980687,69.43610482448017,0.012069809902312875,6.88500000002996,1.3250000000063267,89.89553938538897,-0.3062263752918568,-119.51733963347277,2.1083685938936085
coarse_114_cp05_hip_dominant_small_H1,coarse,5,6,hip_dominant,small,H1,VALID,,PASS,PASS,500.185484604544,526.1875728579489,526.9521421597041,-26.002088253404906,-5.198489171264665,-40.470155948807495,-13.578864705850465,0.37791481670961247,1.8622155259419912,-25.20112386139573,1.3427518721713467,True,2.456132839587052,2.4104281341281735,10.073184919092617,7.210105611956887,106.74145884040367,14.206868146405483,58.334232102074395,0.016650783888373957,5.835000000027861,0.2900000000013847,90.1778188269814,-0.02695747638301782,-26.159385128100585,0.15729687469566006
coarse_115_cp15_hip_dominant_medium_H1,coarse,15,16,hip_dominant,medium,H1,VALID,,PASS,PASS,500.64209314833346,542.2687362001354,543.0333091728974,-41.62664305180198,-8.314651049421162,-64.7885169650238,-21.738352268115708,0.5868133270503364,3.9720021963802026,-40.001972680048254,2.6855037443426935,True,3.9576353546273193,3.9120212549675704,7.267432561786231,7.5907957045339804,104.70469561846622,14.189113394606046,60.680055424387675,0.015532275023160288,6.029999999857409,0.4799999999886495,89.92848030065645,-0.27730225072590997,-43.29877562363965,1.6721325718376965
coarse_116_cp25_hip_dominant_large_H1,coarse,25,26,hip_dominant,large,H1,VALID,,PASS,PASS,501.541080919274,631.5260820795862,632.2908023265476,-129.9850011603122,-25.917119475450118,-202.31118426709085,-67.88103814371782,0.758939581382684,13.357986753228474,-78.7993539262041,5.371007488685387,True,10.835500330023082,10.700370777736982,11.759739702401783,17.883501033515294,104.71573793928006,14.636152370272216,71.72947331790839,0.011852184729611717,7.064999999832935,1.5049999999644115,89.38798048046989,-0.8172499028275695,-135.75887172365242,5.773870563340244
coarse_117_cp01_knee_dominant_small_H1,coarse,1,2,knee_dominant,small,H1,INFEASIBLE,NO_FEASIBLE_WAYPOINT:ValueError:EXPLORATION_ACTION_INFEASIBLE:CAUSAL_TRACKING_OFFSET_CLEARANCE,FAIL,FAIL,501.52181763151714,,,,,,,,,,,,,,,,,,,0.021624066604358307,0.004999999999988347,,,,,
coarse_118_cp05_knee_dominant_medium_H1,coarse,5,6,knee_dominant,medium,H1,INFEASIBLE,NO_FEASIBLE_WAYPOINT:ValueError:EXPLORATION_ACTION_INFEASIBLE:target waypoint enters existing shank-table geometry (-18.375982 mm),FAIL,FAIL,500.185484604544,,,,,,,,,,,,,,,,,,,0.02175203968522919,0.005000000000023874,,,,,
coarse_119_cp15_knee_dominant_large_H1,coarse,15,16,knee_dominant,large,H1,INFEASIBLE,NO_FEASIBLE_WAYPOINT:ValueError:EXPLORATION_ACTION_INFEASIBLE:target waypoint enters existing shank-table geometry (-56.174452 mm),FAIL,FAIL,500.64209314833346,,,,,,,,,,,,,,,,,,,0.02181385965907746,0.004999999999881766,,,,,
coarse_120_cp25_knee_dominant_small_H1,coarse,25,26,knee_dominant,small,H1,INVALID,SESSION_CLEARANCE_LIMIT,FAIL,PASS,501.541080919274,,,,,,,,,,,,,,,,,,,-0.00010327082391709246,0.5349999999873489,,,,,
refine_001_cp01_faster_fine_low_H1,refine,1,2,faster,fine_low,H1,VALID,,PASS,PASS,501.52181763151714,497.31254909375986,498.07745051916305,4.209268537757282,0.83929918694982,6.551387430628355,2.1981729862529247,-0.7934430783033335,-1.900383933333245,3.806914281137381,1.5670931698474717,True,0.8321607183615671,0.8070822005779948,4.406979306304057,3.066950638971229,107.47444762000572,14.777923734237733,54.77529519125172,0.01767061485901727,5.500000000023347,-0.06000000000028649,90.42046347120888,0.21869771052804765,5.412105945666692,-1.202837407909368
refine_002_cp01_faster_fine_mid_H1,refine,1,2,faster,fine_mid,H1,VALID,,PASS,PASS,501.52181763151714,510.43297775821145,511.19787918361465,-8.911160126694313,-1.7768240210920603,-13.8695029605897,-4.653604608726234,-1.4190344186596349,-3.419968294062727,-9.93320525489446,2.9103158868595917,True,1.336068034973557,1.300660971796783,6.561179564349514,4.637765378716813,107.54789246895844,15.016555880121928,55.458945164962344,0.012309432029802832,5.62000000002392,0.06000000000028649,90.8243732661991,0.6226075055182747,-5.412105945666692,-3.4990541810275966
refine_003_cp01_faster_fine_high_H1,refine,1,2,faster,fine_high,H1,VALID,,PASS,PASS,501.52181763151714,504.82580186810793,505.5907032935111,-3.303984236590793,-0.6587917255911542,-5.142385334751786,-1.7254135322402093,-1.7703664655930353,-4.388809331113521,-4.310069945313671,3.8057976982010024,True,1.5496258783140426,1.5208120914021694,6.463251352407407,4.659731222182313,108.01684036884551,15.145555324562304,54.752216574439174,0.01368532893416485,5.555000000023609,-0.005000000000023874,90.87773210908414,0.6759663484033069,0.45100882880555765,-3.754993065396329
refine_004_cp01_faster_fine_low_H2,refine,1,2,faster,fine_low,H2,VALID,,PASS,PASS,501.52181763151714,508.3035164787186,509.0684179041218,-6.781698847201483,-1.3522240925088123,-10.555168003021937,-3.5415529023870747,-0.5220084659982547,-2.9279449097565475,-7.797322081807835,1.0186115790124355,True,1.2198734076209954,1.1856211206143115,6.400207963260863,4.448489254517378,108.09415945737332,14.666389565395674,55.39372572984115,0.01273553718741088,5.605000000023848,0.04500000000021487,90.68751409037571,0.4857483296948857,-4.059079459250019,-2.7226193879514184
refine_005_cp01_faster_fine_mid_H2,refine,1,2,faster,fine_mid,H2,VALID,,PASS,PASS,501.52181763151714,479.18685331589654,479.95175474129974,22.334964315620596,4.453438221511383,34.76257291934438,11.663811602212215,-0.9381624158084563,-4.5277018342936515,21.863878211066037,1.8917072181659529,True,2.9417272812803827,2.878281954361192,13.139811282922722,9.187552042824745,107.86095269178062,14.816693883808293,52.54312417615421,0.01550505209442973,5.295000000022368,-0.26500000000126533,90.49798929440459,0.29622353372376153,23.903467926694557,-1.5685036110739432
refine_006_cp01_faster_fine_high_H2,refine,1,2,faster,fine_high,H2,VALID,,PASS,PASS,501.52181763151714,476.2010051674847,476.9659065928879,25.32081246403243,5.04879579987413,39.40980505808853,13.223087443612732,-1.2286508527205129,-5.479553550818935,24.825265470476666,2.4737709776016303,True,3.479312321057441,3.4222143822221067,13.129900197654038,9.519433861061188,109.38882443073715,14.948164682241593,51.977496337697104,0.014922377101527964,5.255000000022177,-0.30500000000145633,90.61864988876785,0.4168841280870197,27.511538557139016,-2.1907260931065338
refine_007_cp01_faster_fine_low_H3,refine,1,2,faster,fine_low,H3,VALID,,PASS,PASS,501.52181763151714,481.98655683775957,482.75145826316276,19.535260793757573,3.8951966010201984,30.40505989823596,10.20174459554044,-0.393398813174862,-2.746766437110665,19.550137481248782,0.7835473684711043,True,2.310573167858386,2.2491765609608807,11.782612638276197,8.04671754547876,109.89575734789719,14.594776284521606,53.27084003901516,0.01712546480425461,5.340000000022583,-0.22000000000105047,90.25965483815006,0.05788907746922689,19.844388467444535,-0.3091276736869789
refine_008_cp01_faster_fine_mid_H3,refine,1,2,faster,fine_mid,H3,VALID,,PASS,PASS,501.52181763151714,466.1271810117062,466.8920824371094,35.39463661981091,7.057447029316757,55.08890092962236,18.483860884143294,-0.7254291301965097,-4.204950674730043,34.60277797833834,1.4551593985891946,True,3.5678792590023223,3.5110412535634254,10.82422295813668,8.626002165151032,108.34781341697592,14.732862153847085,51.57152360277012,0.016752364447139022,5.165000000021747,-0.39500000000188606,90.24727609094745,0.0455103302666231,35.629697475639055,-0.23506085582809802
refine_009_cp01_faster_fine_high_H3,refine,1,2,faster,fine_high,H3,VALID,,PASS,PASS,501.52181763151714,463.81480048551566,464.57970191091886,37.707017146001476,7.518519797219656,58.68793496088573,19.691437060624942,-0.9449201997376591,-4.859139887020405,36.78951451562864,1.9029007520012542,True,3.9859830988201668,3.930999559281426,10.528271430164613,8.845035327287283,110.00618275061505,14.82103539181409,51.14828381098047,0.01643188225103735,5.135000000021604,-0.4250000000020293,90.32420652065517,0.12244075997433868,38.335750448472396,-0.6287333024708743
refine_010_cp01_faster_fine_low_H4,refine,1,2,faster,fine_low,H4,VALID,,PASS,PASS,501.52181763151714,463.1906596240518,463.955561049455,38.33115800746532,7.642969190949207,59.659359938422185,20.017377201763438,-0.393398813174862,-2.746766437110665,19.550137481248782,0.7835473684711043,True,3.0942283715541037,3.0250201634215106,9.944375193692888,8.335552567330636,109.89575734789719,14.594776284521606,51.21341509930961,0.01712546480425461,5.135000000021604,-0.4250000000020293,90.20266010167538,0.0008943409945487701,38.335750448472396,-0.004592441007027256
refine_011_cp01_faster_fine_mid_H4,refine,1,2,faster,fine_mid,H4,VALID,,PASS,PASS,501.52181763151714,433.71566088402824,434.48056230943143,67.8061567474889,13.520081153739174,105.5348213234691,35.40987245811975,-0.7254291301965097,-4.204950674730043,34.60277797833834,1.4551593985891946,True,4.945508379076459,4.850517694516185,13.182026784192614,11.544211272151271,108.34781341697592,14.732862153847085,47.902869211890774,0.016752364447139022,4.805000000020028,-0.755000000003605,90.26340497028521,0.06163920960437963,68.10233314963921,-0.29617640215027863
refine_012_cp01_faster_fine_high_H4,refine,1,2,faster,fine_high,H4,VALID,,PASS,PASS,501.52181763151714,428.0890162521844,428.8539176775876,73.43280137933272,14.641995382399486,114.29224047765652,38.348230541482614,-0.9449201997376591,-4.859139887020405,36.78951451562864,1.9029007520012542,True,5.673905485188855,5.57014078491315,13.59978124842753,12.631374027610983,110.00618275061505,14.82103539181409,47.225286221008716,0.01643188225103735,4.745000000019742,-0.8150000000038915,90.21897075877837,0.01720499809754017,73.51443909530589,-0.08163771597316775
refine_013_cp05_faster_fine_low_H1,refine,5,6,faster,fine_low,H1,VALID,,PASS,PASS,500.185484604544,495.85301415073286,496.6175834524881,4.3324704538111405,0.866172767335796,6.743141289291558,2.2625117475590604,-0.7932527688083582,-1.8351228497919863,3.9301338520984075,1.5670931698474717,True,0.8095718021344458,0.781911695394604,4.694883960676579,3.196333403335829,107.48630793756534,14.786036700647498,54.65450084579918,0.017821463063801567,5.48500000002619,-0.06000000000028649,90.40164341811581,0.19686711475139873,5.412286578227707,-1.079816124416578
refine_014_cp05_faster_fine_mid_H1,refine,5,6,faster,fine_mid,H1,VALID,,PASS,PASS,500.185484604544,509.041483055179,509.80605235693423,-8.855998450635013,-1.7705428732376614,-13.78364825496908,-4.624797963319241,-1.4171577704301228,-3.388051532664491,-10.345274799512737,2.9103158868595917,True,1.3254188638401145,1.2902799153098132,6.755464251894553,4.715646666489545,107.56504551798602,15.026074021126897,55.31758592975833,0.012501276083182963,5.605000000026763,0.06000000000028649,90.8191762805974,0.614399977232992,-5.412286578227707,-3.443711872407363
refine_015_cp05_faster_fine_high_H1,refine,5,6,faster,fine_high,H1,VALID,,PASS,PASS,500.185484604544,504.33881411667596,505.1033834184312,-4.153329512131961,-0.8303578652258694,-6.464322843022218,-2.168960391735872,-1.766791594144678,-4.315841783195509,-5.15611206285098,3.8057976982010024,True,1.514902511011308,1.4845146209697542,6.796094584535336,4.788677691379381,108.03036943196021,15.153154746561444,54.71021142126607,0.013900130551321162,5.5500000000265,0.005000000000023874,90.87185839896718,0.6670820956027654,-0.45102388151897566,-3.702305630613026
refine_016_cp05_faster_fine_low_H2,refine,5,6,faster,fine_low,H2,VALID,,PASS,PASS,500.185484604544,508.2867053879122,509.0512746896674,-8.101220783368206,-1.6196433188726342,-12.608897611740842,-4.230636397258435,-0.5067667198275316,-2.8337760724024577,-9.117813087731406,1.0186115790124355,True,1.2477323217303598,1.2081589840062386,7.188110685099109,4.890894967510265,108.09480833203152,14.64729462336242,55.392817416752905,0.012887861414737408,5.605000000026763,0.06000000000028649,90.68451478777614,0.47973848441172606,-5.412286578227707,-2.688934205140564
refine_017_cp05_faster_fine_mid_H2,refine,5,6,faster,fine_mid,H2,VALID,,PASS,PASS,500.185484604544,479.18114412822086,479.9457134299761,21.004340476323136,4.199310280451173,32.69156409263918,10.96893044835591,-0.9376997083105678,-4.617183966805584,20.920220944639368,1.8917072181659529,True,2.881881057669505,2.8206763466274367,13.265527363383972,9.165336170354387,107.82988229070725,14.825513071290157,52.53684830998532,0.01561162808913499,5.295000000025283,-0.2500000000011937,90.496911071942,0.2921347685775828,22.551194075948782,-1.546853599625687
refine_018_cp05_faster_fine_high_H2,refine,5,6,faster,fine_high,H2,VALID,,PASS,PASS,500.185484604544,475.6979262225678,476.462495524323,24.487558381976214,4.895695524098732,38.1129121963631,12.787943760706519,-1.205280670558416,-5.373692715496503,23.992999922030776,2.4737709776016303,True,3.397242884420587,3.3407826435552037,13.383047878064398,9.535162573524724,109.36123262356362,14.92673761374299,51.93646456019448,0.014914633468979279,5.250000000025068,-0.2950000000014086,90.60912880386599,0.4043525005015738,26.610409009619563,-2.1228506276433987
refine_019_cp05_faster_fine_low_H3,refine,5,6,faster,fine_low,H3,VALID,,PASS,PASS,500.185484604544,481.52845465383155,482.29302395558676,18.657029950712456,3.730022266732321,29.038164330821896,9.743113054796668,-0.39353437652809475,-2.681178541603259,18.67679032885806,0.7835473684711043,True,2.234140450024813,2.1733028599177984,11.902195336053616,8.02942763778969,110.00011293941647,14.605212935106206,53.2238355791573,0.017258693984604705,5.335000000025474,-0.21000000000100272,90.25837950356744,0.05360320020302822,18.943003023796976,-0.285973073084521
refine_020_cp05_faster_fine_mid_H3,refine,5,6,faster,fine_mid,H3,VALID,,PASS,PASS,500.185484604544,465.67549451094294,466.44006381269816,34.50999009360106,6.899438539462077,53.71201986813318,18.021878931969468,-0.7253657835709788,-4.1997945170024025,33.71533085868822,1.4551593985891946,True,3.5018757211582785,3.445049506632763,11.223810721325357,8.712585533518666,108.32346343969053,14.740876941636753,51.51873431130963,0.01688944462418755,5.160000000024638,-0.3850000000018383,90.24718885827896,0.04241255491454865,34.72883887696112,-0.218848783360116
refine_021_cp05_faster_fine_high_H3,refine,5,6,faster,fine_high,H3,VALID,,PASS,PASS,500.185484604544,462.5399481012105,463.3045174029657,37.64553650333352,7.526315269443851,58.5922452927192,19.659330511309324,-0.9444448113733586,-4.9827486224995425,36.82727647278324,1.9029007520012542,True,3.9652401596756306,3.909579062347284,10.686032296019862,8.86241676494792,109.97062844058965,14.829865399261065,50.984072675174,0.016636797815090584,5.120000000024447,-0.4250000000020293,90.33983361308631,0.13505730972190122,38.33702992911293,-0.6914934257794361
refine_022_cp05_faster_fine_low_H4,refine,5,6,faster,fine_low,H4,VALID,,PASS,PASS,500.185484604544,462.73079565994914,463.49536496170435,37.454688944594864,7.488159912158834,58.295206439942014,19.559665701533337,-0.39353437652809475,-2.681178541603259,18.67679032885806,0.7835473684711043,True,3.014119563492934,2.946142980873101,9.954382357993302,8.219912938291284,110.00011293941647,14.605212935106206,51.16440446109186,0.017258693984604705,5.130000000024495,-0.41500000000198156,90.20093482607011,-0.0038414772943013986,37.434982166074974,0.01970677851986027
refine_023_cp05_faster_fine_mid_H4,refine,5,6,faster,fine_mid,H4,VALID,,PASS,PASS,500.185484604544,432.8318590767391,433.5964283784943,67.35362552780492,13.465729734451603,104.83049293054026,35.17355066167874,-0.7253657835709788,-4.1997945170024025,33.71533085868822,1.4551593985891946,True,4.887912879755044,4.792600331593217,13.336683035968903,11.52445872173911,108.32346343969053,14.740876941636753,47.79423548111439,0.01688944462418755,4.795000000022895,-0.7500000000035811,90.26733244518715,0.06255614182273916,67.65358222784634,-0.2999567000414665
refine_024_cp05_faster_fine_high_H4,refine,5,6,faster,fine_high,H4,VALID,,PASS,PASS,500.185484604544,427.11077266283246,427.8753419645877,73.07471194171154,14.609522705259185,113.73490311140664,38.16122832925009,-0.9444448113733586,-4.9827486224995425,36.82727647278324,1.9029007520012542,True,5.679260827395686,5.575840540843973,13.690988916237254,12.62805897631481,109.97062844058965,14.829865399261065,47.13297690403273,0.016636797815090584,4.735000000022609,-0.8100000000038676,90.20290869288132,-0.0018676104830888107,73.06586880607405,0.008843135637467744
refine_025_cp15_faster_fine_low_H1,refine,15,16,faster,fine_low,H1,VALID,,PASS,PASS,500.64209314833346,497.2447297044511,498.0093026772131,3.397363443882341,0.6786012383652583,5.2877225493876185,1.7741782164376585,-0.7937415606696732,-1.8716245598144212,3.3821670990612347,1.5670931698474717,True,0.7907325642352391,0.7674124471874558,4.327384798118348,2.971124703362099,107.48992410423593,14.78468455790983,54.78023868385073,0.017869803218166763,5.499999999869942,-0.04999999999881766,90.40813267567444,0.20235012429208155,4.510289127462464,-1.1129256835801313
refine_026_cp15_faster_fine_mid_H1,refine,15,16,faster,fine_mid,H1,VALID,,PASS,PASS,500.64209314833346,510.45186592998056,511.21643890274254,-9.809772781647098,-1.9594382725506454,-15.26812117652276,-5.122879981752135,-1.417520936131126,-3.3869786624928793,-10.827356434101858,2.9103158868595917,True,1.3625793558645583,1.3257619834713352,7.098413662333428,4.9196825362259995,107.57938933484492,15.026726793033832,55.44596306751364,0.01259376048130564,5.619999999867105,0.06999999999834472,90.82773415338988,0.6219516020075275,-6.314404778447449,-3.4953680031996504
refine_027_cp15_faster_fine_high_H1,refine,15,16,faster,fine_high,H1,VALID,,PASS,PASS,500.64209314833346,505.17415728774654,505.9387302605085,-4.53206413941308,-0.9052503178294061,-7.053792784047946,-2.366743977929092,-1.7669823172480719,-4.31395362575671,-5.147783667984612,3.8057976982010024,True,1.5133028340920385,1.4836920143515973,6.816833593363063,4.787615038235716,108.04247377439299,15.154100089901979,54.81193529873673,0.013988978828500555,5.5599999998685234,0.009999999999763531,90.85866138483675,0.6528788334543947,-0.9020578254924927,-3.630006313920596
refine_028_cp15_faster_fine_low_H2,refine,15,16,faster,fine_low,H2,VALID,,PASS,PASS,500.64209314833346,506.8935982444407,507.65817121720266,-6.251505096107223,-1.2486974590558424,-9.72996413551879,-3.2646740169747246,-0.5224226196969894,-2.947248125426455,-7.278103379701378,1.0186115790124355,True,1.1978984377365056,1.1671767554236483,6.331722555475623,4.354172160098313,108.09998739238196,14.674660585470336,55.24857629827366,0.01291106028474939,5.589999999867814,0.039999999999054126,90.67864011742883,0.47285756604647133,-3.6082313019699708,-2.6432737941372695
refine_029_cp15_faster_fine_mid_H2,refine,15,16,faster,fine_mid,H2,VALID,,PASS,PASS,500.64209314833346,480.12802976382545,480.89260273658743,20.514063384508006,4.097550658496062,31.928487290094758,10.712896923922974,-0.9381906099747042,-4.612684617450242,20.435363552004674,1.8917072181659529,True,2.8544506045352525,2.7943707100772914,13.298063667729387,9.14358492605348,107.82986491769401,14.824836929399435,52.619421352536,0.015647454121531647,5.304999999874553,-0.24499999999420652,90.50481239871422,0.299029847331866,22.10041672456607,-1.5863533400580367
refine_030_cp15_faster_fine_high_H2,refine,15,16,faster,fine_high,H2,VALID,,PASS,PASS,500.64209314833346,476.2401729426264,477.00474591538836,24.401920205707086,4.8741247569203345,37.979623272988675,12.743221613858871,-1.227897824838422,-5.5103732046600555,23.913102490386052,2.4737709776016303,True,3.4166053569749453,3.3620665812474995,13.391324694289475,9.544445768716308,109.36912404449366,14.957419251957946,51.96208397406964,0.01495989795646199,5.254999999875736,-0.2949999999930242,90.62610332138686,0.4203207700045084,26.610705852028534,-2.208785646321461
refine_031_cp15_faster_fine_low_H3,refine,15,16,faster,fine_low,H3,VALID,,PASS,PASS,500.64209314833346,482.36683781670445,483.13141078946643,18.275255331629012,3.6503633197726946,28.44396288742127,9.543741917750287,-0.3939000918436193,-2.679454283793916,18.676864171500824,0.7835473684711043,True,2.2329569248392986,2.1735145420537667,11.938075772042227,8.025317447272187,110.00922231793363,14.603365567435107,53.32487101750185,0.017301911448837106,5.3449999998736075,-0.2049999999951524,90.24636816241551,0.04058561103315128,18.4921854225961,-0.2169300909670639
refine_032_cp15_faster_fine_mid_H3,refine,15,16,faster,fine_mid,H3,VALID,,PASS,PASS,500.64209314833346,466.08279734995256,466.84737032271454,34.5592957983809,6.902994428824715,53.78876022614442,18.047627459853352,-0.7258632268033054,-4.295060385361069,34.14435242713779,1.4551593985891946,True,3.5412832649359482,3.486975342401761,11.077606363577415,8.665912925386188,108.32093674660592,14.739421151187532,51.56529755977833,0.016958220565700077,5.164999999877864,-0.38499999999089596,90.23868293532894,0.03290038394658268,34.72922628146097,-0.1699304830800812
refine_033_cp15_faster_fine_high_H3,refine,15,16,faster,fine_high,H3,VALID,,PASS,PASS,500.64209314833346,463.37362029036433,464.1381932631263,37.26847285796913,7.444134915544743,58.005376100452516,19.46241954877433,-0.9449347734601403,-4.977713681739203,36.83030076694999,1.9029007520012542,True,3.9648272300833156,3.910887088179447,10.719571224373757,8.861625852208864,109.97803293724077,14.829199964867492,51.08580412335819,0.01666526821535484,5.129999999878692,-0.4199999999900683,90.32624177413678,0.12045922275441967,37.886428670684694,-0.6179558127155602
refine_034_cp15_faster_fine_low_H4,refine,15,16,faster,fine_low,H4,VALID,,PASS,PASS,500.64209314833346,462.80889832017016,463.57347129293214,37.8331948281633,7.5569344539620715,58.88432035980381,19.757329832708308,-0.3939000918436193,-2.679454283793916,18.676864171500824,0.7835473684711043,True,3.0116375486832045,2.943306397546829,9.978261051162258,8.221481839260674,110.00922231793363,14.603365567435107,51.15019756543545,0.017301911448837106,5.129999999878692,-0.4199999999900683,90.2161595187357,0.010376967353337818,37.886428670684694,-0.05323384252136419
refine_035_cp15_faster_fine_mid_H4,refine,15,16,faster,fine_mid,H4,VALID,,PASS,PASS,500.64209314833346,432.8700550808465,433.6346280536085,67.77203806748696,13.537023553352519,105.48171834623938,35.39205492995918,-0.7258632268033054,-4.295060385361069,34.14435242713779,1.4551593985891946,True,4.9291754727319725,4.834413048044299,13.33282915243387,11.549139711641518,108.32093674660592,14.739421151187532,47.78200596879141,0.016958220565700077,4.794999999886613,-0.7549999999821466,90.27529824631543,0.06951569493307375,68.1053658246832,-0.33332775719620644
refine_036_cp15_faster_fine_high_H4,refine,15,16,faster,fine_high,H4,VALID,,PASS,PASS,500.64209314833346,427.57109471081844,428.3356676835804,73.07099843751502,14.595456402397446,113.72912334124028,38.159289055351095,-0.9449347734601403,-4.977713681739203,36.83030076694999,1.9029007520012542,True,5.67840145859751,5.575939298114856,13.73207215102714,12.632491906501354,109.97803293724077,14.829199964867492,47.175606066491035,0.01666526821535484,4.739999999887914,-0.809999999980846,90.2048723039935,-0.0009102473888589202,73.06668386489191,0.0043145726230892556
refine_037_cp25_faster_fine_low_H1,refine,25,26,faster,fine_low,H1,VALID,,PASS,PASS,501.541080919274,496.2682395046379,497.0329597515992,5.272841414636105,1.05132792013199,8.206752944764375,2.7535942300854668,-0.7930219877438844,-1.853511964434233,4.869957301338388,1.5670931698474717,True,0.8807213677807817,0.8515312566176441,5.057100661638889,3.4342761101115955,107.4837165027863,14.77993345876233,54.70046403205632,0.01789384158688961,5.489999999870179,-0.06999999999834472,90.39494344560529,0.18971306230783114,6.314366126681508,-1.0415247120453641
refine_038_cp25_faster_fine_mid_H1,refine,25,26,faster,fine_mid,H1,VALID,,PASS,PASS,501.541080919274,510.0168838793062,510.7816041262675,-8.475802960032183,-1.6899518867919843,-13.191904597852808,-4.426251482038292,-1.4157927091759248,-3.405948462834715,-9.874675509125723,2.9103158868595917,True,1.32471712904584,1.2908295740150448,6.6737127893295405,4.649477421709263,107.60584107177348,15.022593515168413,55.395496685755546,0.012721119230134966,5.614999999867223,0.05499999999869942,90.83114583995841,0.6259154566609482,-4.961287670964041,-3.514515289068117
refine_039_cp25_faster_fine_high_H1,refine,25,26,faster,fine_high,H1,VALID,,PASS,PASS,501.541080919274,505.23293472003934,505.99765496700064,-3.6918538007653297,-0.7361019747372509,-5.746073069250726,-1.9279675842115367,-1.764672345827293,-4.332682421556825,-4.685973139797454,3.8057976982010024,True,1.5194274781672716,1.4903971405505407,6.739310373654543,4.745914432796649,108.07233297707883,15.151264410971203,54.80132122068853,0.014131987728611736,5.5599999998685234,0.0,90.8692328654652,0.6640024821677315,0.0,-3.6918538007652866
refine_040_cp25_faster_fine_low_H2,refine,25,26,faster,fine_low,H2,VALID,,PASS,PASS,501.541080919274,506.9243193594358,507.6890396063971,-5.38323844016179,-1.0733394820410043,-8.378577022729495,-2.8112459947796085,-0.5220758787184252,-2.935794944936248,-6.78748601159316,1.0186115790124355,True,1.1822674435955756,1.1523650824993608,6.20309435175089,4.262057254937316,108.10210354898177,14.668313685845522,55.244209702177955,0.013140981929848385,5.589999999867814,0.029999999999290594,90.68413584461949,0.4789054613220287,-2.7061569114349315,-2.677081528726836
refine_041_cp25_faster_fine_mid_H2,refine,25,26,faster,fine_mid,H2,VALID,,PASS,PASS,501.541080919274,479.2448293951337,480.009549642095,22.296251524140303,4.44554840518219,34.70231957764533,11.643594927583097,-0.9553493704988938,-4.656014912346421,21.83362138342119,1.8917072181659529,True,2.9540998223593835,2.894455416673635,13.240328213277811,9.182856006364327,107.86309032591504,14.84970113958352,52.520140047912584,0.01570061480616094,5.29499999987479,-0.2649999999937336,90.50893850924766,0.3037081259501946,23.904386051008565,-1.608134526868253
refine_042_cp25_faster_fine_high_H2,refine,25,26,faster,fine_high,H2,VALID,,PASS,PASS,501.541080919274,476.69099008638636,477.45571033334767,24.850090832887645,4.954746834963139,38.67716475492319,12.977266212596977,-1.2264979507851237,-5.5245640643050535,24.363612646111363,2.4737709776016303,True,3.4529870944588708,3.3985401952612273,13.321607964566669,9.534724267674077,109.37476757029692,14.953066298546277,52.00670238166914,0.015048802897239612,5.2599999998756175,-0.29999999999290594,90.62566351666514,0.4204331333676805,27.061569114349318,-2.211478281461705
refine_043_cp25_faster_fine_low_H3,refine,25,26,faster,fine_low,H3,VALID,,PASS,PASS,501.541080919274,482.4295994667357,483.194319713697,19.111481452538328,3.81055155392434,29.745481488229608,9.980437664978929,-0.3936397270054144,-2.6955758701051025,19.12893180216159,0.7835473684711043,True,2.269490218474284,2.2100873873435884,11.920202873108684,8.03365243024189,109.8896528688446,14.597045784733957,53.31231657726018,0.017317340241954342,5.3449999998736075,-0.21499999999491592,90.25811028590152,0.05287990260406161,19.394124531950343,-0.2826430794120257
refine_044_cp25_faster_fine_mid_H3,refine,25,26,faster,fine_mid,H3,VALID,,PASS,PASS,501.541080919274,465.68758615153166,466.45230639849296,35.85349476774235,7.148665609211219,55.80307667674661,18.723486742236528,-0.741270893687485,-4.337366498751976,35.054242435367314,1.4551593985891946,True,3.6092773424823945,3.554070856262396,10.769207087685732,8.59681595613045,108.33252666875828,14.763554121384274,51.50742353955289,0.016966648478078074,5.159999999877982,-0.39999999999054126,90.24953220204335,0.04430181874589323,36.082092152465755,-0.22859738472340346
refine_045_cp25_faster_fine_high_H3,refine,25,26,faster,fine_high,H3,VALID,,PASS,PASS,501.541080919274,463.4426436065252,464.2073638534865,38.098437312748786,7.596274515124106,59.29714892229506,19.895845315669884,-0.9439057534708937,-4.991320984980035,37.27644143309112,1.9029007520012542,True,4.001039745346809,3.946267113083541,10.606917701928687,8.856611812192247,109.98456697343757,14.824512818950462,51.07193297749533,0.01663071180768116,5.129999999878692,-0.42999999998983185,90.33969661159536,0.1344662282978959,38.788249063900686,-0.6898117511518941
refine_046_cp25_faster_fine_low_H4,refine,25,26,faster,fine_low,H4,VALID,,PASS,PASS,501.541080919274,463.25678158146263,464.02150182842394,38.284299337811376,7.633332700810895,59.58642819348049,19.99290656966166,-0.3936397270054144,-2.6955758701051025,19.12893180216159,0.7835473684711043,True,3.048240349784134,2.9794337436231833,10.010180162050279,8.274791903135037,109.8896528688446,14.597045784733957,51.19827354739654,0.017317340241954342,5.134999999878573,-0.4249999999899501,90.21553682422925,0.010306440931785232,38.337222911994864,-0.052923574183465695
refine_047_cp25_faster_fine_mid_H4,refine,25,26,faster,fine_mid,H4,VALID,,PASS,PASS,501.541080919274,433.7097633977272,434.4744836446885,67.8313175215468,13.524578564375794,105.57398204163881,35.42301196997345,-0.741270893687485,-4.337366498751976,35.054242435367314,1.4551593985891946,True,4.9813541773058665,4.8882774052258995,13.274060837654012,11.559311557568721,108.33252666875828,14.763554121384274,47.891398176903216,0.016966648478078074,4.804999999886377,-0.7549999999821466,90.26217760832114,0.056947225023677106,68.10494893777911,-0.273631416232298
refine_048_cp25_faster_fine_high_H4,refine,25,26,faster,fine_high,H4,VALID,,PASS,PASS,501.541080919274,428.0290148087429,428.7937350557042,73.51206611053112,14.657237244811721,114.41560964714697,38.389624334565674,-0.9439057534708937,-4.991320984980035,37.27644143309112,1.9029007520012542,True,5.71565801351609,5.612667050265544,13.718095840895579,12.66859175687259,109.98456697343757,14.824512818950462,47.22151146041698,0.01663071180768116,4.744999999887796,-0.8149999999807278,90.20632556772696,0.0010951844295021829,73.51726276064898,-0.0051966501178649736
refine_049_cp01_hip_leading_very_small_H2,refine,1,2,hip_leading,very_small,H2,VALID,,PASS,PASS,501.52181763151714,526.0375429459432,526.8024443713464,-24.51572531442605,-4.888266961187016,-38.15675175792966,-12.802653154859316,0.10077513459577148,1.0333730907445613,-23.67401803267302,0.3637898496472981,True,2.2182496731853787,2.170375807052786,9.97377184190601,7.0139948847751805,106.71017413633413,14.399772467856481,58.12257390346054,0.01674102692166848,5.8250000000248985,0.26500000000126533,90.3068743250978,0.10510856441696603,-23.903467926694557,-0.6122573877314442
refine_050_cp01_hip_leading_fine_low_H2,refine,1,2,hip_leading,fine_low,H2,VALID,,PASS,PASS,501.52181763151714,553.8417371663227,554.6066385917259,-52.319919534805535,-10.432231997780509,-81.43174048820376,-27.322617393665535,0.31056812945435297,3.0706599349594796,-50.26905864990687,1.0186115790124355,True,4.717863508639864,4.678159654218712,8.532485652104913,9.090611505889296,104.33508002891112,14.258276274829898,62.02620552010774,0.01391785526395439,6.15000000002645,0.5900000000028172,90.05556701852694,-0.14619874215388506,-53.2190417990558,0.8991222642502601
refine_051_cp01_hip_leading_very_small_H4,refine,1,2,hip_leading,very_small,H4,INFEASIBLE,NO_FEASIBLE_WAYPOINT:ValueError:EXPLORATION_ACTION_INFEASIBLE:target waypoint enters existing shank-table geometry (-4.217454 mm),FAIL,FAIL,501.52181763151714,,,,,,,,,,,,,,,,,,,0.0016355221714827424,4.8700000000203385,,,,,
refine_052_cp01_hip_leading_fine_low_H4,refine,1,2,hip_leading,fine_low,H4,INFEASIBLE,NO_FEASIBLE_WAYPOINT:ValueError:EXPLORATION_ACTION_INFEASIBLE:target waypoint enters existing shank-table geometry (-7.762165 mm),FAIL,FAIL,501.52181763151714,,,,,,,,,,,,,,,,,,,0.007474916605520601,4.475000000018452,,,,,
refine_053_cp05_hip_leading_very_small_H2,refine,5,6,hip_leading,very_small,H2,VALID,,PASS,PASS,500.185484604544,524.2232841859429,524.9878534876981,-24.03779958139893,-4.805777120942177,-37.412898850460856,-12.553069782748045,0.10022376724089099,1.047937459479698,-23.18815897995421,0.3637898496472981,True,2.1903419772518555,2.1435095470361283,10.0736896655622,7.021137716213826,106.74867511649487,14.412525759905028,57.926807146511955,0.016789062241205768,5.805000000027718,0.26000000000124146,90.30547531153141,0.10069900816699828,-23.45324183898673,-0.5845577424122163
refine_054_cp05_hip_leading_fine_low_H2,refine,5,6,hip_leading,fine_low,H2,VALID,,PASS,PASS,500.185484604544,551.1603242996127,551.9248936013679,-50.97483969506874,-10.191187322313121,-79.33823206121744,-26.62018699713916,0.3086857796554341,3.0841686472847982,-49.41255845931397,1.0186115790124355,True,4.619207891534115,4.5784359594809425,8.118883057435545,8.791764505606684,104.3606822656714,14.269450592357153,61.69240010899436,0.014151709689624922,6.120000000029222,0.5750000000027455,90.05887651911455,-0.14589978424986327,-51.8677463746822,0.8929066796134267
refine_055_cp05_hip_leading_very_small_H4,refine,5,6,hip_leading,very_small,H4,INFEASIBLE,NO_FEASIBLE_WAYPOINT:ValueError:EXPLORATION_ACTION_INFEASIBLE:target waypoint enters existing shank-table geometry (-4.203246 mm),FAIL,FAIL,500.185484604544,,,,,,,,,,,,,,,,,,,0.0016560480542229918,4.860000000023206,,,,,
refine_056_cp05_hip_leading_fine_low_H4,refine,5,6,hip_leading,fine_low,H4,INFEASIBLE,NO_FEASIBLE_WAYPOINT:ValueError:EXPLORATION_ACTION_INFEASIBLE:target waypoint enters existing shank-table geometry (-7.772348 mm),FAIL,FAIL,500.185484604544,,,,,,,,,,,,,,,,,,,0.007468195563439734,4.455000000021272,,,,,
refine_057_cp15_hip_leading_very_small_H2,refine,15,16,hip_leading,very_small,H2,VALID,,PASS,PASS,500.64209314833346,525.0675834088223,525.8321563815842,-24.425490260488857,-4.8788327219724845,-38.016308164734454,-12.755530416977761,0.10022445108858591,1.0460585083561966,-23.193062772481767,0.3637898496472981,True,2.1904245075974473,2.144276086745883,10.09922059336553,7.019240554898911,106.78475999563813,14.40961063325825,58.02562726165159,0.016797481630064472,5.8149999998624935,0.2649999999937336,90.29537118164033,0.08958863025797825,-23.904532375551057,-0.5209578849378245
refine_058_cp15_hip_leading_fine_low_H2,refine,15,16,hip_leading,fine_low,H2,VALID,,PASS,PASS,500.64209314833346,551.6515489740113,552.4161219467733,-51.00945582567789,-10.18880683901353,-79.39210928024862,-26.638264304992315,0.308566586297367,3.084044470982576,-49.388630199000715,1.0186115790124355,True,4.6291941399875505,4.588065520584814,8.199974647381836,8.813320917846301,104.269700079112,14.266107757237478,61.73174250836347,0.014290828435604721,6.124999999855163,0.574999999986403,90.06555901829489,-0.1402235330874646,-51.86832496581833,0.8588691401404112
refine_059_cp15_hip_leading_very_small_H4,refine,15,16,hip_leading,very_small,H4,INFEASIBLE,NO_FEASIBLE_WAYPOINT:ValueError:EXPLORATION_ACTION_INFEASIBLE:target waypoint enters existing shank-table geometry (-4.188458 mm),FAIL,FAIL,500.64209314833346,,,,,,,,,,,,,,,,,,,0.001674659988647434,4.859999999885076,,,,,
refine_060_cp15_hip_leading_fine_low_H4,refine,15,16,hip_leading,fine_low,H4,INFEASIBLE,NO_FEASIBLE_WAYPOINT:ValueError:EXPLORATION_ACTION_INFEASIBLE:target waypoint enters existing shank-table geometry (-7.736851 mm),FAIL,FAIL,500.64209314833346,,,,,,,,,,,,,,,,,,,0.007506870419915002,4.44499999989489,,,,,
refine_061_cp25_hip_leading_very_small_H2,refine,25,26,hip_leading,very_small,H2,VALID,,PASS,PASS,501.541080919274,524.6428585288756,525.407578775837,-23.10177760960164,-4.60615859567444,-35.956056046107015,-12.064258438333258,0.10007170405809518,1.029949799490879,-22.252492460065753,0.3637898496472981,True,2.1210868101545586,2.0739990459961177,10.060280092715985,6.947354419075082,106.78416068602941,14.40184076205277,57.9708853579053,0.01679473763026029,5.809999999862612,0.24999999999408828,90.2999756525442,0.09474526924674365,-22.551307595291096,-0.5504700143105637
refine_062_cp25_hip_leading_fine_low_H2,refine,25,26,hip_leading,fine_low,H2,VALID,,PASS,PASS,501.541080919274,551.673641684223,552.4383619311843,-50.13256076494895,-9.995703776261168,-78.02729275041501,-26.180330339272945,0.3082327454789322,3.0693803713163845,-48.448918392923645,1.0186115790124355,True,4.571383520502842,4.531542032131853,7.907812576740983,8.633223034785091,104.26788091666246,14.25945188415731,61.72750983117525,0.01429929882256328,6.124999999855163,0.5649999999866395,90.06916599139075,-0.13606439190671438,-50.96595516535788,0.8333944004089184
refine_063_cp25_hip_leading_very_small_H4,refine,25,26,hip_leading,very_small,H4,INFEASIBLE,NO_FEASIBLE_WAYPOINT:ValueError:EXPLORATION_ACTION_INFEASIBLE:target waypoint enters existing shank-table geometry (-4.188945 mm),FAIL,FAIL,501.541080919274,,,,,,,,,,,,,,,,,,,0.0016746833775776434,4.864999999884958,,,,,
refine_064_cp25_hip_leading_fine_low_H4,refine,25,26,hip_leading,fine_low,H4,INFEASIBLE,NO_FEASIBLE_WAYPOINT:ValueError:EXPLORATION_ACTION_INFEASIBLE:target waypoint enters existing shank-table geometry (-7.723529 mm),FAIL,FAIL,501.541080919274,,,,,,,,,,,,,,,,,,,0.0075212366090031514,4.44499999989489,,,,,
