case,time_s,saved_status,definition,frame,reference_point,velocity_error_norm_m_s,velocity_feedback_force_norm_n,force_projection_n,target_v_x,target_v_y,target_v_z,measured_v_x,measured_v_y,measured_v_z,velocity_error_x,velocity_error_y,velocity_error_z,velocity_force_x,velocity_force_y,velocity_force_z,target_w_x,target_w_y,target_w_z,measured_w_x,measured_w_y,measured_w_z,reconstructed_nominal_executable_force_norm_n
40/80,11.93499999999486,FILTER_INFEASIBLE,current,WORLD,cuff_center,0.5938322273134324,83.13651182388055,65.72131258873523,0.03207475664735889,1.7744683908117096e-06,-0.003995106658852237,-0.1245716092244772,9.397699200049776e-05,-0.5767940432446962,0.15664636587183609,-9.220252360968605e-05,0.5727989365858439,21.930491222057054,-0.012908353305356047,80.19185112201815,-1.0333466684462616e-06,-0.06590986641813387,-3.757079105554994e-05,-0.02188899836779137,1.2665149404846052,-0.023474940058865162,213.38293869140358
40/80,11.93499999999486,FILTER_INFEASIBLE,matched_processing,WORLD,cuff_center,0.5938025206086166,83.13235288520633,65.74231451370923,0.031793559867618976,1.7526368744099312e-06,-0.003949073928725842,-0.1245716092244772,9.397699200049776e-05,-0.5767940432446962,0.1563651690920962,-9.222435512608783e-05,0.5728449693159704,21.891123672893467,-0.012911409717652296,80.19829570423586,-1.0224898798385315e-06,-0.06521738875441362,-3.717605601771389e-05,-0.02188899836779137,1.2665149404846052,-0.023474940058865162,213.40394331139746
40/80,11.93499999999486,FILTER_INFEASIBLE,instantaneous_truth_diagnostic,WORLD,cuff_center,0.10722510481171185,15.01151467363966,14.764216319705199,0.03207475664735889,1.7744683908117096e-06,-0.003995106658852237,0.054472160607299785,0.00024312474449617722,-0.10885463721178787,-0.022397403959940894,-0.0002413502761053655,0.10485953055293563,-3.1356365543917253,-0.03378903865475117,14.680334277410989,-1.0333466684462616e-06,-0.06590986641813387,-3.757079105554994e-05,0.01021447591865286,0.03964764232855692,0.0046627666263483955,169.4272665878667
120/120,10.409999999998414,FILTER_INFEASIBLE,current,WORLD,cuff_center,0.9677701059106404,135.48781482748964,116.1998101861988,-0.08619340906245765,-1.7422324692131065e-05,0.03293438148318268,0.13412352011647685,-0.0005598846803706048,-0.9094239019451793,-0.2203169291789345,0.0005424623556784737,0.942358283428362,-30.84437008505083,0.07594472979498632,131.93015967997067,-1.4240866776654126e-07,-0.00908324046119984,-5.177745730966369e-06,0.014718915619909357,2.3492662037198073,-0.019824484256724978,237.7851338618048
120/120,10.409999999998414,FILTER_INFEASIBLE,matched_processing,WORLD,cuff_center,0.9680291520785405,135.52408129099567,116.21627029353509,-0.08605434970433028,-1.7594671645568312e-05,0.03323290243095005,0.13412352011647685,-0.0005598846803706048,-0.9094239019451793,-0.22017786982080711,0.0005422900087250365,0.9426568043761293,-30.824901774912995,0.07592060122150511,131.9719526126581,-1.4234940269670819e-07,-0.00907946036195094,-5.175590950100118e-06,0.014718915619909357,2.3492662037198073,-0.019824484256724978,237.80159786888314
120/120,10.409999999998414,FILTER_INFEASIBLE,instantaneous_truth_diagnostic,WORLD,cuff_center,0.6740137488601046,94.36192484041464,86.36137437563065,-0.08619340906245765,-1.7422324692131065e-05,0.03293438148318268,0.14810938009647304,0.0007965855598331441,-0.5990435248046572,-0.23430278915893069,-0.0008140078845252751,0.6319779062878399,-32.802390482250296,-0.11396110383353852,88.47690688029759,-1.4240866776654126e-07,-0.00908324046119984,-5.177745730966369e-06,0.08286514890784118,1.3379311734706396,-0.01598320894401143,210.34151293970618
90/120,22.185000000014917,SAFE_UNCHANGED,current,WORLD,cuff_center,0.4677161069306894,65.48025497029651,55.82771389428934,0.0702152722785349,2.555852444681484e-05,-0.0467681302536132,0.14141941479638348,0.0018491164678689283,-0.5090288807041841,-0.07120414251784858,-0.0018235579434221134,0.46226075045057086,-9.968579952498802,-0.25529811207909586,64.71650506307992,-9.895006068901174e-07,-0.06311323664385687,-3.59766201275964e-05,0.019117270095241196,0.7145476971180184,-0.018221007898384264,199.78836731220062
90/120,22.185000000014917,SAFE_UNCHANGED,matched_processing,WORLD,cuff_center,0.46785766869356543,65.50007361709916,55.818232949711415,0.07054986342648446,2.544233307549493e-05,-0.046573500092543456,0.14141941479638348,0.0018491164678689283,-0.5090288807041841,-0.07086955136989902,-0.0018236741347934333,0.4624553806116406,-9.921737191785862,-0.25531437887108066,64.74375328562968,-9.902166112793196e-07,-0.06315890549359426,-3.600265287359418e-05,0.019117270095241196,0.7145476971180184,-0.018221007898384264,199.77889349255423
90/120,22.185000000014917,SAFE_UNCHANGED,instantaneous_truth_diagnostic,WORLD,cuff_center,0.07119895765607645,9.967854071850702,-0.7782466967730417,0.0702152722785349,2.555852444681484e-05,-0.0467681302536132,0.12078786737883586,4.559144575519208e-05,0.0033487710354214856,-0.05057259510030096,-2.003292130837724e-05,-0.050116901289034683,-7.080163314042134,-0.0028046089831728132,-7.016366180464856,-9.895006068901174e-07,-0.06311323664385687,-3.59766201275964e-05,0.0013287892854084299,-0.28717290068753243,0.013438124075197566,149.8365053667161
