scope,windows,rank1_fraction,rank2_fraction,rank3_fraction,normalized_sigma1_median,normalized_sigma2_median,normalized_sigma3_median,physical_scaled_sigma1_median,physical_scaled_sigma2_median,physical_scaled_sigma3_median,raw_condition_median,physical_scale_condition_median,column_normalized_condition_median,weighted_residual_rms_median,physical_scaled_sigma_min_over_residual_rms_median,conditional_lambda_information_abs_median,conditional_lambda_information_ratio_median,abs_corr_lambda_kappa_median,abs_corr_lambda_beta_median,abs_corr_kappa_beta_median,lambda_1d_relative_width_median,lambda_kappa_2d_lambda_relative_width_median,lambda_kappa_2d_kappa_relative_width_median,profile_truth_inclusion_1d_fraction,profile_truth_inclusion_2d_fraction,profile_boundary_hit_fraction,profile_region_resolved_fraction,within_scope_stable_1d_subspace,within_scope_stable_2d_subspace,practical_identifiability,physical_v1_direction_json,physical_v1_projector_eigenvalues_json,physical_v1_angular_dispersion_mean_deg,physical_v1_angular_dispersion_p95_deg,physical_v1_stability_concentration,physical_v2_direction_json,physical_v2_projector_eigenvalues_json,physical_v2_angular_dispersion_mean_deg,physical_v2_angular_dispersion_p95_deg,physical_v2_stability_concentration,physical_v3_direction_json,physical_v3_projector_eigenvalues_json,physical_v3_angular_dispersion_mean_deg,physical_v3_angular_dispersion_p95_deg,physical_v3_stability_concentration,physical_v12_basis_json,physical_v12_projector_eigenvalues_json,physical_v12_angular_dispersion_mean_deg,physical_v12_angular_dispersion_p95_deg,physical_v12_stability_concentration,cross_condition_v1_direction_json,cross_condition_v1_angular_dispersion_p95_deg,cross_condition_v1_stability_concentration,cross_condition_v12_basis_json,cross_condition_v12_angular_dispersion_p95_deg,cross_condition_v12_stability_concentration,cross_condition_stable_1d_subspace,cross_condition_stable_2d_subspace,state_source,summary_kind,true_minus_estimated_residual_rms_median,true_minus_estimated_physical_condition_median,true_minus_estimated_conditional_lambda_information_abs_median,true_minus_estimated_conditional_lambda_information_ratio_median,true_minus_estimated_v1_angle_median_deg,true_minus_estimated_v12_principal_angle_median_deg,true_minus_estimated_truth_inclusion_1d,true_minus_estimated_truth_inclusion_2d,true_minus_estimated_lambda_optimum_error_median,true_minus_estimated_lambda_width_median,estimated_v1_stability_concentration,true_v1_stability_concentration,true_minus_estimated_v1_stability_concentration,estimated_v12_stability_concentration,true_v12_stability_concentration,true_minus_estimated_v12_stability_concentration,estimated_cross_condition_stable_1d,true_cross_condition_stable_1d,estimated_cross_condition_stable_2d,true_cross_condition_stable_2d
overall,710,1.0,1.0,1.0,1.3969645670689212,0.9356391359673569,0.3871083270181743,32.85725534267522,1.8115555954191702,0.4655348762617325,322.0173659395482,68.91242544597156,3.667245011886075,0.01471946087543141,24.146621678150794,3.252709271397258,0.8969158837884874,0.25791570839304656,0.2565071943854982,0.8395178661534008,0.03104053666062571,0.038073458739488794,0.012200760526509365,0.5633802816901409,0.008450704225352112,0.0,1.0,False,False,not established,"[-0.012456370684112433, -0.5659881702543675, -0.8243192524510716]","[0.0005444287801292067, 0.24762558680609303, 0.7518299844137781]",27.70850643589484,60.65476004860367,0.7518299844137778,"[-0.028733765829194145, 0.5805086969172768, 0.81374690383723]","[0.012511185346467349, 0.29339377312466636, 0.6940950415288674]",32.77452306521578,54.11601448566501,0.6940950415288666,"[-0.011819627161193036, 0.5722359421329555, -0.8200038554451922]","[0.0016912956920848072, 0.22380275247692571, 0.7745059518309887]",25.949834779623412,48.12540355509193,0.7745059518309892,"[[-0.11005442836826222, 0.20813378479501898, 0.9718890628170668], [0.5437912180082328, 0.8311079616927696, -0.11640733322266789]]","[0.37473211598906253, 0.6878819749980329, 0.937385909012905]",36.579412176643245,66.59974854028415,0.8126339420054689,"[-0.011550093385067005, -0.5809177941782151, -0.813880280968837]",19.59466345364594,0.96855473288018,"[[-0.11129972605079366, 0.24924059910781574, 0.9620246850977343], [0.6448974480517343, 0.7546454914860492, -0.12090270334504437]]",32.34407340108497,0.9469355819632708,True,False,estimated,state_source,,,,,,,,,,,,,,,,,,,,
clean,75,1.0,1.0,1.0,1.3875133387494833,0.9690695177419296,0.3282994455675021,32.970239752550576,1.9638628088828842,0.3716208703300834,300.09101919063863,87.68717663689323,4.266410607523391,0.005249386548937407,41.28023923020423,3.749224241156243,0.9641309792109276,0.1561421227158589,0.18928556514871395,0.8916655026402963,0.018635912707200133,0.022858295378675352,0.002939739604574117,0.72,0.0,0.0,1.0,False,False,not established,"[0.008974574056860633, 0.5680908217285555, 0.8229169309767984]","[7.307313968570323e-05, 0.2046118401256337, 0.7953150867346808]",24.974649000081328,40.696390891664755,0.7953150867346805,"[-0.032238458376943495, 0.6469512172273157, 0.7618495942963888]","[0.012856151942465045, 0.2625081427069944, 0.7246357053505403]",31.196122652804174,38.56461093360504,0.7246357053505404,"[-0.0010024338083217418, 0.5682778780370417, -0.8228361006058114]","[1.3407354551495211e-06, 0.20396079643034334, 0.7960378628342016]",24.9187800928104,40.68187293435609,0.7960378628342014,"[[0.24898764962925254, -0.2106106457061235, -0.94532973413902], [0.7562347780324222, 0.6520759927360857, 0.05390603112362256]]","[0.3772489035650989, 0.6934727934334297, 0.9292783030014717]",37.259567800124856,64.25152916218629,0.8113755482174507,"[-0.011550093385067005, -0.5809177941782151, -0.813880280968837]",19.59466345364594,0.96855473288018,"[[-0.11129972605079366, 0.24924059910781574, 0.9620246850977343], [0.6448974480517343, 0.7546454914860492, -0.12090270334504437]]",32.34407340108497,0.9469355819632708,True,False,estimated,state_source,,,,,,,,,,,,,,,,,,,,
initial_theta_offset,87,1.0,1.0,1.0,1.4006868233190886,0.9412084963121102,0.44333898878479394,30.11528299952169,2.06652598088214,0.3493905758111704,402.0655088736903,80.91570991887339,3.0574920386752984,0.005885078769033382,61.66336175115509,4.067218687578446,0.9025706367666249,0.20843765078196622,0.2782282151880158,0.7955573628969945,0.01802215425116068,0.022105460405582228,0.002872238991038366,0.2413793103448276,0.0,0.0,1.0,False,False,not established,"[0.0011456782593881627, 0.5501688431031065, 0.8350526519327482]","[2.5312982781225416e-05, 0.28095871515218906, 0.7190159718650297]",29.921783255024188,62.19550246777294,0.7190159718650297,"[0.002495863983567777, 0.6207425663468301, 0.7840104827029591]","[0.013745910359880455, 0.27761897330946705, 0.7086351163306531]",30.93238787028055,51.369454527805125,0.7086351163306527,"[-0.00122085993205752, 0.5533864758755944, -0.8329237166865981]","[3.033920468214377e-07, 0.2701622479142636, 0.7298374486936896]",29.202462807579128,56.778672883166415,0.7298374486936896,"[[-0.1178474327810569, 0.07540308155816783, 0.9901648134924037], [0.5076969433462835, 0.8615201484932522, -0.005181453175049298]]","[0.3571841147394683, 0.6497772010820789, 0.9930386841784529]",35.25456616757064,57.24830064866395,0.8214079426302658,"[-0.011550093385067005, -0.5809177941782151, -0.813880280968837]",19.59466345364594,0.96855473288018,"[[-0.11129972605079366, 0.24924059910781574, 0.9620246850977343], [0.6448974480517343, 0.7546454914860492, -0.12090270334504437]]",32.34407340108497,0.9469355819632708,True,False,estimated,state_source,,,,,,,,,,,,,,,,,,,,
mass_mismatch,150,1.0,1.0,1.0,1.5503377673926728,0.6578633469303536,0.34403042253705607,36.12099813126091,0.3950098837254892,0.10272993010010259,417.4753833195773,365.12348111628864,4.099317617995112,0.0011613119224184406,38.2018623409362,0.15839267198562768,0.5256676360182164,0.6069901524008172,0.6706529349118402,0.880722141319114,0.032906823294746076,0.04036259217877432,0.0026548874921173016,0.14,0.0,0.0,1.0,False,False,not established,"[-0.022927653363688, -0.22855026097504375, -0.973262092614047]","[0.00036130919091236153, 0.25763639467904986, 0.7420022961300383]",26.683618069386036,82.47867346872812,0.742002296130038,"[0.0657459139662268, -0.3244628917229681, -0.9436107813561244]","[0.0026384232597141018, 0.255187836434608, 0.7421737403056776]",27.823544166490912,72.0209910541983,0.7421737403056777,"[0.0029643628639977643, -0.27462301128614836, 0.9615474061245955]","[1.862157525887175e-05, 0.16861186812734444, 0.8313695102973961]",20.865260134652708,57.76032669736594,0.8313695102973966,"[[-0.03146829354851267, 0.07684098878832578, 0.9965466416295713], [0.9429367178326488, 0.33294671195732656, 0.00410282339331368]]","[0.4162494922037499, 0.5865841640138265, 0.9971663437824234]",38.00829645130094,70.5590968059052,0.791875253898125,"[-0.011550093385067005, -0.5809177941782151, -0.813880280968837]",19.59466345364594,0.96855473288018,"[[-0.11129972605079366, 0.24924059910781574, 0.9620246850977343], [0.6448974480517343, 0.7546454914860492, -0.12090270334504437]]",32.34407340108497,0.9469355819632708,True,False,estimated,state_source,,,,,,,,,,,,,,,,,,,,
noise,79,1.0,1.0,1.0,1.396686386203683,0.9380029945403349,0.4114144479940842,35.9948336390367,1.8730310273382373,0.5583214958348419,212.1886690401587,60.7098776292935,3.5039428913720734,0.050762958406586,10.848585783259491,3.4926954310758775,0.9190949224470762,0.23083485771508894,0.2595146865526555,0.8100318963496981,0.13265938147471487,0.1627162871560061,0.026421025481050412,1.0,0.0,0.0,1.0,False,False,not established,"[-0.029043584950267657, -0.6477776967801597, -0.7612755911806367]","[0.0009216515053655777, 0.18716539939069463, 0.8119129491039396]",23.903165386930073,42.01114745566372,0.8119129491039399,"[-0.03698059541145322, 0.6906337645448433, 0.7222585678506228]","[0.014383014933951537, 0.30906217358980737, 0.6765548114762414]",34.08281433869487,52.07176213249605,0.6765548114762411,"[-0.04363731647088994, 0.7046432938491807, -0.7082186195269058]","[0.006973949255976261, 0.15576080480300047, 0.8372652459410228]",22.014635969383324,37.864962567001676,0.8372652459410231,"[[-0.10022408072119654, 0.353362458073521, 0.9301022023776905], [0.5205354426194171, 0.8152930214305206, -0.2536535869718775]]","[0.2419567375646918, 0.8122157837125424, 0.9458274787227656]",27.47279810326861,62.98298469840014,0.879021631217654,"[-0.011550093385067005, -0.5809177941782151, -0.813880280968837]",19.59466345364594,0.96855473288018,"[[-0.11129972605079366, 0.24924059910781574, 0.9620246850977343], [0.6448974480517343, 0.7546454914860492, -0.12090270334504437]]",32.34407340108497,0.9469355819632708,True,False,estimated,state_source,,,,,,,,,,,,,,,,,,,,
noise_bias,73,1.0,1.0,1.0,1.3917312356495486,0.9330278367758464,0.4556467076745305,33.93127144242333,2.275059540389087,0.548749413365369,228.12407576922715,58.464924255242536,3.238564048461424,0.05172723805937454,11.019842309298248,4.823078146582266,0.9013425157837619,0.24881169645552065,0.25760188445115306,0.7913992708220542,0.10960830824928701,0.13444248710203105,0.026545435866620934,1.0,0.0,0.0,1.0,False,False,not established,"[-0.02027724465154699, -0.652533817364285, -0.7574882510939265]","[0.0007220622289493342, 0.19431958806582078, 0.8049583497052297]",24.244898542449818,41.76565372932082,0.80495834970523,"[-0.0314918404798059, 0.642441346017604, 0.7656875217151473]","[0.011610021034019055, 0.2596446350863529, 0.7287453438796285]",30.629037914366588,42.85590724026038,0.7287453438796282,"[-0.03700910370221919, 0.7023028020508086, -0.7109156774714857]","[0.0063642106640964865, 0.16439596050807054, 0.8292398288278333]",22.51113469995806,38.51632935380991,0.829239828827833,"[[-0.01630626983155899, 0.4620232442847943, 0.8867178961229628], [0.47494636153673214, 0.7839774950866801, -0.3997564769464449]]","[0.2592351942734821, 0.8033249693080539, 0.937439836418464]",28.61725888132873,72.19297021022882,0.870382402863259,"[-0.011550093385067005, -0.5809177941782151, -0.813880280968837]",19.59466345364594,0.96855473288018,"[[-0.11129972605079366, 0.24924059910781574, 0.9620246850977343], [0.6448974480517343, 0.7546454914860492, -0.12090270334504437]]",32.34407340108497,0.9469355819632708,True,False,estimated,state_source,,,,,,,,,,,,,,,,,,,,
parameter_mismatch_high_k,72,1.0,1.0,1.0,1.3875452045660968,0.9745295807644965,0.35341399654893857,23.861255771823465,1.6781193857694114,0.3639048711256655,349.49441785562135,56.99719357561947,3.916837384102571,0.002518355226661346,124.60340843788357,5.070978027821095,0.9667362798510126,0.13548984240098821,0.16289205799650125,0.8747181419285178,0.0068861342193630125,0.008446342108076765,0.0014096476655366327,0.4166666666666667,0.08333333333333333,0.0,1.0,False,False,not established,"[0.004173369077068537, 0.6649587182309208, 0.7468684529682837]","[3.213844950771162e-05, 0.2363752261383836, 0.7635926354121088]",27.126685870436088,41.42257754308542,0.7635926354121088,"[-0.015217238871487524, 0.6953083092965924, 0.7185504788560385]","[0.01864386979292502, 0.2889450582974064, 0.6924110719096687]",32.95076986281629,52.889715800744256,0.6924110719096687,"[-0.000922329761382268, 0.664926201156181, -0.746908492603894]","[5.00541829014666e-07, 0.23585953285395517, 0.7641399666042155]",27.08722446421792,41.424978980048074,0.7641399666042157,"[[0.17479732325369962, 0.5896325757869648, 0.7885298481060633], [0.8449290450710513, 0.3213448517463719, -0.4275890492650906]]","[0.4099066255103646, 0.755923522034883, 0.8341698524547518]",39.4003493716952,72.15002389136012,0.7950466872448174,"[-0.011550093385067005, -0.5809177941782151, -0.813880280968837]",19.59466345364594,0.96855473288018,"[[-0.11129972605079366, 0.24924059910781574, 0.9620246850977343], [0.6448974480517343, 0.7546454914860492, -0.12090270334504437]]",32.34407340108497,0.9469355819632708,True,False,estimated,state_source,,,,,,,,,,,,,,,,,,,,
parameter_mismatch_low_k,84,1.0,1.0,1.0,1.3909317261198824,0.9565267531722497,0.37882416142515446,40.2409004790972,1.5219577599968317,0.3830726242883435,353.0988963155026,105.11569126582324,3.692036053877559,0.006718060213261923,41.7849748441804,2.324546944634844,0.941092522075622,0.18751874963812137,0.199210131880386,0.8525374203296132,0.024695216775362565,0.030290468814032294,0.00282999920372884,0.6071428571428571,0.0,0.0,1.0,False,False,not established,"[-0.00143912566133504, 0.47716367875430415, 0.8788132637796218]","[6.886209746617178e-05, 0.23510595101665116, 0.7648251868858826]",26.997926681520113,48.920770051174024,0.7648251868858826,"[0.008547425557666442, 0.5273979170146869, 0.8495754108052478]","[0.015417189661720225, 0.2734962871225022, 0.7110865232157779]",31.94988483284208,43.159779561500116,0.7110865232157776,"[-0.0009412344664958038, 0.4763702034528545, -0.8792443024210985]","[2.3516888342677725e-05, 0.23523581222633425, 0.7647406708853226]",26.991655898225147,48.978685998718134,0.7647406708853229,"[[-0.23171803862741114, 0.12266373971100832, 0.9650183197923111], [0.6831670989678623, 0.7267371404729128, 0.07166479990266252]]","[0.37163087869100375, 0.7047060737297475, 0.9236630475792492]",36.6443890405805,61.043949056770316,0.8141845606544984,"[-0.011550093385067005, -0.5809177941782151, -0.813880280968837]",19.59466345364594,0.96855473288018,"[[-0.11129972605079366, 0.24924059910781574, 0.9620246850977343], [0.6448974480517343, 0.7546454914860492, -0.12090270334504437]]",32.34407340108497,0.9469355819632708,True,False,estimated,state_source,,,,,,,,,,,,,,,,,,,,
stronger_noise,90,1.0,1.0,1.0,1.3974769159396812,0.9016561166083261,0.4427737087795617,42.239278108206676,2.31481347453673,0.8586436253649508,126.40173137678583,48.31474207559813,3.1271895602062703,0.08678579850058886,9.565913536318,5.031928292210205,0.724278384592363,0.43378981745265693,0.33854649275101084,0.7195126660802852,0.18878351831480722,0.23155659051944336,0.04032276666407833,0.7888888888888889,0.0,0.0,1.0,False,False,not established,"[0.006527628827887202, 0.7668134886593475, 0.6418367889673872]","[0.0006998797927556867, 0.1754439577886639, 0.8238561624185805]",22.610349393073452,48.4959055579227,0.8238561624185805,"[0.0016346538620514084, 0.7472566818288091, 0.6645335050762672]","[0.011623815027173603, 0.33463226004883667, 0.6537439249239897]",35.09807913436362,67.42289608992526,0.6537439249239897,"[-0.009377294277473452, 0.765476700334897, -0.6433952809870708]","[0.000196880432486284, 0.1682630600882464, 0.8315400594792665]",21.93572056167773,45.82552805101024,0.8315400594792672,"[[0.011703844142952207, 0.5882838872426002, 0.8085697793282984], [0.16295691958659844, 0.7966927885029117, -0.5820014116016407]]","[0.13328429167943742, 0.8846923600506265, 0.9820233482699356]",16.873967878197774,56.05635698352384,0.933357854160281,"[-0.011550093385067005, -0.5809177941782151, -0.813880280968837]",19.59466345364594,0.96855473288018,"[[-0.11129972605079366, 0.24924059910781574, 0.9620246850977343], [0.6448974480517343, 0.7546454914860492, -0.12090270334504437]]",32.34407340108497,0.9469355819632708,True,False,estimated,state_source,,,,,,,,,,,,,,,,,,,,
overall,710,1.0,1.0,1.0,1.3731912111857587,0.9568859062097315,0.4720848296075543,25.958693846959015,1.6806775930270297,0.3438885862687065,365.4452067117761,69.05389734216975,2.963760316590557,0.0037115879723016543,88.86806965629964,3.375351933781725,0.8958055572044465,0.25346999112150054,0.1917702759103894,0.702985744595275,0.009510775756238666,0.011665647384925018,0.0016801950552286476,0.4943661971830986,0.37464788732394366,0.0,1.0,False,False,not established,"[0.0036452022010008407, 0.5503448984910746, 0.8349294612155945]","[0.0005858101072867234, 0.2871879601792505, 0.7122262297134633]",30.52611658078284,59.95374825667598,0.7122262297134629,"[-0.004054059033615674, 0.6113583773869393, 0.791343477261398]","[0.0075611430656712195, 0.3220228545395027, 0.6704160023948275]",34.193964113360515,53.63388932481876,0.6704160023948266,"[-0.0073037076143750304, 0.5421901598392267, -0.8402240691795242]","[0.00017621018981468043, 0.2557859686618268, 0.7440378211483598]",28.22150969447004,51.971667755965285,0.7440378211483588,"[[-0.014389811934033115, 0.27585722665946677, 0.9610909029911013], [0.32071261970700027, 0.9116795627110158, -0.2568731019311367]]","[0.2209637737051688, 0.8267125391509568, 0.9523236871438722]",25.4350112984812,77.77271217871169,0.8895181131474145,"[-0.0038027650776156804, -0.5893450164115516, -0.8078725088828268]",18.98461762313662,0.9728193179405822,"[[0.020146774261879746, 0.42096028271066505, 0.9068553070181581], [0.35085583015005134, 0.8463774243207891, -0.40068122248219434]]",16.726454443777016,0.9857589775296196,True,True,true,state_source,,,,,,,,,,,,,,,,,,,,
clean,75,1.0,1.0,1.0,1.3699221798179773,0.9751499742703488,0.4137732693270514,24.62460439360284,1.6958115740925366,0.3327262176590347,346.8904899615586,73.19246352170941,3.327668739314366,0.0023580870558484925,87.6399987513924,3.8422028057609063,0.9648142567573703,0.15055847911215756,0.12772506498034986,0.8176936669096438,0.008519018305550977,0.010449194868872755,0.0012409096670742284,0.44,0.4,0.0,1.0,False,False,not established,"[0.004494905069962685, 0.5931866622711273, 0.805052407941279]","[1.742709960230653e-05, 0.23859907446980258, 0.7613834984305949]",27.291678306406983,43.22111902654696,0.7613834984305952,"[-0.008641023481929423, 0.6748457522797638, 0.7379082214904132]","[0.009951976021244759, 0.30368325544938807, 0.6863647685293671]",33.58547937764365,42.52001803148096,0.6863647685293671,"[-0.005281449541483877, 0.5955284918080215, -0.8033168252536497]","[5.8824893621834846e-05, 0.23459470910563993, 0.7653464660007383]",27.04982800163548,43.06714544076449,0.7653464660007383,"[[-0.0590590635891774, 0.35342798144594667, 0.9335955703295795], [0.38921356220105424, 0.8693663249172584, -0.304491372781933]]","[0.23616422103244147, 0.8226571647639227, 0.9411786142036357]",26.731901494427795,86.33517015085793,0.8819178894837791,"[-0.0038027650776156804, -0.5893450164115516, -0.8078725088828268]",18.98461762313662,0.9728193179405822,"[[0.020146774261879746, 0.42096028271066505, 0.9068553070181581], [0.35085583015005134, 0.8463774243207891, -0.40068122248219434]]",16.726454443777016,0.9857589775296196,True,True,true,state_source,,,,,,,,,,,,,,,,,,,,
initial_theta_offset,87,1.0,1.0,1.0,1.343833770622358,0.967096316756671,0.5440494782856373,24.753265981843896,2.0814354356547633,0.32584585780676273,397.14952045384297,70.65954193012054,2.526158573652962,0.0049084512114759395,94.64984071191664,4.1416045073141685,0.9116591876853173,0.20597847027270652,0.20400479689545054,0.6946774394418074,0.007232875911476775,0.008871647259447299,0.0023365825638706076,0.5172413793103449,0.3793103448275862,0.0,1.0,False,False,not established,"[-0.0006972430841565967, 0.5790352558827988, 0.8153022055022441]","[3.4594862083731584e-05, 0.28979091053878964, 0.7101744945991265]",30.55798059357202,57.20600723022856,0.7101744945991266,"[0.00877056444792698, 0.6479308221264787, 0.7616486899731205]","[0.010765764030413141, 0.3100910265018958, 0.6791432094676911]",33.16651625115423,50.01657340259321,0.6791432094676911,"[-0.0036535024533267944, 0.5847282456356557, -0.8112210122251959]","[4.041116237989547e-05, 0.2713455836835896, 0.7286140051540309]",29.415721652121544,47.46308019670791,0.7286140051540305,"[[-0.07696643239182, 0.07846315034539357, 0.9939414984408047], [0.4230442685788847, 0.9052819594629804, -0.038705564114530064]]","[0.23169859497036419, 0.7765033919323177, 0.9917980130973185]",26.965287719910634,58.85883385325371,0.8841507025148181,"[-0.0038027650776156804, -0.5893450164115516, -0.8078725088828268]",18.98461762313662,0.9728193179405822,"[[0.020146774261879746, 0.42096028271066505, 0.9068553070181581], [0.35085583015005134, 0.8463774243207891, -0.40068122248219434]]",16.726454443777016,0.9857589775296196,True,True,true,state_source,,,,,,,,,,,,,,,,,,,,
mass_mismatch,150,1.0,1.0,1.0,1.4375001269105132,0.7885357639016468,0.4877099020366821,29.118597602182085,0.4020430067875851,0.08955110616993688,521.5309262561188,338.7412733607712,2.984487773770476,0.0005522517707041289,87.98918133264735,0.16404873500288672,0.5368090508040868,0.6011759184860972,0.5339983415629719,0.6760973540910615,0.009466660643440723,0.011611544878385022,0.00014893143508251327,0.4,0.22,0.0,1.0,False,False,not established,"[-0.005272797935932169, -0.2506007550953571, -0.9680761639187092]","[0.00023346022791885233, 0.26529472210587035, 0.7344718176662107]",27.88232600379152,84.94985110881143,0.7344718176662107,"[-0.010078588345516061, 0.3049493464411139, 0.952315240958633]","[0.0012661995334282698, 0.28068122094894304, 0.7180525795176285]",29.86637872077835,73.56761055649689,0.7180525795176286,"[-0.009881166693722939, 0.2724178556245376, -0.9621283045840088]","[0.0003761981628460958, 0.18677279665688243, 0.8128510051802709]",22.19494259873509,59.374614421599176,0.8128510051802714,"[[-0.006523601862962134, 0.05133539927408823, 0.9986601621172759], [0.3635626078490452, 0.9304601548232585, -0.0454547077900598]]","[0.15414890147783986, 0.8487190072017553, 0.9971320913204059]",20.69995657762242,47.68992565109671,0.9229255492610806,"[-0.0038027650776156804, -0.5893450164115516, -0.8078725088828268]",18.98461762313662,0.9728193179405822,"[[0.020146774261879746, 0.42096028271066505, 0.9068553070181581], [0.35085583015005134, 0.8463774243207891, -0.40068122248219434]]",16.726454443777016,0.9857589775296196,True,True,true,state_source,,,,,,,,,,,,,,,,,,,,
noise,79,1.0,1.0,1.0,1.3635721619022554,0.9656526925450217,0.45537122346851655,25.08524354636621,1.4700059665974603,0.3514469097977999,297.7132167489998,69.88632837740235,3.0211692127802894,0.004178708749599942,76.04880692285039,3.55372041568626,0.9139887405124681,0.2285274131815651,0.17811691431205576,0.7604946988182172,0.011687327335331192,0.01433535247307018,0.002184406726287317,0.6329113924050633,0.5063291139240507,0.0,1.0,False,False,not established,"[0.011659426095244197, 0.6195560145858611, 0.7848658500493021]","[0.0021377587728427902, 0.25748410261901034, 0.7403781386081466]",28.618481717146384,47.94536708390957,0.7403781386081467,"[0.0036739281026425155, 0.7069060603802485, 0.7072979033264365]","[0.006982985908141973, 0.3408905974411162, 0.6521264166507412]",35.63840080650212,46.515729781364115,0.6521264166507417,"[-0.01233519331786761, 0.6007502965850022, -0.7993415566319831]","[0.0002905361050965836, 0.2364774225682596, 0.7632320413266431]",27.243604709169762,47.532523430859854,0.7632320413266437,"[[-0.04825842504186664, 0.32685885265860415, 0.9438402485861574], [0.25425516175168594, 0.917833958082555, -0.30485264983781063]]","[0.1746300955225002, 0.8583924773308436, 0.9669774271466567]",20.91498573542557,81.64205105210708,0.9126849522387501,"[-0.0038027650776156804, -0.5893450164115516, -0.8078725088828268]",18.98461762313662,0.9728193179405822,"[[0.020146774261879746, 0.42096028271066505, 0.9068553070181581], [0.35085583015005134, 0.8463774243207891, -0.40068122248219434]]",16.726454443777016,0.9857589775296196,True,True,true,state_source,,,,,,,,,,,,,,,,,,,,
noise_bias,73,1.0,1.0,1.0,1.3712603142172013,0.9526712765439416,0.45382872824746157,23.79388474608617,1.7229064001616665,0.3891967157921094,337.1144465874517,58.690006171063445,3.0494249250138736,0.005150384376657646,73.86492176364676,4.952249546214118,0.9018768509607225,0.2424402487983294,0.19966631925495065,0.7897022125245653,0.011703790173865313,0.014355540782266028,0.0026197203244290425,0.589041095890411,0.547945205479452,0.0,1.0,False,False,not established,"[0.006806274849762647, 0.6626197488941823, 0.7489250583323277]","[0.0023388754339301126, 0.25412352306529795, 0.7435376015007723]",28.44256835891481,45.75430528892888,0.743537601500772,"[-0.0026825642973318667, 0.7417782154078987, 0.6706399056088624]","[0.006451933838714113, 0.29142724037672507, 0.7021208257845611]",31.81645638970785,47.963933457233765,0.7021208257845608,"[-0.006070244479609153, 0.6359448220411769, -0.7717106552659312]","[8.884828003341273e-05, 0.23897812485813585, 0.7609330268618303]",27.34158900876813,44.97674551166561,0.7609330268618306,"[[-0.05898369476492359, 0.371820823107586, 0.9264287340402799], [0.2566870949388585, 0.9024886761695051, -0.34586980885538987]]","[0.20101340430865428, 0.8439097557160381, 0.9550768399753071]",23.15440012741658,76.75148032157502,0.8994932978456727,"[-0.0038027650776156804, -0.5893450164115516, -0.8078725088828268]",18.98461762313662,0.9728193179405822,"[[0.020146774261879746, 0.42096028271066505, 0.9068553070181581], [0.35085583015005134, 0.8463774243207891, -0.40068122248219434]]",16.726454443777016,0.9857589775296196,True,True,true,state_source,,,,,,,,,,,,,,,,,,,,
parameter_mismatch_high_k,72,1.0,1.0,1.0,1.3775799235717476,0.9744062434990544,0.39842234009860866,23.40776775333771,1.625838841519587,0.35019253020643254,356.5609284459457,58.4480010757798,3.4431368870791745,0.0021417099069306732,153.10473069772814,5.084431993835375,0.9668181203705168,0.1345411328318789,0.14344522145096167,0.8395226601722119,0.004698776675378298,0.005763387788131639,0.0011715995693483815,0.4166666666666667,0.3333333333333333,0.0,1.0,False,False,not established,"[0.002064502815785899, 0.6423026062726863, 0.7664483673434485]","[1.4842613445220761e-05, 0.24542648772113956, 0.7545586696654154]",27.732495341562803,42.88994510667771,0.7545586696654152,"[0.003090397378962627, 0.708949368834724, 0.7052526085544715]","[0.0138440251047435, 0.27647051671994277, 0.7096854581753138]",31.194135114160517,52.095003153287855,0.7096854581753138,"[-0.0029530828002327044, 0.6430111645503179, -0.7658511092670816]","[1.784762987835335e-05, 0.24294975920174244, 0.7570323931683798]",27.580811751557718,42.83708602964897,0.7570323931683792,"[[0.25742768805852617, 0.7585227212396881, 0.5986436893378073], [0.505044783603801, 0.4225525701917311, -0.7525816181511162]]","[0.3539693379566944, 0.7407256127615697, 0.9053050492817359]",34.75326892248762,67.26756618960648,0.8230153310216528,"[-0.0038027650776156804, -0.5893450164115516, -0.8078725088828268]",18.98461762313662,0.9728193179405822,"[[0.020146774261879746, 0.42096028271066505, 0.9068553070181581], [0.35085583015005134, 0.8463774243207891, -0.40068122248219434]]",16.726454443777016,0.9857589775296196,True,True,true,state_source,,,,,,,,,,,,,,,,,,,,
parameter_mismatch_low_k,84,1.0,1.0,1.0,1.3795601145207874,0.9555355979629672,0.43312907204311835,26.16743116760987,1.3022203068129152,0.2800491732009004,491.0247893918472,93.30226165456696,3.2652986001633995,0.0015813592598544098,97.6210262305607,2.4252014742584773,0.9438806188111357,0.18139690215249377,0.1847348946818934,0.7714863566856003,0.005548383664791054,0.006805498642848887,0.000721809063936005,0.39285714285714285,0.39285714285714285,0.0,1.0,False,False,not established,"[0.0021837535228796806, 0.5182493813007144, 0.8552267594047663]","[1.211943748516554e-05, 0.255785900143868, 0.744201980418647]",28.326249938948244,51.495914744729774,0.7442019804186469,"[-0.007437643707910285, 0.5602030904477322, 0.828321905365833]","[0.010859314610377483, 0.3281434490902122, 0.6609972362994102]",35.14350208278737,66.14633564306422,0.6609972362994103,"[-0.0043261155680026815, 0.5206927772168392, -0.8537331646822133]","[6.135594764113975e-05, 0.25259002754950305, 0.7473486165028558]",28.126325899818312,51.336784737770884,0.7473486165028558,"[[-0.09259079579699316, 0.17795823230808858, 0.97967229831585], [0.47143769675791936, 0.8744622592132242, -0.11429022393578712]]","[0.24997177424388578, 0.8005030448439282, 0.9495251809121861]",28.510646846522903,73.9483263031516,0.8750141128780571,"[-0.0038027650776156804, -0.5893450164115516, -0.8078725088828268]",18.98461762313662,0.9728193179405822,"[[0.020146774261879746, 0.42096028271066505, 0.9068553070181581], [0.35085583015005134, 0.8463774243207891, -0.40068122248219434]]",16.726454443777016,0.9857589775296196,True,True,true,state_source,,,,,,,,,,,,,,,,,,,,
stronger_noise,90,1.0,1.0,1.0,1.406756662669403,0.9115721820511943,0.5164997951706749,26.084245876319198,2.2305310630377573,0.6484586741830971,235.85153189044553,30.781971015078796,2.822167994566893,0.00881290780127068,72.31297860824161,5.118308698283766,0.719494289150735,0.4309827535818983,0.4000914766499136,0.6208961114378354,0.016920428536731626,0.020754124634339108,0.0030854427644825422,0.6333333333333333,0.36666666666666664,0.0,1.0,False,False,not established,"[-0.0018226391785933751, 0.7687210761656454, 0.6395815702826005]","[0.00018402541585195686, 0.3520069770132673, 0.647808997570881]",34.96367392443865,79.83102685143187,0.6478089975708808,"[0.008000131981144883, 0.7737296381598442, 0.6334654251980298]","[0.0018736464193948026, 0.334502398670635, 0.6636239549099696]",34.26915646596132,73.31648290265932,0.66362395490997,"[-0.008701974504048974, 0.7542187433371945, -0.6565655815214455]","[0.0001788028104448799, 0.2754176666287379, 0.7244035305608172]",30.154811053819447,71.91335269391182,0.7244035305608172,"[[0.034241594444691444, 0.625265971757726, 0.7796601681320855], [0.036869757581137405, 0.7787962881627242, -0.6261924324996839]]","[0.0905671460424897, 0.9286550176292493, 0.9807778363282608]",11.896871531140306,49.39417273495336,0.954716426978755,"[-0.0038027650776156804, -0.5893450164115516, -0.8078725088828268]",18.98461762313662,0.9728193179405822,"[[0.020146774261879746, 0.42096028271066505, 0.9068553070181581], [0.35085583015005134, 0.8463774243207891, -0.40068122248219434]]",16.726454443777016,0.9857589775296196,True,True,true,state_source,,,,,,,,,,,,,,,,,,,,
overall,710,,,,,,,,,,,,,,,,,,,,,,,,,,,,,,,,,,,,,,,,,,,,,,,,,,,,,,,,,,paired,paired_difference,-0.0056825859247085775,-2.4040032708049974,0.03678059441479675,0.0016184709301296785,2.9544050974478036,8.349558411943496,-0.06901408450704226,0.36619718309859156,-0.0092944032837853,-0.023293199483267704,0.7518299844137778,0.7122262297134629,-0.03960375470031485,0.8126339420054689,0.8895181131474145,0.07688417114194557,True,True,False,True
clean,75,,,,,,,,,,,,,,,,,,,,,,,,,,,,,,,,,,,,,,,,,,,,,,,,,,,,,,,,,,paired,paired_difference,-0.0028912994930889143,-14.494713115183814,0.09297856460466347,0.0012478310797360281,2.6799835540950636,8.603646732705036,-0.28,0.4,-0.00031317653095777045,-0.013652950349888043,0.7953150867346805,0.7613834984305952,-0.03393158830408538,0.8113755482174507,0.8819178894837791,0.07054234126632841,True,True,False,True
initial_theta_offset,87,,,,,,,,,,,,,,,,,,,,,,,,,,,,,,,,,,,,,,,,,,,,,,,,,,,,,,,,,,paired,paired_difference,-0.0013348694396701785,-10.25616798875285,0.07438581973572234,0.0020964271577159632,2.3062530227707274,3.0117320012554956,0.27586206896551724,0.3793103448275862,-0.010650223096985245,-0.008750310057191877,0.7190159718650297,0.7101744945991266,-0.00884147726590312,0.8214079426302658,0.8841507025148181,0.06274275988455225,True,True,False,True
mass_mismatch,150,,,,,,,,,,,,,,,,,,,,,,,,,,,,,,,,,,,,,,,,,,,,,,,,,,,,,,,,,,paired,paired_difference,-0.0006954228032510245,-3.395456219603238,0.0056560630172590234,0.013371512185076723,3.1387263964313377,27.317354228180392,0.26,0.22,-0.06807191982146676,-0.02010525144059823,0.742002296130038,0.7344718176662107,-0.0075304784638272615,0.791875253898125,0.9229255492610806,0.13105029536295565,True,True,False,True
noise,79,,,,,,,,,,,,,,,,,,,,,,,,,,,,,,,,,,,,,,,,,,,,,,,,,,,,,,,,,,paired,paired_difference,-0.043449272009362126,8.282662498103548,0.0718562024397249,-0.0017684711584491364,4.10987934108778,11.08714093876307,-0.3670886075949367,0.5063291139240507,-0.009090058974127048,-0.12651030726953205,0.8119129491039399,0.7403781386081467,-0.07153481049579313,0.879021631217654,0.9126849522387501,0.03366332102109615,True,True,False,True
noise_bias,73,,,,,,,,,,,,,,,,,,,,,,,,,,,,,,,,,,,,,,,,,,,,,,,,,,,,,,,,,,paired,paired_difference,-0.04413095973498053,3.874568154330859,0.07301005534908533,-0.001606508827776132,3.229648590432807,10.852319489160225,-0.410958904109589,0.547945205479452,-0.0041815555926074666,-0.10408419604541067,0.80495834970523,0.743537601500772,-0.061420748204457976,0.870382402863259,0.8994932978456727,0.029110894982413704,True,True,False,True
parameter_mismatch_high_k,72,,,,,,,,,,,,,,,,,,,,,,,,,,,,,,,,,,,,,,,,,,,,,,,,,,,,,,,,,,paired,paired_difference,-0.0003390646200435547,2.05114479733815,0.013453966014280727,0.00012486984197757067,1.8151716529783162,4.89261938864793,0.0,0.25,0.00033091382321846037,-0.001762278357642704,0.7635926354121088,0.7545586696654152,-0.009033965746693573,0.7950466872448174,0.8230153310216528,0.02796864377683539,True,True,False,True
parameter_mismatch_low_k,84,,,,,,,,,,,,,,,,,,,,,,,,,,,,,,,,,,,,,,,,,,,,,,,,,,,,,,,,,,paired,paired_difference,-0.005136700953407514,-11.813429611256282,0.10065452962363342,0.0028644397522307186,3.6610575148613513,8.387847655692253,-0.21428571428571427,0.39285714285714285,-0.00045116089964536426,-0.017856803681260542,0.7648251868858826,0.7442019804186469,-0.0206232064672357,0.8141845606544984,0.8750141128780571,0.06082955222355868,True,True,False,True
stronger_noise,90,,,,,,,,,,,,,,,,,,,,,,,,,,,,,,,,,,,,,,,,,,,,,,,,,,,,,,,,,,paired,paired_difference,-0.07736054826860606,-0.9705444682216786,0.09557180432418455,0.0026113534707316033,8.535397615107218,4.838543886816268,-0.15555555555555556,0.36666666666666664,-0.03594728568472376,-0.18798821520055284,0.8238561624185805,0.6478089975708808,-0.17604716484769967,0.933357854160281,0.954716426978755,0.021358572818473975,True,True,False,True
