mode,attempt_index,wall_time_s,reference_phase_s,accepted,reason,current_bound_hit,rank,rrqr_rank,condition_number,candidate_residual_rms_nms,old_residual_rms_nms,positive_definite_mass_matrix,maximum_unconstrained_violation_fraction_of_span,active_or_pressured_bounds,distance_to_prior_span_normalized_l2,distance_to_true_span_normalized_l2,observed_history_torque_rmse_nm,registered_full_trajectory_torque_rmse_nm,unconstrained_a_inertia_combination,unconstrained_b_distal_inertia_combination,unconstrained_d_mass_length_com_combination,unconstrained_g1_proximal_gravity_combination,unconstrained_g2_distal_gravity_combination,unconstrained_k1_passive_stiffness,unconstrained_k2_passive_stiffness,unconstrained_rho1_stiffness_rest_combination,unconstrained_rho2_stiffness_rest_combination,unconstrained_bv1_viscous_damping,unconstrained_bv2_viscous_damping,constrained_a_inertia_combination,constrained_b_distal_inertia_combination,constrained_d_mass_length_com_combination,constrained_g1_proximal_gravity_combination,constrained_g2_distal_gravity_combination,constrained_k1_passive_stiffness,constrained_k2_passive_stiffness,constrained_rho1_stiffness_rest_combination,constrained_rho2_stiffness_rest_combination,constrained_bv1_viscous_damping,constrained_bv2_viscous_damping
existing_cem,0,6.500000000000505,3.2500000000002527,True,accepted,False,11,11,25937.224442904415,0.006212663136445014,1.8163017255176397,True,0.2908550995885905,bv2_viscous_damping:lower:0.290855099589:5.01780301754e-07,0.7886886833440686,0.9225206213465863,1.1588005355898197,1.5927083026819062,1.4615298342785408,0.17752313906269218,0.3015034232950188,34.75310696604616,10.407471859624554,11.993215043930062,11.213251930174648,0.560725509246847,0.8748983667482249,3.4775228783939935,1.0457245020570474,1.461271904231428,0.17103161228963168,0.2884628189639397,34.722436395542225,10.441436439802459,11.979278377787328,9.540136960301313,0.5620988128063543,0.566959050318425,3.481443237969948,2.5000005017803018
existing_cem,1,7.000000000000672,3.500000000000336,False,bound_hit,True,11,11,12585.486849721685,0.0073526975892382485,1.7682774255241698,True,0.2989408407016459,bv2_viscous_damping:lower:0.298940840702:2.43999220828e-09,0.9603249262498494,1.024017684968026,0.8650029939333295,1.0553138696587154,1.7747396173752996,0.15815296555309993,0.26533207839212497,34.535405652829056,10.94882052581583,12.191102645562385,13.701102018444312,0.5334105575148247,0.574101137209085,3.2414955748362253,1.0052957964917706,1.7731371862385994,0.15162594121767256,0.2502095081266544,34.49343299808359,10.994637748658576,12.173748055259086,12.017816993324825,0.5348803496313645,0.2528119781518656,3.2458794799958173,2.500000002439992
existing_cem,2,7.500000000000839,3.7500000000004197,True,accepted,False,11,11,9911.397086814306,0.009396419092862453,1.8598481324489449,True,0.07338489453464732,bv2_viscous_damping:lower:0.0733848945346:8.51755045606e-07,0.7333855006338103,0.7791126441311147,0.6377826933413693,0.7677850431840479,1.662761759831259,0.18620910541151886,0.28311924217702045,35.88090958989867,10.110084138651587,12.109112284620366,12.110283011131648,0.7831405459935943,1.035395718551002,4.563037370862237,2.1330755273267634,1.6577509488838564,0.18265202822137974,0.276317084249907,35.8462121739787,10.147715664014822,12.097612500688978,11.832333570856004,0.7845822820807263,0.9531836042765448,4.565708716405778,2.5000008517550456
existing_cem,3,8.000000000001005,4.028800000000517,False,bound_hit,True,11,11,7545.233921833179,0.0113496676738893,1.7485936109248743,True,0.13635927047512664,a_inertia_combination:lower:0.018761966354:2.40079600644e-08;d_mass_length_com_combination:lower:0.136359270475:7.6327832943e-15;bv2_viscous_damping:lower:0.0698941246971:3.22968318756e-11,1.0198153663419796,1.1731153664033735,0.462209573518173,0.8780575831426075,0.6981885497215425,0.19125202648518516,0.12319696846450778,39.10832927724612,8.223709284614845,12.33994111375867,13.15092730724677,1.884380531286817,3.017386170301635,5.0276223336875585,2.1505293765147466,0.7254087624153114,0.18798729496798636,0.16939379786400763,39.10212538776686,8.245718016955305,12.365078840568437,12.861562678905763,1.9063802385644997,2.9479353691537993,5.034408629854605,2.500000000032297
existing_cem,4,8.500000000000728,4.3700500000003295,False,bound_hit,True,11,11,5665.488348802532,0.013322434305267082,1.813156332816555,True,0.476156948380521,d_mass_length_com_combination:lower:0.0425760383469:2.77555756156e-17;g2_distal_gravity_combination:lower:0.0230936595133:2.24326004386;rho1_stiffness_rest_combination:upper:0:1.76156644827e-08;rho2_stiffness_rest_combination:upper:0.476156948381:0;bv2_viscous_damping:lower:0.0691563712945:4.4408920985e-16,1.398178495093736,1.4532367098578602,0.3265555464390675,1.429648443340023,0.9417744195436154,0.1859077263339692,0.15496956419681965,45.350997455540146,3.6280013592702987,13.624129926118878,14.14723429695193,3.460562086108521,7.729139707629621,4.825696369091768,2.1542181435274714,0.9135494258868557,0.1870515797378031,0.16939379786400002,43.42467949956533,6.046943336856542,13.22960158643015,13.676793261592675,3.9269907993715765,5.235987755982989,5.064164311854519,2.5000000000000004
existing_cem,5,9.000000000000451,4.7738000000000715,False,bound_hit,True,11,11,4510.936548926917,0.014725351693883879,1.861349657866768,True,0.9387140045542605,g2_distal_gravity_combination:lower:0.337266879259:2.2508407046;rho1_stiffness_rest_combination:upper:0:8.881784197e-16;rho2_stiffness_rest_combination:upper:0.938714004554:0;bv2_viscous_damping:lower:0.106832303921:8.59434868605e-07,1.293951456624635,1.16214855455078,0.2322007827197494,1.4355746360236386,1.5694779038490154,0.22001793239786122,0.2900815559988145,47.87890357729583,1.2379705051600158,14.28450977230064,14.403694158723447,3.563150178540701,10.151082790198856,5.053811708411177,1.965838480392887,1.7343952532228613,0.22871010548671172,0.3324880934160944,43.46654212053693,6.0545239976007945,13.367889796760508,13.752391385004884,3.92699081698724,5.235987755982989,5.916703418727981,2.5000008594348686
existing_cem,6,9.500000000000174,5.240049999999746,False,bound_hit,True,11,11,3029.8410165936234,0.014821110637002066,1.8938408721225934,True,0.6984912923085743,g2_distal_gravity_combination:lower:0.195545954459:2.20570945926;rho2_stiffness_rest_combination:upper:0.698491292309:4.84092765873e-11,1.293010703693404,1.0752311275848576,0.17729946985365408,1.1762211379997676,1.9485669634664862,0.2610161782020992,0.3281965320485474,45.864750028875946,2.3160935330232624,13.893795710427955,13.180631320788034,2.551085250359752,8.893279610171419,5.870846967130358,3.2661809390788727,2.1367488228269527,0.25240884336916036,0.3682215596066248,42.92399894964632,6.009392752257572,13.30465601070748,13.357520988980792,3.284501308686004,5.2359877559345795,6.506895861915254,2.9269913656105735
existing_cem,7,9.999999999999897,5.7399999999987825,False,bound_hit,True,11,11,2299.229445592389,0.015034398811281234,1.9168341909416537,True,0.627852830234139,g2_distal_gravity_combination:lower:0.176012581516:1.99405326781;rho2_stiffness_rest_combination:upper:0.627852830234:3.58824081559e-13,1.1198668499156668,0.9017012999546353,0.13704417240057734,0.46560299326592497,1.9279681898595171,0.2726281427107638,0.2563828850092283,44.313480889013405,2.464691061662073,13.46979228995989,11.663846839287102,1.065349996336594,8.523417487648207,6.516579380466455,5.327510692683648,2.1171129160973017,0.26666519602964783,0.30659497584486967,41.8443333191203,5.797736560805031,12.996288501578501,11.904821990721686,1.9152263257884141,5.23598775598263,7.013117088630903,4.91590255344224
existing_cem,8,10.49999999999962,6.239999999998505,False,bound_hit,True,11,11,2288.004071374528,0.014795787969660489,1.9342026795183755,True,0.48492191577146154,g2_distal_gravity_combination:lower:0.0755110241969:1.96766971615;rho2_stiffness_rest_combination:upper:0.484921915771:3.5527136788e-15,1.055522652140941,0.9227641487165281,0.10796789682387713,0.39226258770499534,1.6375874668516341,0.25105391676248556,0.17828295336613148,42.98326211915579,3.22924325065002,13.051097189292094,11.63226066990498,0.41433437917993543,7.775032969570176,7.004779975990678,5.44764950651066,1.876164851921449,0.24255169599994844,0.24072494788306284,41.36906541497771,5.77135300915494,12.788335531126027,11.616256205245795,1.3400691903971218,5.235987755982985,7.276063555110289,5.4273399921436845
existing_cem,9,10.999999999999343,6.739999999998228,False,bound_hit,True,11,11,2242.736204397487,0.01452629559954579,1.9483970770702457,True,0.20868766983716586,rho2_stiffness_rest_combination:upper:0.208687669837:1.20792265079e-13,1.056048759228331,0.9738773686399613,0.08921233521495192,0.394042260291019,1.4493801547122724,0.2591817801755114,0.17822717579697306,41.971355849190246,4.710942005236079,12.792274962299427,11.747427959465737,0.8211749899108269,6.32867384007501,7.272074961799483,5.257134732239717,1.623210932199965,0.2474630611833067,0.21243481620097782,41.33305721918355,5.796688086761458,12.710893157347394,11.687063456104369,1.2720534597268287,5.235987755982868,7.361758377166453,5.34165138326683
existing_cem,10,11.499999999999066,7.239999999997951,True,accepted,False,11,11,2037.8532864392707,0.014871107142335445,1.9600698406003838,True,0.0,,1.1496316191940588,1.1662026236815473,0.08801118833173945,0.5485158407608542,1.1416200683687037,0.2531964589639939,0.17969305859163645,42.525994696860145,6.104731682197541,12.870967849415752,11.720920659757137,2.725178290249307,4.945076919559784,7.180079263339703,5.3031367432568475,1.1416200683687037,0.2531964589639939,0.17969305859163645,42.525994696860145,6.104731682197541,12.870967849415752,11.720920659757137,2.725178290249307,4.945076919559784,7.180079263339703,5.3031367432568475
existing_cem,11,11.999999999998789,7.739999999997674,False,bound_hit,True,11,11,1542.8951179960115,0.015146851444136121,1.7661222847933704,True,0.3386065880724374,a_inertia_combination:lower:0:1.16151487317e-08;d_mass_length_com_combination:lower:0.148906693732:3.4127145554e-12;rho1_stiffness_rest_combination:upper:0.338606588072:9.1926466439e-14,1.3649000420498263,1.430009731490887,0.09951615668828807,0.7237446168900952,0.8197708080366369,0.25257821874723596,0.11894605710672607,45.13521394881525,6.194586616842155,13.374530311682971,11.71864072853018,5.404440774689289,4.864642916126707,6.702410160850729,5.345323159638799,0.7254087500225,0.2609513031650411,0.1693937978674127,43.72894797722483,6.147450285478824,13.041209525293127,11.74018016027805,3.926990816987149,4.914283593042278,6.88138059519578,5.283817583850066
existing_cem,12,12.499999999998511,8.239999999997398,False,bound_hit,True,11,11,1169.4341088567262,0.015070518433736513,1.7742777553779985,True,0.4687694728324165,a_inertia_combination:lower:0:3.47027029335e-09;d_mass_length_com_combination:lower:0.224215609927:4.88557416745e-10;rho1_stiffness_rest_combination:upper:0.468769472832:1.1211300821e-07,1.3170224970565776,1.3998165677112895,0.09526970574367363,0.6993158551996926,0.786404316756739,0.2476292626631245,0.0934323304523054,45.896280511029616,6.018425808182491,13.528420073277461,11.733257217246269,5.972383500428185,5.0498820093702,6.5839014468610095,5.347253953239633,0.7254087418776216,0.23943017314033882,0.1693937983525574,43.58378059560221,6.331601398514157,12.976328003406026,11.718748782069706,3.9269907048742327,4.734352852095827,6.763270975038306,5.345746607719713
existing_cem,13,12.999999999998234,8.73999999999712,False,bound_hit,True,11,11,1141.4646352156337,0.015340740246740866,1.7807788063544516,True,0.37629232228686277,a_inertia_combination:lower:0:8.43048941768e-09;d_mass_length_com_combination:lower:0:5.61670515653e-09;rho1_stiffness_rest_combination:upper:0.376292322287:3.55392995033e-08,1.2879925595825645,1.391646882549248,0.09480786607565028,0.679132716084246,0.8283577629476193,0.19678188617334277,0.1694882947511524,44.73749912076123,6.800536013046874,13.307866719595497,11.647870313201182,5.568875810457589,4.261110426469104,6.733591091103255,5.497756984167139,0.7254087468378407,0.20912218180287132,0.16939380348070515,43.48831376852374,6.450249396364736,12.94806565327482,11.68411297011999,3.9269907814479414,4.615947988646681,6.7349824439417105,5.4300350628918075
existing_cem,14,13.499999999997957,9.239999999996844,False,bound_hit,True,11,11,1047.3989630393146,0.01623238900289456,1.7848346736324012,True,0.4176496473220249,a_inertia_combination:lower:0:7.51787410103e-10;rho1_stiffness_rest_combination:upper:0.417649647322:1.79759842567e-08,1.2776320361803977,1.4106784855305583,0.09543022439622532,0.6545583608531467,0.8349028811574901,0.13085815600622386,0.24518756011292495,44.273775418924714,7.460408965218031,13.238033760442791,11.564094373111185,5.749331183377854,3.5912567683496617,6.770771074463179,5.614143922009314,0.7254087391591387,0.15683819314214564,0.178066423972296,43.35660665096844,6.600337360653362,12.918172140686746,11.632605675482125,3.9269907990112567,4.459888116834396,6.715363806303321,5.505935822785609
existing_cem,15,13.99999999999768,9.739999999996567,False,bound_hit,True,11,11,916.8193517895016,0.0170046024034205,1.7854923269563518,True,0.46111663278260745,a_inertia_combination:lower:0:1.37656552823e-12;b_distal_inertia_combination:lower:0.0579225592872:1.66835989468e-12;rho1_stiffness_rest_combination:upper:0.461116632783:8.881784197e-16,1.2579879177812658,1.4151303342714856,0.09502855916238752,0.5742767591550562,0.9592337917688043,0.08783231767260861,0.27825278943320536,43.60831077726051,8.335593103740552,13.11961181721399,11.473776449377597,5.938991686428771,2.7039140535177886,6.76013935113621,5.714261667202953,0.7254087384087279,0.09934042046170836,0.2339846412360499,42.845197565662,7.131836057369705,12.817062327327433,11.569737934869218,3.92699081698724,3.917913934254101,6.715615077913299,5.537087732185614
existing_cem,16,14.499999999997403,10.23999999999629,False,bound_hit,True,11,11,801.9527221368628,0.019792914249284536,1.7824912553951298,True,0.13044893873607688,b_distal_inertia_combination:lower:0.130448938736:1.38777878078e-17;rho1_stiffness_rest_combination:upper:0.0604306135288:4.02577082781e-10,1.11238943555447,1.2852683445186524,0.09449485797489778,0.3934381840933238,0.926806719165723,0.07342271561482425,0.2810254974552612,41.646564027469765,8.63207145458843,12.576002126596414,11.441537505826,4.190669110756616,2.3989610290429884,6.5565287543473065,5.6579642949739215,0.9321533275279977,0.09934042046004002,0.250398043085605,41.57386202832234,8.446914064961279,12.540630530721959,11.458522233924825,3.926990816584664,2.586040843042777,6.550896837511372,5.61891212077173
existing_cem,17,14.999999999997126,10.739999999996012,False,bound_hit,True,11,11,720.9629051869468,0.027098431579839502,1.777856565341417,True,0.3368415758004959,a_inertia_combination:lower:0.3368415758:1.4743761767e-13,0.8376401729810855,1.0260972297921314,0.1246502098731715,0.14421051405831312,0.23671309331818735,0.10757615281238898,0.38740189209250436,39.30185963134866,7.322254375263581,11.809334872150153,11.580717241578338,0.41417554687155494,3.7144284388929094,6.327342090436825,5.1636640762221875,0.7254087384074988,0.16112688814311732,0.2016434410614009,39.07829830122279,7.637822711119574,11.744599557548266,11.53186840838833,0.49203543751565104,3.3974620503754007,6.154879599534396,5.336516048577654
existing_cem,18,15.499999999996849,11.239999999995735,False,"bound_hit,non_positive_definite_mass_matrix",True,11,11,675.5804258982554,0.044311795806861724,1.7780405990987698,False,1.027708021379926,a_inertia_combination:lower:0.539709013381:4.84057238737e-14;b_distal_inertia_combination:lower:0.239874735111:0.0810255897531;d_mass_length_com_combination:upper:0:9.2634237725e-08;rho1_stiffness_rest_combination:lower:1.02770802138:2.80608869474e-13;rho2_stiffness_rest_combination:upper:0.0152554286279:3.91231367311,0.8558013377832149,0.9272360844266156,0.21177785823873202,0.4339644076862059,-0.05761053060015153,0.0516819063727148,0.3914097478075024,35.77646643174576,5.7201066137746155,10.620013713537027,11.673191937075764,-4.920554493557579,5.315864993490916,5.433298524277522,4.8824615391836765,0.7254087384073997,0.18036601021318588,0.5081813009577623,36.211986979048625,9.700518960506594,11.03225928399171,11.426120655633667,-0.4363323129983018,1.3236740828696392,5.333304934420953,5.424592418936811
existing_cem,19,15.999999999996572,11.739999999995458,False,"bound_hit,non_positive_definite_mass_matrix",True,11,11,629.0422772087207,0.05020196723715944,1.7775329325532137,False,1.1646610417983925,a_inertia_combination:lower:0.304691253973:0.0144270329736;b_distal_inertia_combination:lower:0.392921924429:0.167888929834;d_mass_length_com_combination:upper:0:0;rho1_stiffness_rest_combination:lower:1.1646610418:1.66533453694e-16,0.9497380720086652,0.9617118774516872,0.29824210041118704,0.528374016774407,0.283357342111314,0.02127436209860939,0.30536154595591997,34.87648654898658,6.077858702489703,10.347953573811733,11.589102020904576,-5.518124775270894,4.951227987105874,5.063931522127228,5.157863597478808,0.7398357713809091,0.267229350294089,0.508181393592,35.652496155364105,10.285705808895438,10.91671650901847,11.417690030250835,-0.4363323129985822,0.7423740085103743,5.137127721840233,5.411880157280562
existing_cem,20,16.499999999997183,12.23999999999607,False,"bound_hit,non_positive_definite_mass_matrix",True,11,11,596.4162735320941,0.05398431667000662,1.7670648370839035,False,0.6036887466944625,a_inertia_combination:lower:0.416450530116:0;rho1_stiffness_rest_combination:lower:0.603688746694:1.66533453694e-16,0.8724560608807563,0.8906997611029285,0.317288310309986,0.4156818529824818,0.12121503108689158,0.10905139639263858,0.3850979425806588,36.158064108725185,7.158214566790012,10.812738404469544,11.542195013890801,-3.070421384762683,3.8703041167128287,5.706541641834635,5.220507881483417,0.7254087384073513,0.29362333566139376,0.4232498172565094,36.320961461918394,9.590705611472345,11.043630245668858,11.472738732303068,-0.4363323129985822,1.4427392383378634,5.591731205331858,5.277326136860356
existing_cem,21,16.999999999997794,12.73999999999668,False,bound_hit,True,11,11,570.9946624242673,0.06350828835236545,1.7515133412152366,True,2.3481955012440316,a_inertia_combination:lower:1.85452334849:0;b_distal_inertia_combination:upper:0:0;d_mass_length_com_combination:upper:2.34819550124:0.263866377335;rho1_stiffness_rest_combination:lower:0:1.66533453694e-16,0.901465749722487,0.9897890612556242,0.30624031532142454,0.3177916575556964,-1.9651661467443322,0.11232044364086477,1.3037209017577713,38.333466127373775,8.51830512903499,11.612357527798741,11.532457147798823,0.6180540686332401,2.493920609329262,7.0979971040671135,4.890329952857851,0.7254087384073513,0.29802126138012003,0.24431501625703045,36.92305445053807,8.964695466603459,11.122261784430734,11.504204500009772,-0.4363323129985822,2.0737339142872306,6.201687335202294,5.250710866537499
existing_cem,22,17.499999999998405,13.239999999997291,False,bound_hit,True,11,11,557.6222328379449,0.07200731274003305,1.7326616836388833,True,3.865600541207276,a_inertia_combination:lower:2.63237262731:0;b_distal_inertia_combination:lower:0.198853620572:0.19868084092;d_mass_length_com_combination:upper:3.86560054121:0.330643755034;bv1_viscous_damping:upper:0.0336052645984:0.74083165705,0.9910808926280251,1.1039844269231778,0.28340220394456944,0.27242709217059746,-3.0936834747775506,0.0598320159047476,1.8177989069924685,39.211587108440895,9.096272252505724,11.945572149068507,11.512235656749914,2.1354851154671772,1.9057504249536374,7.668026322991766,4.798887512731449,0.7254087384073513,0.29802126138012003,0.17753763855788318,37.360498831500564,8.934372379761966,11.181860731462582,11.512942120797371,-0.008603051044088983,2.1068160509936344,6.759168342949515,5.234141308367871
existing_cem,23,17.999999999999016,13.739999999997902,False,bound_hit,True,11,11,558.4453574139654,0.07461060869645489,1.714323220362238,True,3.7010288407353507,a_inertia_combination:lower:2.54077320125:0;b_distal_inertia_combination:lower:0.236788053224:0.19868084092;d_mass_length_com_combination:upper:3.70102884074:0.2986520918;bv1_viscous_damping:upper:0.0216839212063:0.465254537145,0.9616186884900797,1.0770352312475107,0.2704016591433381,0.2645231482522256,-2.9607894265936294,0.05229517092565017,1.7620440562647164,39.11822661976175,9.068663909580597,11.910149345587154,11.507700911716247,2.005915334252094,1.9351828783743579,7.608419606031684,4.84260126378441,0.7254087384073513,0.29802126138012003,0.20952930179222268,37.61639798619756,9.344441858515177,11.255924365112662,11.50778765809266,0.6746818286789812,1.6979964172204638,7.034745462854678,5.212179835540156
existing_cem,24,18.499999999999627,14.239999999998513,False,bound_hit,True,11,11,563.1592010289055,0.07539957882916676,1.6969105200703847,True,3.644367943876159,a_inertia_combination:lower:2.50897866023:0;b_distal_inertia_combination:lower:0.2550305088:0.19868084092;d_mass_length_com_combination:upper:3.64436794388:0.281009601499;bv1_viscous_damping:upper:0.0174871827646:0.310636450022,0.9657782841156717,1.080487537267584,0.26169817667794293,0.2643904266579791,-2.914661350811388,0.04867074451130354,1.7428480472459986,39.0857105671728,9.061108189069898,11.897716838262417,11.505850567780858,1.9619224011508916,1.943686883940154,7.587435913823088,4.860360690578493,0.7254087384073513,0.29802126138012003,0.22717179209341004,37.759831218469564,9.572424568351671,11.297191762913661,11.505277859976395,1.0552884130297848,1.4708938484022014,7.189363549978235,5.1990191028926
existing_cem,25,19.000000000000238,14.739999999999124,False,bound_hit,True,11,11,568.9096454323244,0.07551326659311333,1.6803394795707407,True,3.650584738266731,a_inertia_combination:lower:2.51090923817:0;b_distal_inertia_combination:lower:0.270601276886:0.19868084092;d_mass_length_com_combination:upper:3.65058473827:0.269295558888;bv1_viscous_damping:upper:0.0177946236355:0.208140349122,0.9764209100893749,1.0898038581648393,0.25511001089897223,0.26603349951813837,-2.917462267030381,0.04557713121421836,1.7449542200707158,39.08774335606723,9.069298184267248,11.898388641289756,11.504518095986398,1.971014875071147,1.935882892743174,7.588973118177719,4.867699866883506,0.7254087384073513,0.29802126138012003,0.23888583470398358,37.854165346298025,9.722971103049087,11.324136932804464,11.503724610088481,1.30597452502555,1.321001582989903,7.2918596508780915,5.190106454548529
existing_cem,26,19.50000000000085,15.239999999999736,False,bound_hit,True,11,11,574.938813239144,0.07863809816428344,1.663306115055039,True,3.532174744157065,a_inertia_combination:lower:2.37593779746:0;b_distal_inertia_combination:lower:0.385782266859:0.19868084092;d_mass_length_com_combination:upper:3.53217474416:0.239023308656;bv1_viscous_damping:upper:0.0580361195656:0.0109736489516,0.9992984855038193,1.1052165001518077,0.24746833748915598,0.27451245036459165,-2.721643341972874,0.022692875268450652,1.7048383828561355,39.09461940984119,9.365597340352021,11.86285156925928,11.495976047227584,2.2733009843519643,1.6418159224308726,7.7901805978277885,4.895097603429682,0.7254087384073513,0.29802126138012003,0.2691580849360959,37.94295869319218,9.974656743098567,11.331655450766727,11.500072666050839,1.6512593707528693,1.0696089284415327,7.489026351048352,5.174363283373944
existing_cem,27,20.00000000000146,15.740000000000347,False,bound_hit,True,11,11,579.1908410494146,0.08397933837569291,1.6456447919912771,True,3.019333578097348,a_inertia_combination:lower:1.90132239084:0;b_distal_inertia_combination:lower:0.949405198718:0.19868084092;d_mass_length_com_combination:upper:3.0193335781:0.271944379705;bv1_viscous_damping:upper:0.138823593449:0,1.0192723488487714,1.133626720856715,0.2339862181029846,0.270175975442637,-2.0330630152809,-0.08928820279515273,1.5310941572164198,38.62076742175498,9.648704942848603,11.536027578244356,11.486583431951438,2.040295638652981,1.3643808835807465,8.19411796724324,4.975734970446239,0.7254087384073513,0.29802126138012003,0.23623701388653934,38.14832898744708,9.813692501752488,11.403377435597893,11.508187821799595,1.707010889018394,1.2300693352820038,7.5,5.1458213407888085
existing_cem,28,20.50000000000207,16.240000000000958,False,bound_hit,True,11,11,578.3191542746004,0.09532649120278933,1.6268239942236866,True,2.384826670110939,a_inertia_combination:lower:1.86415982724:0;b_distal_inertia_combination:lower:2.38482667011:0.19868084092;d_mass_length_com_combination:lower:0:1.02296333349e-08;bv1_viscous_damping:upper:0.259950521307:1.15463194561e-14,1.0489440126377196,1.1606943692114413,0.22101517044213156,0.268083432355018,-1.979146918534588,-0.3744789478062357,1.5983614230944534,37.7890022645238,8.93673275618105,10.944411659004105,11.490218286432839,0.4104551730868292,2.07451654412191,8.79975260653655,5.065632984770358,0.7254087384073513,0.29802126138001755,0.16939380809363333,38.13418309117274,8.80351501322059,11.29962502343757,11.533812517274413,0.6617070730951256,2.236440653899485,7.4999999999999885,5.112421545476794
existing_cem,29,21.000000000002682,16.74000000000157,False,bound_hit,True,11,11,571.5301656422896,0.10293419474267289,1.6090779181600599,True,3.0257757148027595,a_inertia_combination:lower:2.02281515988:0;b_distal_inertia_combination:lower:3.0257757148:0.154067712757;d_mass_length_com_combination:lower:0:2.77555756156e-17;rho1_stiffness_rest_combination:lower:0.0643518453473:1.66533453694e-16;bv1_viscous_damping:upper:0.31043248567:0,1.0206168762140193,1.1404388828555192,0.21836404700441467,0.2685376310846274,-2.2093268479180463,-0.5018232429925286,1.6633349877689378,37.43920494176383,8.199276672755605,10.676633897133572,11.498589217393407,-0.7171202082599059,2.8092036681275614,9.05216242835225,5.11773743088321,0.7254087384073513,0.2534081332167339,0.16939379786400002,37.92870428778568,7.946698982091764,11.104489459430688,11.551396671998369,-0.4363323129985822,3.086659579244815,7.5,5.081326512167575
existing_cem,30,21.500000000003293,17.24000000000218,False,bound_hit,True,11,11,559.0923523656174,0.10565057891819211,1.593892254417804,True,3.3502975369530734,a_inertia_combination:lower:1.98763846549:4.99600361081e-15;b_distal_inertia_combination:lower:2.91815160208:0.153936360714;d_mass_length_com_combination:upper:3.35029753695:0.312103209562;rho1_stiffness_rest_combination:lower:0.0183559188923:1.66533453694e-16;bv1_viscous_damping:upper:0.303012428661:0,0.9763727835443554,1.093894401247941,0.22725796614971022,0.2679932792641144,-2.158291884908039,-0.4804403937741586,1.6432206411097718,37.49462222051341,8.335546340135984,10.72146843292376,11.494787153531204,-0.5164251184736305,2.673107210203293,9.015062143306082,5.1311123012858655,0.7254087384073563,0.25327678117360924,0.1960781840302954,37.79918870364857,8.095323146823594,11.004353080691448,11.546730965936725,-0.4363323129985822,2.934558017960286,7.5,5.059598798799685
existing_cem,31,22.000000000003904,17.74000000000279,False,bound_hit,True,11,11,542.4223633090256,0.10714782441132548,1.5857993746975207,True,4.081750509683733,a_inertia_combination:lower:1.6360398173:0;b_distal_inertia_combination:lower:3.10928134385:0.0891034571606;d_mass_length_com_combination:upper:4.08175050968:0.319431711451;g2_distal_gravity_combination:upper:0.0371776409942:3.42287660276;rho1_stiffness_rest_combination:lower:0:1.66533453694e-16;rho2_stiffness_rest_combination:lower:0.131468966847:3.03808991442;bv1_viscous_damping:upper:0.223519683218:0,0.9534768824173345,1.1182187564704915,0.2383666164183856,0.26777400012419855,-1.648186421301736,-0.5184142115936924,1.8910278351292906,38.44157137895391,11.69387382284565,11.476874650648965,11.4183498881376,3.919851496164106,-0.6883699007038786,8.617598416088141,5.040999211980304,0.7254087384073513,0.1884438776206853,0.1887496821411015,37.889454266281575,7.988173276244636,11.07431524925082,11.546059723661742,-0.4363323129985822,3.0380899144162847,7.5,5.057735263264363
existing_cem,32,22.500000000004515,18.240000000003402,False,bound_hit,True,11,11,537.7586305477255,0.10968265374624886,1.5827483291255464,True,4.500435888260271,a_inertia_combination:lower:1.46715747477:0;b_distal_inertia_combination:lower:3.42604473416:0.0121943628988;d_mass_length_com_combination:upper:4.50043588826:0.304966879691;g2_distal_gravity_combination:upper:0.303434929327:3.09337859365;rho1_stiffness_rest_combination:upper:0.672380788651:3.6596313868;rho2_stiffness_rest_combination:lower:0.519843392784:2.70345976782;bv1_viscous_damping:upper:0.15825047007:0,0.9894742420244279,1.2018721883097894,0.24528847715643373,0.2657280275349742,-1.4031689672281757,-0.5813490283530094,2.0328732479037033,39.25526989541754,13.719390621391224,12.0796376583071,11.369479783640731,6.860805464264893,-2.721893639644472,8.291252350349948,4.951644995359807,0.7254087384073513,0.11153478335886538,0.20321451390101145,38.21784602039498,8.31767128535061,11.310741348409062,11.535278203280798,0.26735943018270236,2.7034597678202985,7.5,5.034052513767866
existing_cem,33,23.000000000005127,18.740000000004013,False,"bound_hit,non_positive_definite_mass_matrix",True,11,11,541.8528961210386,0.11129785343957035,1.5820284912267841,False,4.180364762742291,a_inertia_combination:lower:1.40665163669:0;b_distal_inertia_combination:lower:3.70662597654:7.68568542142e-12;d_mass_length_com_combination:upper:4.18036476274:0.151798072738;g2_distal_gravity_combination:upper:0.312493855392:1.4896914388;rho1_stiffness_rest_combination:upper:0.794732887555:1.50414180151;rho2_stiffness_rest_combination:lower:0.534428805631:1.09466093956;bv1_viscous_damping:upper:0.108301332616:0,1.0326117333134075,1.2277587932588987,0.24601347647115798,0.25908656193647206,-1.3153860398869837,-0.6370951455348262,1.924437120827512,39.67980070370007,13.788305192840784,12.354074350155877,11.36515439623179,7.394667207417846,-2.798262682729713,8.04150666307909,4.914190271709751,0.7254087384073513,0.09934042046772569,0.35638332085443575,38.708253709387,9.921358440202079,11.669105522778187,11.496305988690965,2.422849015477353,1.09466093955528,7.5,4.975305446501286
existing_cem,34,23.500000000005738,19.240000000004624,False,"bound_hit,non_positive_definite_mass_matrix",True,11,11,545.1530754085836,0.11152505436248049,1.5822804688215242,False,3.83107260293108,a_inertia_combination:lower:1.39233867669:0;b_distal_inertia_combination:lower:3.83107260293:0.0168450580859;d_mass_length_com_combination:upper:3.57584998788:0.154067032148;g2_distal_gravity_combination:upper:0.208466011535:0.921178575672;rho1_stiffness_rest_combination:upper:0.646462673407:0.670425712766;rho2_stiffness_rest_combination:lower:0.384335831792:0.522083494375;bv1_viscous_damping:upper:0.071790404933:0,1.1217805356493664,1.3093960412248906,0.24966187827355388,0.25782016904135735,-1.2946205473822454,-0.6618203059161869,1.7196350136697522,39.825099615819035,12.99692724946467,12.412696182106993,11.381200444961372,6.747716352535789,-2.012377709448651,7.85895202466477,4.908816042612366,0.7254087384073513,0.11618547854597794,0.35411436144368447,38.950877697545586,10.48987130332752,11.830421968277722,11.482133442507868,3.2565651042213335,0.5220834943751571,7.5,4.942581034052707
existing_cem,35,24.00000000000635,19.740000000005235,False,"bound_hit,non_positive_definite_mass_matrix",True,11,11,546.99897685412,0.11246567777559761,1.5843873224901859,False,4.066204217311781,a_inertia_combination:lower:1.31320538763:0;b_distal_inertia_combination:lower:4.06620421731:7.89646126265e-15;d_mass_length_com_combination:upper:2.88310668422:0.142250707277;g2_distal_gravity_combination:upper:0.0777328014298:0.403377378989;rho1_stiffness_rest_combination:upper:0.39220293006:0.024776811976;rho2_stiffness_rest_combination:lower:0.195628640151:1.02140518266e-13;bv1_viscous_damping:upper:0.0335810107872:0,1.2809585857113324,1.4646893390965554,0.253504839920789,0.2562415071417055,-1.1798125886205053,-0.7085364527882405,1.4849421753675314,39.74495005594247,12.002391795233425,12.322687638340486,11.400574759875303,5.6382989333665,-1.0243091645482074,7.667905053936158,4.911446900136772,0.7254087384073513,0.0993404204600479,0.36593068631545456,39.07869989350854,11.007672500011482,11.91183854470772,11.467991590843226,3.9022140050112095,1.021405182655144e-13,7.5,4.9170031079268375
existing_cem,36,24.50000000000696,20.240000000005846,False,"bound_hit,non_positive_definite_mass_matrix",True,11,11,545.1004591294136,0.11290860418506693,1.5869827655158342,False,4.2780678844086095,a_inertia_combination:lower:1.21174124864:0;b_distal_inertia_combination:lower:4.27806788441:1.38777878078e-17;d_mass_length_com_combination:upper:2.75459325198:0.136510931988;g2_distal_gravity_combination:upper:0.0615460893779:0.405851287141;rho1_stiffness_rest_combination:upper:0.311426527557:0.095643184621;rho2_stiffness_rest_combination:lower:0.173379707824:2.22044604925e-16;bv1_viscous_damping:upper:0.00975840622139:0,1.272438182051871,1.4552799440536008,0.25762824104682125,0.25547353567100306,-1.0326066424958764,-0.7506297043274504,1.4414034186378049,39.56041911240942,11.879253542832211,12.19388582021354,11.398440915523663,5.285845387968558,-0.9078140273034381,7.548792031106956,4.900443487563212,0.7254087384073513,0.09934042046004002,0.3716704616042379,39.037898342987916,11.005198591859422,11.866528263556779,11.466133329595838,3.831347632366262,2.220446049250313e-16,7.5,4.911691264267661
existing_cem,37,25.00000000000757,20.740000000006457,False,"bound_hit,non_positive_definite_mass_matrix",True,11,11,527.1053667385996,0.11272203120947849,1.5897918493141685,False,4.438252015952963,a_inertia_combination:lower:1.06670970039:0;b_distal_inertia_combination:lower:4.43825201595:1.38777878078e-17;d_mass_length_com_combination:upper:2.80297471384:0.0690556348971;g2_distal_gravity_combination:upper:0.0953447215007:0.408756309487;rho1_stiffness_rest_combination:upper:0.295795734099:0.292819553234;rho2_stiffness_rest_combination:lower:0.223944977186:2.22044604925e-16,1.2738033205608204,1.4335827845708942,0.254663035795214,0.2490955462691022,-0.8221923376024978,-0.7824552222847352,1.4577944577798019,39.284230960537954,12.136372127495815,12.025776574915815,11.38656192032357,5.217643185334284,-1.1725731585594878,7.489989829452015,4.88221907663322,0.7254087384073513,0.09934042046004002,0.43912575869491566,38.886319930545795,11.002293569512792,11.751272111805848,11.462911639558603,3.6341712637533514,2.220446049250313e-16,7.452797391363788,4.9096215669056225
existing_cem,38,25.500000000008182,21.24000000000707,False,"bound_hit,non_positive_definite_mass_matrix",True,11,11,504.0749946550937,0.1121136601254908,1.5931701647829715,False,4.4964077098478965,a_inertia_combination:lower:0.934909439602:0;b_distal_inertia_combination:lower:4.49640770985:4.16333634234e-17;d_mass_length_com_combination:upper:2.74151391061:0.00729524572631;g2_distal_gravity_combination:upper:0.110932806165:0.412427137912;rho1_stiffness_rest_combination:upper:0.251921112717:0.516909517984;rho2_stiffness_rest_combination:lower:0.247813836672:2.22044604925e-16,1.299429247703517,1.4354216996058704,0.250318288728023,0.2449753071502039,-0.6309742158058085,-0.7940096444520713,1.4369723000221697,39.01717598575986,12.254956401909398,11.861501503482677,11.379103872502135,5.026204035039138,-1.297550214576525,7.464585549682496,4.8720368325688295,0.7254087384073513,0.09934042046004005,0.5008861478656901,38.707581995715366,10.998622741088468,11.622565066442002,11.45911737586342,3.410081299002954,2.220446049250313e-16,7.421200182358794,4.907589560759302
existing_cem,39,26.000000000008793,21.74000000000768,False,"bound_hit,non_positive_definite_mass_matrix",True,11,11,500.57372848424257,0.11190805438587674,1.5938544861993187,False,4.499250388545214,a_inertia_combination:lower:0.919193078722:0;b_distal_inertia_combination:lower:4.49925038855:1.38777878078e-17;d_mass_length_com_combination:upper:2.70997743239:0.00194022028487;g2_distal_gravity_combination:upper:0.108130767613:0.41297455293;rho1_stiffness_rest_combination:upper:0.237598783875:0.54794153824;rho2_stiffness_rest_combination:lower:0.243895173211:2.22044604925e-16,1.3016666072865184,1.435607718960188,0.24955754663293708,0.24470826996385195,-0.6081726447703639,-0.79457443024612,1.426288132387217,38.98161755292384,12.233640267457982,11.838475658364658,11.379034993038568,4.963711086323464,-1.2770321406787446,7.461934556571823,4.871995583932167,0.7254087384073513,0.09934042046004002,0.5062411733071258,38.68258993959378,10.99807532607015,11.604785440729925,11.458601090122167,3.3790492787474964,2.220446049250313e-16,7.418998182257727,4.907326007814631
existing_cem,40,26.500000000009404,22.24000000000829,False,"bound_hit,non_positive_definite_mass_matrix",True,11,11,500.57372848424257,0.11190805438587674,1.5938544861993187,False,4.499250388545214,a_inertia_combination:lower:0.919193078722:0;b_distal_inertia_combination:lower:4.49925038855:1.38777878078e-17;d_mass_length_com_combination:upper:2.70997743239:0.00194022028487;g2_distal_gravity_combination:upper:0.108130767613:0.41297455293;rho1_stiffness_rest_combination:upper:0.237598783875:0.54794153824;rho2_stiffness_rest_combination:lower:0.243895173211:2.22044604925e-16,1.3016666072865184,1.435607718960188,0.24955754663293708,0.24470826996385195,-0.6081726447703639,-0.79457443024612,1.426288132387217,38.98161755292384,12.233640267457982,11.838475658364658,11.379034993038568,4.963711086323464,-1.2770321406787446,7.461934556571823,4.871995583932167,0.7254087384073513,0.09934042046004002,0.5062411733071258,38.68258993959378,10.99807532607015,11.604785440729925,11.458601090122167,3.3790492787474964,2.220446049250313e-16,7.418998182257727,4.907326007814631
existing_cem,41,27.000000000010015,22.7400000000089,False,"bound_hit,non_positive_definite_mass_matrix",True,11,11,500.57372848424257,0.11190805438587674,1.5938544861993187,False,4.499250388545214,a_inertia_combination:lower:0.919193078722:0;b_distal_inertia_combination:lower:4.49925038855:1.38777878078e-17;d_mass_length_com_combination:upper:2.70997743239:0.00194022028487;g2_distal_gravity_combination:upper:0.108130767613:0.41297455293;rho1_stiffness_rest_combination:upper:0.237598783875:0.54794153824;rho2_stiffness_rest_combination:lower:0.243895173211:2.22044604925e-16,1.3016666072865184,1.435607718960188,0.24955754663293708,0.24470826996385195,-0.6081726447703639,-0.79457443024612,1.426288132387217,38.98161755292384,12.233640267457982,11.838475658364658,11.379034993038568,4.963711086323464,-1.2770321406787446,7.461934556571823,4.871995583932167,0.7254087384073513,0.09934042046004002,0.5062411733071258,38.68258993959378,10.99807532607015,11.604785440729925,11.458601090122167,3.3790492787474964,2.220446049250313e-16,7.418998182257727,4.907326007814631
existing_cem,42,27.500000000010626,23.240000000009513,False,"bound_hit,non_positive_definite_mass_matrix",True,11,11,500.57372848424257,0.11190805438587674,1.5938544861993187,False,4.499250388545214,a_inertia_combination:lower:0.919193078722:0;b_distal_inertia_combination:lower:4.49925038855:1.38777878078e-17;d_mass_length_com_combination:upper:2.70997743239:0.00194022028487;g2_distal_gravity_combination:upper:0.108130767613:0.41297455293;rho1_stiffness_rest_combination:upper:0.237598783875:0.54794153824;rho2_stiffness_rest_combination:lower:0.243895173211:2.22044604925e-16,1.3016666072865184,1.435607718960188,0.24955754663293708,0.24470826996385195,-0.6081726447703639,-0.79457443024612,1.426288132387217,38.98161755292384,12.233640267457982,11.838475658364658,11.379034993038568,4.963711086323464,-1.2770321406787446,7.461934556571823,4.871995583932167,0.7254087384073513,0.09934042046004002,0.5062411733071258,38.68258993959378,10.99807532607015,11.604785440729925,11.458601090122167,3.3790492787474964,2.220446049250313e-16,7.418998182257727,4.907326007814631
existing_cem,43,28.000000000011237,23.740000000010124,False,"bound_hit,non_positive_definite_mass_matrix",True,11,11,500.57372848424257,0.11190805438587674,1.5938544861993187,False,4.499250388545214,a_inertia_combination:lower:0.919193078722:0;b_distal_inertia_combination:lower:4.49925038855:1.38777878078e-17;d_mass_length_com_combination:upper:2.70997743239:0.00194022028487;g2_distal_gravity_combination:upper:0.108130767613:0.41297455293;rho1_stiffness_rest_combination:upper:0.237598783875:0.54794153824;rho2_stiffness_rest_combination:lower:0.243895173211:2.22044604925e-16,1.3016666072865184,1.435607718960188,0.24955754663293708,0.24470826996385195,-0.6081726447703639,-0.79457443024612,1.426288132387217,38.98161755292384,12.233640267457982,11.838475658364658,11.379034993038568,4.963711086323464,-1.2770321406787446,7.461934556571823,4.871995583932167,0.7254087384073513,0.09934042046004002,0.5062411733071258,38.68258993959378,10.99807532607015,11.604785440729925,11.458601090122167,3.3790492787474964,2.220446049250313e-16,7.418998182257727,4.907326007814631
existing_cem,44,28.50000000001185,24.240000000010735,False,"bound_hit,non_positive_definite_mass_matrix",True,11,11,500.57372848424257,0.11190805438587674,1.5938544861993187,False,4.499250388545214,a_inertia_combination:lower:0.919193078722:0;b_distal_inertia_combination:lower:4.49925038855:1.38777878078e-17;d_mass_length_com_combination:upper:2.70997743239:0.00194022028487;g2_distal_gravity_combination:upper:0.108130767613:0.41297455293;rho1_stiffness_rest_combination:upper:0.237598783875:0.54794153824;rho2_stiffness_rest_combination:lower:0.243895173211:2.22044604925e-16,1.3016666072865184,1.435607718960188,0.24955754663293708,0.24470826996385195,-0.6081726447703639,-0.79457443024612,1.426288132387217,38.98161755292384,12.233640267457982,11.838475658364658,11.379034993038568,4.963711086323464,-1.2770321406787446,7.461934556571823,4.871995583932167,0.7254087384073513,0.09934042046004002,0.5062411733071258,38.68258993959378,10.99807532607015,11.604785440729925,11.458601090122167,3.3790492787474964,2.220446049250313e-16,7.418998182257727,4.907326007814631
existing_cem,45,29.00000000001246,24.740000000011346,False,"bound_hit,non_positive_definite_mass_matrix",True,11,11,500.57372848424257,0.11190805438587674,1.5938544861993187,False,4.499250388545214,a_inertia_combination:lower:0.919193078722:0;b_distal_inertia_combination:lower:4.49925038855:1.38777878078e-17;d_mass_length_com_combination:upper:2.70997743239:0.00194022028487;g2_distal_gravity_combination:upper:0.108130767613:0.41297455293;rho1_stiffness_rest_combination:upper:0.237598783875:0.54794153824;rho2_stiffness_rest_combination:lower:0.243895173211:2.22044604925e-16,1.3016666072865184,1.435607718960188,0.24955754663293708,0.24470826996385195,-0.6081726447703639,-0.79457443024612,1.426288132387217,38.98161755292384,12.233640267457982,11.838475658364658,11.379034993038568,4.963711086323464,-1.2770321406787446,7.461934556571823,4.871995583932167,0.7254087384073513,0.09934042046004002,0.5062411733071258,38.68258993959378,10.99807532607015,11.604785440729925,11.458601090122167,3.3790492787474964,2.220446049250313e-16,7.418998182257727,4.907326007814631
existing_cem,46,29.50000000001307,25.240000000011957,False,"bound_hit,non_positive_definite_mass_matrix",True,11,11,500.57372848424257,0.11190805438587674,1.5938544861993187,False,4.499250388545214,a_inertia_combination:lower:0.919193078722:0;b_distal_inertia_combination:lower:4.49925038855:1.38777878078e-17;d_mass_length_com_combination:upper:2.70997743239:0.00194022028487;g2_distal_gravity_combination:upper:0.108130767613:0.41297455293;rho1_stiffness_rest_combination:upper:0.237598783875:0.54794153824;rho2_stiffness_rest_combination:lower:0.243895173211:2.22044604925e-16,1.3016666072865184,1.435607718960188,0.24955754663293708,0.24470826996385195,-0.6081726447703639,-0.79457443024612,1.426288132387217,38.98161755292384,12.233640267457982,11.838475658364658,11.379034993038568,4.963711086323464,-1.2770321406787446,7.461934556571823,4.871995583932167,0.7254087384073513,0.09934042046004002,0.5062411733071258,38.68258993959378,10.99807532607015,11.604785440729925,11.458601090122167,3.3790492787474964,2.220446049250313e-16,7.418998182257727,4.907326007814631
existing_cem,47,30.00000000001368,25.740000000012568,False,"bound_hit,non_positive_definite_mass_matrix",True,11,11,500.57372848424257,0.11190805438587674,1.5938544861993187,False,4.499250388545214,a_inertia_combination:lower:0.919193078722:0;b_distal_inertia_combination:lower:4.49925038855:1.38777878078e-17;d_mass_length_com_combination:upper:2.70997743239:0.00194022028487;g2_distal_gravity_combination:upper:0.108130767613:0.41297455293;rho1_stiffness_rest_combination:upper:0.237598783875:0.54794153824;rho2_stiffness_rest_combination:lower:0.243895173211:2.22044604925e-16,1.3016666072865184,1.435607718960188,0.24955754663293708,0.24470826996385195,-0.6081726447703639,-0.79457443024612,1.426288132387217,38.98161755292384,12.233640267457982,11.838475658364658,11.379034993038568,4.963711086323464,-1.2770321406787446,7.461934556571823,4.871995583932167,0.7254087384073513,0.09934042046004002,0.5062411733071258,38.68258993959378,10.99807532607015,11.604785440729925,11.458601090122167,3.3790492787474964,2.220446049250313e-16,7.418998182257727,4.907326007814631
existing_cem,48,30.500000000014293,26.24000000001318,False,"bound_hit,non_positive_definite_mass_matrix",True,11,11,500.57372848424257,0.11190805438587674,1.5938544861993187,False,4.499250388545214,a_inertia_combination:lower:0.919193078722:0;b_distal_inertia_combination:lower:4.49925038855:1.38777878078e-17;d_mass_length_com_combination:upper:2.70997743239:0.00194022028487;g2_distal_gravity_combination:upper:0.108130767613:0.41297455293;rho1_stiffness_rest_combination:upper:0.237598783875:0.54794153824;rho2_stiffness_rest_combination:lower:0.243895173211:2.22044604925e-16,1.3016666072865184,1.435607718960188,0.24955754663293708,0.24470826996385195,-0.6081726447703639,-0.79457443024612,1.426288132387217,38.98161755292384,12.233640267457982,11.838475658364658,11.379034993038568,4.963711086323464,-1.2770321406787446,7.461934556571823,4.871995583932167,0.7254087384073513,0.09934042046004002,0.5062411733071258,38.68258993959378,10.99807532607015,11.604785440729925,11.458601090122167,3.3790492787474964,2.220446049250313e-16,7.418998182257727,4.907326007814631
existing_cem,49,31.000000000014904,26.74000000001379,False,"bound_hit,non_positive_definite_mass_matrix",True,11,11,500.57372848424257,0.11190805438587674,1.5938544861993187,False,4.499250388545214,a_inertia_combination:lower:0.919193078722:0;b_distal_inertia_combination:lower:4.49925038855:1.38777878078e-17;d_mass_length_com_combination:upper:2.70997743239:0.00194022028487;g2_distal_gravity_combination:upper:0.108130767613:0.41297455293;rho1_stiffness_rest_combination:upper:0.237598783875:0.54794153824;rho2_stiffness_rest_combination:lower:0.243895173211:2.22044604925e-16,1.3016666072865184,1.435607718960188,0.24955754663293708,0.24470826996385195,-0.6081726447703639,-0.79457443024612,1.426288132387217,38.98161755292384,12.233640267457982,11.838475658364658,11.379034993038568,4.963711086323464,-1.2770321406787446,7.461934556571823,4.871995583932167,0.7254087384073513,0.09934042046004002,0.5062411733071258,38.68258993959378,10.99807532607015,11.604785440729925,11.458601090122167,3.3790492787474964,2.220446049250313e-16,7.418998182257727,4.907326007814631
existing_cem,50,31.500000000015515,27.2400000000144,False,"bound_hit,non_positive_definite_mass_matrix",True,11,11,500.57372848424257,0.11190805438587674,1.5938544861993187,False,4.499250388545214,a_inertia_combination:lower:0.919193078722:0;b_distal_inertia_combination:lower:4.49925038855:1.38777878078e-17;d_mass_length_com_combination:upper:2.70997743239:0.00194022028487;g2_distal_gravity_combination:upper:0.108130767613:0.41297455293;rho1_stiffness_rest_combination:upper:0.237598783875:0.54794153824;rho2_stiffness_rest_combination:lower:0.243895173211:2.22044604925e-16,1.3016666072865184,1.435607718960188,0.24955754663293708,0.24470826996385195,-0.6081726447703639,-0.79457443024612,1.426288132387217,38.98161755292384,12.233640267457982,11.838475658364658,11.379034993038568,4.963711086323464,-1.2770321406787446,7.461934556571823,4.871995583932167,0.7254087384073513,0.09934042046004002,0.5062411733071258,38.68258993959378,10.99807532607015,11.604785440729925,11.458601090122167,3.3790492787474964,2.220446049250313e-16,7.418998182257727,4.907326007814631
cem_plus_smooth_local_refinement,0,6.480000000000499,3.2400000000002493,False,bound_hit,True,11,11,31500.707922541053,0.005601457553474951,1.8237015237725396,True,0.15598412654104168,bv2_viscous_damping:lower:0.155984126541:4.44283680956e-08,0.6507404968997802,0.8127737747557706,1.1552726969261136,1.7467354846990537,1.291029101033678,0.18584154805202546,0.3288504631575136,35.42398200357119,9.880927578058131,11.664544886995001,10.171244273149746,0.7085261805026621,1.2583424865427997,4.985678110514834,1.7200793672947916,1.2891649947775803,0.18101557568491725,0.3212016996457227,35.39215382476937,9.915133078508122,11.653848643372374,9.142216045963764,0.7094888074192763,1.0555910057934406,4.987264085146637,2.500000044428368
cem_plus_smooth_local_refinement,1,6.980000000000666,3.490000000000333,False,bound_hit,True,11,11,15471.299992372835,0.006850387668793377,1.9373999469959156,True,0.2486748706257292,bv2_viscous_damping:lower:0.248674870626:1.78346226676e-12,0.7865107839312545,0.8580820907923412,0.8565361693950913,0.9434023014836108,1.5985087396235675,0.17657039663058505,0.3040843700739148,34.932385860311946,10.449567383880675,12.108709889914133,12.91596642568041,0.43211195172873057,0.9875148945920351,4.043210215062563,1.256625646871354,1.5940235696988205,0.1688950895613868,0.2866348724736478,34.815198811339336,10.57580985300675,12.075042607644628,11.547051447746233,0.4372957289986556,0.6379756947644981,4.052035118312094,2.5000000000017835
cem_plus_smooth_local_refinement,2,7.480000000000833,3.7400000000004163,False,bound_hit,True,11,11,11823.943127624774,0.00872141482917776,2.0317186044258895,True,0.18122600532053462,bv2_viscous_damping:lower:0.181226005321:4.4364512064e-13,0.692339001731655,0.70947715357716,0.6179650497288565,0.7707324742397726,1.6065903363518745,0.18368010099250695,0.35987870449045173,36.046910416942104,9.870146786428013,12.213465188765532,12.558440148903511,0.7022068739831013,1.3744435615790769,4.734119093253514,1.593869973397327,1.5956819073668074,0.17457526002076074,0.343620518288523,35.92289092466884,10.000729516679874,12.179783423928649,11.787812815342921,0.7046363182866581,1.1195997743682382,4.737961933969067,2.5000000000004436
cem_plus_smooth_local_refinement,3,7.980000000001,3.9900000000005,False,bound_hit,True,11,11,11417.947949993699,0.01115618113718198,2.107120284399926,True,0.27947774666042074,bv2_viscous_damping:lower:0.27947774666:2.91899837634e-12,0.6981450802702189,0.7309559552798466,0.436001355628454,0.6779280553648389,1.3182990563282981,0.19701560068950064,0.3608309929234504,38.310900266968865,8.336123224590825,12.32591657766048,13.321331113963684,1.2329379893536987,2.937051247669359,5.88524987342614,1.1026112666978962,1.2944021406174602,0.1797530816190324,0.3204733720599457,38.17604666372966,8.480401024481589,12.274010190742418,12.38273716483313,1.2348391741316131,2.6439482093229065,5.892904883187,2.500000000002919
cem_plus_smooth_local_refinement,4,8.48000000000074,4.24000000000037,False,bound_hit,True,11,11,11112.694530456709,0.012508507782340729,2.1721904740224343,True,0.3626695636975811,rho2_stiffness_rest_combination:upper:0.0363979105205:4.03034552132e-06;bv2_viscous_damping:lower:0.362669563698:4.4408920985e-16,1.1976149299612981,1.2593547735767905,0.3043761316681582,1.0685941595925657,0.7593912510982236,0.20648641627525202,0.3074991495903019,41.32590965670154,5.9063260285781025,12.66371973799319,14.161721206576765,1.6568417228382653,5.426566769811697,6.469114146741113,0.6866521815120947,0.7260072281288946,0.18175636980361612,0.23694661930039523,41.30036716809015,5.931208325876765,12.616146248284732,13.102444402145778,1.646419310565088,5.2359837256374675,6.465521597996828,2.5000000000000004
cem_plus_smooth_local_refinement,5,8.980000000000462,4.490000000000231,False,bound_hit,True,11,11,10507.869819731934,0.01293238199186042,2.227164463572138,True,0.4902145109908562,a_inertia_combination:lower:0.074729184732:0;d_mass_length_com_combination:lower:0:2.1282487439e-09;g2_distal_gravity_combination:lower:0.0342301225194:2.12445030456;rho2_stiffness_rest_combination:upper:0.490214510991:0;bv2_viscous_damping:lower:0.364862021573:4.4408920985e-16,1.3259494816760364,1.4173230132046086,0.21288699970016822,1.2368636466482248,0.6169903311701187,0.18672415324219394,0.2500825839506894,44.03482560933592,3.543282202711179,13.143075333948401,14.559055459252374,1.888650376936484,7.8027449333363,6.51446850544446,0.6756898921344101,0.7254087384073513,0.15807153760531606,0.16939379999224874,41.930622793636864,5.928133597560912,12.690281574823228,13.377459253482927,2.139212368295071,5.235987755982989,6.806911457123613,2.5000000000000004
cem_plus_smooth_local_refinement,6,9.480000000000185,4.740000000000093,False,bound_hit,True,11,11,9510.457921382706,0.012966611228103017,2.266520251392329,True,0.4780822091349428,a_inertia_combination:lower:0.124764251546:0;d_mass_length_com_combination:lower:0:8.33888513796e-12;g2_distal_gravity_combination:lower:0.0416974045864:2.11062467555;rho2_stiffness_rest_combination:upper:0.478082209135:5.3290705182e-15;bv2_viscous_damping:lower:0.168124794326:4.4408920985e-16,1.3451364764151905,1.436392773102123,0.161615879744486,1.2167466397987516,0.544398581782355,0.18763759316412612,0.21504201202590095,44.10182831986939,3.486475850626711,13.112670239914262,13.86403693594562,1.7991362625025653,7.739220349366848,6.794850308056059,1.6593760283678796,0.7254087384073513,0.15538478492734165,0.16939379787233888,41.93931976241396,5.91430796854513,12.668348814684666,13.347122445275428,2.043659327198883,5.2359877559829835,7.183109774623485,2.5000000000000004
cem_plus_smooth_local_refinement,7,9.979999999999908,4.989999999999954,False,bound_hit,True,11,11,7957.759323783219,0.013315226512117247,2.2916593597585506,True,0.4080893947067269,a_inertia_combination:lower:0.260418105407:0;d_mass_length_com_combination:lower:0:4.9051873674e-12;g2_distal_gravity_combination:lower:0.00523692570644:2.11478178954;rho2_stiffness_rest_combination:upper:0.408089394707:6.71107613925e-12;bv1_viscous_damping:upper:0:5.3290705182e-15,1.343972635243335,1.4207884730786757,0.13386101999831534,1.1514539456802333,0.3475895998034768,0.18369166224432218,0.17798912420213697,43.50385945595042,3.7638440793674435,12.90617498628827,13.146265215311235,1.4010311295139883,7.37273883001392,7.137611545720244,2.8038888062706984,0.7254087384073513,0.1842728870111698,0.16939379786890518,41.90154251298838,5.918465082538489,12.636045689899031,13.237280557373783,1.9552870421213147,5.235987755976278,7.499999999999995,2.5000010133541
cem_plus_smooth_local_refinement,8,10.479999999999631,5.2399999999998155,False,bound_hit,True,11,11,5935.634591459979,0.014073621812634761,2.3084854912274717,True,0.3852662977613029,a_inertia_combination:lower:0.299621526995:0;d_mass_length_com_combination:lower:0.148481062733:2.77555756156e-17;g2_distal_gravity_combination:lower:0.000856932195953:2.04452296365;rho2_stiffness_rest_combination:upper:0.385266297761:1.82076576039e-13;bv1_viscous_damping:upper:0:1.7763568394e-15,1.3123184201750502,1.4054284882281938,0.1153553495962098,0.883059495217493,0.2907125906131929,0.17375578704630248,0.11909025560953435,43.16433536079643,3.7971642956460396,12.777847197298447,12.392554444094424,1.0412600034758606,7.253237373854067,7.328341760099235,4.2456465202956615,0.7254087384073513,0.175710132662163,0.16939379786400002,42.6746989402224,5.848206256652093,12.792907619320756,12.595508009342254,2.6264655368674634,5.235987755982807,7.499999999999998,3.6818473549318407
cem_plus_smooth_local_refinement,9,10.979999999999354,5.489999999999677,False,bound_hit,True,11,11,4371.294040022404,0.014540068947078225,2.3206115945649524,True,0.49524832122347434,a_inertia_combination:lower:0.268959982673:9.01612118298e-12;d_mass_length_com_combination:lower:0.248105505633:1.42053036001e-13;g2_distal_gravity_combination:lower:0.0839313055422:1.99155246747;rho2_stiffness_rest_combination:upper:0.495248321223:0;bv1_viscous_damping:upper:0:2.12274642308e-13,1.3148405466611472,1.425329404757215,0.10340352677891047,0.7256385571808,0.3351968949809365,0.16676151864389033,0.08533873012376908,44.075706937171034,3.1651870836987817,12.966460249302187,11.84775709391556,1.2948831397632956,7.829101902080231,7.1453049216659705,5.456825692928224,0.7254087384163674,0.1554981011218016,0.16939379786414205,43.01974937371429,5.795235760468829,12.859606466791469,12.067688116907997,2.890357244075246,5.235987755982989,7.499999999999788,4.814411375422469
cem_plus_smooth_local_refinement,10,11.479999999999077,5.739999999999538,False,bound_hit,True,11,11,3656.104548730833,0.01465712870441913,2.329674052513563,True,0.7007013497446406,a_inertia_combination:lower:0.20666518687:9.83657599818e-14;d_mass_length_com_combination:lower:0.243942429738:2.77555756156e-17;g2_distal_gravity_combination:lower:0.227808509165:1.97114744449;rho2_stiffness_rest_combination:upper:0.700701349745:8.13571432445e-13;bv1_viscous_damping:upper:0:1.95399252334e-14,1.3472552155369268,1.4697790976900325,0.09638543457528291,0.6876906158010639,0.4255752734464986,0.16100168891343475,0.08674912859697853,45.590735684009516,2.0706604523746863,13.312756733089923,11.580684109660032,1.7094295333309133,8.904851443846681,6.84027447855804,6.154923797273754,0.7254087384074497,0.1339760672625979,0.16939379786400002,43.16932601359863,5.774830737491021,12.88680320372291,11.774606746948953,2.9952947456901415,5.235987755982175,7.4999999999999805,5.540702156083074
cem_plus_smooth_local_refinement,11,11.9799999999988,5.9899999999994,False,bound_hit,True,11,11,3589.8152715305287,0.01447855601376707,2.336370135304449,True,0.6803630313054827,a_inertia_combination:lower:0.247641982931:1.16906484493e-13;d_mass_length_com_combination:lower:0.323271486201:7.88258347484e-15;g2_distal_gravity_combination:lower:0.211595246779:1.97158289425;rho2_stiffness_rest_combination:upper:0.680363031305:2.11386463889e-13;bv1_viscous_damping:upper:0:3.25979243598e-11,1.3984698897192505,1.5289536246214577,0.09280121287312339,0.7042702342365218,0.36612542157868866,0.15180758353969442,0.05987342828643044,45.052301804592744,2.194000682900464,13.161219224679652,11.561266020973694,1.2626106879769114,8.798360257521967,6.986575070275064,6.2690769996678695,0.7254087384074682,0.11329612319130812,0.16939379786400788,43.35401814644452,5.775266187247463,12.921324187285702,11.646531557518864,3.1621343429075366,5.235987755982777,7.499999999967402,5.921692941215095
cem_plus_smooth_local_refinement,12,12.479999999998522,6.239999999999261,False,bound_hit,True,11,11,3589.716856876893,0.014162351034011207,2.3414608566843946,True,0.5037568092357122,a_inertia_combination:lower:0.324980412055:1.11022302463e-16;d_mass_length_com_combination:lower:0.415093233726:2.77555756156e-17;g2_distal_gravity_combination:lower:0.086577788757:1.98295662169;rho2_stiffness_rest_combination:upper:0.503756809236:3.19744231092e-14;bv1_viscous_damping:upper:0:3.90798504668e-13,1.4425400304547167,1.5769460846794763,0.09139253276519975,0.7291184203841327,0.2539214769751026,0.14422508841906612,0.02876535920695472,43.82119185083526,3.1450543157203104,12.850843560952594,11.622372023712167,0.9437670351374118,7.873652241134236,7.257300479637843,6.143903821055943,0.7254087384073514,0.09934127986564592,0.16939379786400002,43.54077897049924,5.786639914693874,12.955819663613065,11.61939015039041,3.3459341967617333,5.235987755982957,7.499999999999609,6.047984649013127
cem_plus_smooth_local_refinement,13,12.979999999998245,6.489999999999123,False,bound_hit,True,11,11,3472.370935474777,0.013879346355097804,2.3454898048594104,True,0.48129631486631524,a_inertia_combination:lower:0.393771253264:0;b_distal_inertia_combination:lower:0:1.25233157178e-13;d_mass_length_com_combination:lower:0.481296314866:2.77555756156e-17;rho2_stiffness_rest_combination:upper:0.326449709274:9.7699626167e-15;bv1_viscous_damping:upper:0:9.68114477473e-14,1.4576179635714726,1.5911182682253782,0.0913090197533262,0.7486651502470713,0.15411852230510603,0.14095681322173143,0.006336576517694592,43.09009647972297,4.094616327484159,12.662888259529048,11.67217397953317,1.1328905119518868,6.945274436685812,7.405976112329878,6.0227997473842505,0.7254087384073513,0.09934042046016524,0.16939379786400002,43.69092958908858,5.801102222861526,12.981285727838433,11.637291030645017,3.498459392216834,5.235987755982979,7.499999999999903,6.033414804603645
cem_plus_smooth_local_refinement,14,13.479999999997968,6.739999999998984,False,bound_hit,True,11,11,3204.744498939188,0.013946111388507529,2.3484022787976713,True,0.5915710594076964,a_inertia_combination:lower:0.485765614167:0;b_distal_inertia_combination:lower:0:1.38777878078e-17;d_mass_length_com_combination:lower:0.591571059408:2.77555756156e-17;rho2_stiffness_rest_combination:upper:0.127879263323:4.60508253752e-09;bv1_viscous_damping:upper:0:0,1.459675375510053,1.5929355994093735,0.0910797811896082,0.7567989988464909,0.020651495738190695,0.1285712957106087,-0.031023139054999316,42.65654569786898,5.147810076360626,12.531842294556053,11.681813946261984,1.7242231029526618,5.905562012985778,7.455443317037615,6.014353171195112,0.7254087384073513,0.09934042046004002,0.16939379786400002,43.729668359854664,5.814583209881665,12.970927282763451,11.667100695776401,3.5372667110312195,5.235987751377906,7.5,5.970203002730138
cem_plus_smooth_local_refinement,15,13.979999999997691,6.989999999998846,False,bound_hit,True,11,11,2809.9904016005066,0.014050144771187574,2.3507800832601387,True,0.6592608029960855,a_inertia_combination:lower:0.553846618184:1.82076576039e-13;b_distal_inertia_combination:lower:0:9.7408192623e-14;d_mass_length_com_combination:lower:0.659260802996:4.93771690202e-14;rho2_stiffness_rest_combination:upper:0.0120854028644:0.720082290603;bv1_viscous_damping:upper:0:2.90434343242e-12,1.4276767874420515,1.577493393445163,0.09044047646704045,0.7180214778149223,-0.07812161472845425,0.12541860217481776,-0.05395558454075444,42.75898279991318,5.763896474746763,12.531930997765736,11.688647747417436,2.426306189532833,5.299266777407216,7.410644416294209,6.00314825709243,0.7254087384075334,0.09934042046013741,0.16939379786404937,43.41084851543731,6.5426484476450995,12.886852216647188,11.659019732795306,3.9269905590891585,4.515905465380397,7.499999999997096,5.998960265703521
cem_plus_smooth_local_refinement,16,14.479999999997414,7.239999999998707,False,bound_hit,True,11,11,2351.5702482582633,0.014119363611513915,2.352656853817141,True,0.7412653718673482,a_inertia_combination:lower:0.629138249671:3.10862446895e-15;b_distal_inertia_combination:lower:0:3.05311331772e-16;d_mass_length_com_combination:lower:0.741265371867:6.10622663544e-16;rho1_stiffness_rest_combination:upper:0:8.881784197e-16;bv1_viscous_damping:upper:0:1.7763568394e-15,1.383823864930718,1.5471625978170158,0.08969280859109792,0.6541262337689265,-0.18735602954823594,0.1198592782257041,-0.08173771526736073,43.22259138538464,6.216098610528778,12.608530362440698,11.686574470281776,3.3300259054471453,4.853798287885876,7.2848165348431175,6.021768658249718,0.7254087384073544,0.09934042046004031,0.1693937978640006,42.90637751038503,7.069640581672109,12.755516418951672,11.645250151735937,3.92699081698724,3.9941678643393868,7.499999999999998,6.04785102341717
cem_plus_smooth_local_refinement,17,14.979999999997137,7.4899999999985685,False,bound_hit,True,11,11,1919.6359824974452,0.014126685101829399,2.3541499246318867,True,0.8089543522715767,a_inertia_combination:lower:0.708542253284:0;b_distal_inertia_combination:lower:0:1.38777878078e-17;d_mass_length_com_combination:lower:0.808954352272:2.77555756156e-17;rho1_stiffness_rest_combination:upper:0.0422212800838:1.33226762955e-15;bv1_viscous_damping:upper:0:0,1.3591990845123751,1.53183524811456,0.08921558271196212,0.6101700441150587,-0.302556745719337,0.1204216661566885,-0.10466990219578903,43.77660931673761,6.452421765201386,12.704807446670685,11.688420166726731,4.111215904954426,4.62296153090269,7.147032503037486,6.025531070359703,0.7254087384073513,0.09934042046004002,0.16939379786400002,42.54956292717222,7.443357418017896,12.66221219131305,11.631106468150632,3.9269908169872396,3.624147363576709,7.5,6.100459692501483
cem_plus_smooth_local_refinement,18,15.47999999999686,7.73999999999843,False,bound_hit,True,11,11,1563.5002874536297,0.014055540461088563,2.3554540708068217,True,0.8366137199275319,a_inertia_combination:lower:0.741464810743:8.61977156319e-13;b_distal_inertia_combination:lower:0:4.71844785466e-14;d_mass_length_com_combination:lower:0.836613719928:1.91041626962e-13;rho1_stiffness_rest_combination:upper:0.120832243911:8.48210390814e-14;bv1_viscous_damping:upper:0:4.29878355135e-13,1.3470115568736603,1.5251554463767991,0.08894007014857666,0.5844282657178239,-0.35032136746097575,0.12468171282381253,-0.11404055286330689,44.054555561216475,6.522658908528921,12.755233598755943,11.69600938510201,4.454220941692252,4.557547702284389,7.090348841210286,6.007281325900173,0.7254087384082133,0.09934042046008719,0.16939379786419104,42.33160313927719,7.673370102861377,12.60314518145462,11.620850146518375,3.926990816987156,3.397115556770718,7.49999999999957,6.143101240286727
cem_plus_smooth_local_refinement,19,15.979999999996583,7.989999999998291,False,bound_hit,True,11,11,1310.5393267184456,0.014367614528476484,2.356093657712658,True,0.9263334255479547,a_inertia_combination:lower:0.841623136885:1.09590114761e-11;b_distal_inertia_combination:lower:0:8.68071031723e-11;d_mass_length_com_combination:lower:0.926333425548:7.04686309305e-13;rho1_stiffness_rest_combination:upper:0.303334551168:7.9933837327e-11;bv1_viscous_damping:upper:0:1.36391342664e-10,1.3349272563586874,1.5201837256755393,0.08858407500057804,0.5538865403404871,-0.49563281747726484,0.12193318710463469,-0.14443647621987388,44.864264401987306,6.51552339636899,12.89851796950797,11.699194114284989,5.250537480221985,4.568399160895979,6.8993248400046205,6.019325848403608,0.7254087384183103,0.09934042054684711,0.16939379786470468,42.04102206080991,7.978468207217063,12.521011067259284,11.597681191799413,3.926990816907307,3.092939861073166,7.499999999863609,6.231206430232972
cem_plus_smooth_local_refinement,20,16.47999999999716,8.23999999999858,False,bound_hit,True,11,11,1167.579432422865,0.014339622612094517,2.3545989036187325,True,0.8698789902270119,a_inertia_combination:lower:0.773382956109:3.27240790021e-10;b_distal_inertia_combination:lower:0:5.51600431997e-13;d_mass_length_com_combination:lower:0.869878990227:2.60928778584e-11;rho1_stiffness_rest_combination:upper:0.154408872732:3.45920359024e-09;bv1_viscous_damping:upper:0:4.50638637517e-10,1.3312776343150807,1.5194551579054552,0.08860152015320108,0.5435261565571975,-0.39662877058663537,0.11841623291673277,-0.12531041380930974,44.135839715374246,6.598175094967322,12.758385229048812,11.69408962311621,4.6007266228528,4.4875348076634145,7.060868215135889,6.039189272792761,0.7254087387345921,0.0993404204605916,0.16939379789009287,41.919541562574544,8.109041539507027,12.480140109954444,11.586359139925543,3.9269908135280374,2.9637090120011935,7.499999999549361,6.278829409873298
cem_plus_smooth_local_refinement,21,16.97999999999777,8.489999999998885,False,bound_hit,True,11,11,1073.067100934232,0.015014815343486908,2.3510610483153074,True,0.8906586145732649,a_inertia_combination:lower:0.78838201956:3.33066907388e-16;b_distal_inertia_combination:lower:0:6.17561557448e-15;d_mass_length_com_combination:lower:0.890658614573:1.94289029309e-16;rho1_stiffness_rest_combination:upper:0.200259556383:2.22044604925e-15,1.3204943662283222,1.511917405750179,0.08734531273539599,0.5471157866056378,-0.4183896739765016,0.10453591550339501,-0.13235029278170785,44.342698634794715,6.593065046195485,12.79761005763197,11.68741781290848,4.800787971352329,4.493501128149155,7.01965703445021,6.072700697427475,0.7254087384073516,0.09934042046004618,0.1693937978640002,41.8635770083491,8.186940176745955,12.413794059995077,11.574877569923448,3.9269908169872387,2.8862305959797645,7.380740568823048,6.321268462935531
cem_plus_smooth_local_refinement,22,17.47999999999838,8.73999999999919,False,bound_hit,True,11,11,1025.1894302144747,0.015143308290031163,2.3476346987811554,True,0.8137529710270461,a_inertia_combination:lower:0.713716493196:1.82076576039e-14;b_distal_inertia_combination:lower:0.123031101252:1.38777878078e-17;d_mass_length_com_combination:lower:0.813752971027:1.80411241502e-15;rho1_stiffness_rest_combination:upper:0.0315978063554:6.2172489379e-15,1.3129204665895184,1.5050887881461008,0.08600625315318204,0.5582791862405126,-0.3100636234121723,0.07489649780401744,-0.10629561470676979,43.367283417064385,6.841354922672758,12.600260906809119,11.656502613611435,4.064862256314363,4.242105975524106,7.170827251179704,6.159405003076298,0.7254087384073695,0.09934042046004002,0.1693937978640018,41.91053524055322,8.154860735601714,12.386419092077972,11.569430205493267,3.9269908169872347,2.918137732155791,7.261972507422717,6.328537926033109
cem_plus_smooth_local_refinement,23,17.97999999999899,8.989999999999496,False,bound_hit,True,11,11,971.4783658232805,0.01888495858109638,2.346250264345625,True,0.7031014355279349,a_inertia_combination:lower:0.703101435528:0;b_distal_inertia_combination:lower:0.238088818355:1.38777878078e-17;d_mass_length_com_combination:lower:0.637947421785:2.77555756156e-17;bv1_viscous_damping:upper:0.0147645602729:0,1.2408334770123395,1.4500767463260893,0.09069769309076764,0.40579138374324697,-0.2946631122300827,0.052036733815552544,-0.046734875363539374,39.11760422785807,7.46460908930942,11.610518626212016,11.599428349861357,0.36200925679819296,3.612156279382238,7.57382280136428,6.29942385670868,0.7254087384073513,0.09934042046004002,0.16939379786400002,40.650287523205556,8.721260835917748,12.19547815619851,11.517317336670777,3.239234932678553,2.346512967509836,7.5,6.474961470000368
cem_plus_smooth_local_refinement,24,18.479999999999603,9.239999999999801,False,bound_hit,True,11,11,902.9913998351931,0.020354112958387762,2.3431058214880873,True,0.6405503028018877,a_inertia_combination:lower:0.429165573642:4.09472455942e-12;b_distal_inertia_combination:lower:0.528673992818:1.38777878078e-17;d_mass_length_com_combination:lower:0.640550302802:1.21652687923e-13;bv1_viscous_damping:upper:0.0183274533684:0,1.2519567081155574,1.4606853832050442,0.09211070329304694,0.4111342814873077,0.10276782372005822,-0.0056969730056494194,-0.04761669916509392,39.98331435202924,7.845766853682008,11.89897088625475,11.553256748527158,1.6492219501895709,3.2232868664790884,7.591637266842026,6.387678617642138,0.725408738411446,0.09934042046004002,0.16939379786412165,40.74048576603828,8.746830465756839,12.224513947410726,11.505763953207012,3.3577946148167976,2.3169030728845255,7.5,6.437124250491798
cem_plus_smooth_local_refinement,25,18.980000000000214,9.490000000000107,False,bound_hit,True,11,11,814.5938888834926,0.02123405498428513,2.3376774846519615,True,0.7936079942953281,a_inertia_combination:lower:0.0408213634228:8.881784197e-16;b_distal_inertia_combination:lower:0.793607994295:1.11022302463e-16;d_mass_length_com_combination:lower:0.612298185838:5.82867087928e-16;rho1_stiffness_rest_combination:upper:0.0929082029157:3.99680288865e-15;bv1_viscous_damping:upper:0.0236926665443:0,1.3200193719698123,1.5159754623992499,0.08931853629656236,0.5067465475871012,0.6661843909261592,-0.058334283207453846,-0.03804523238468921,42.14173850584163,8.28609288760753,12.551666368125199,11.50472428646437,4.3323793277346825,2.7735582487833894,7.618463332721329,6.448240781358653,0.7254087384073522,0.09934042046004012,0.16939379786400058,41.62471594153126,8.418705098890552,12.409731886301516,11.520750760863889,3.926990816987237,2.640918598306382,7.5,6.261038846140645
cem_plus_smooth_local_refinement,26,19.480000000000825,9.740000000000412,False,bound_hit,True,11,11,723.9481726910665,0.021457196032290883,2.3314842900174755,True,0.9258432853625447,a_inertia_combination:lower:0:0;b_distal_inertia_combination:lower:0.925843285363:2.08166817117e-16;d_mass_length_com_combination:lower:0.580230663884:2.77555756156e-17;rho1_stiffness_rest_combination:upper:0.24272941953:8.881784197e-16;bv1_viscous_damping:upper:0.0260454209579:2.33468355759e-10,1.3165425513971192,1.5117605326757628,0.08750800554050464,0.5177142887334616,0.8644733149088211,-0.08460690203599999,-0.027181153720859275,42.48282313320019,8.580093902381563,12.678570311530649,11.472576350592782,4.986097707550125,2.4709583946839846,7.630227104789728,6.429350199320286,0.7254087384073513,0.09934042046004021,0.16939379786400002,41.71297037086463,8.333934536467085,12.412485585354208,11.518428493704327,3.92699081698724,2.7188807175742276,7.499999999766532,6.117229149233799
cem_plus_smooth_local_refinement,27,19.980000000001436,9.990000000000718,False,bound_hit,True,11,11,649.8791266076751,0.02188747499524865,2.3248573638529195,True,0.976464468065227,a_inertia_combination:lower:0.0467334669459:0;b_distal_inertia_combination:lower:0.976464468065:1.38777878078e-17;d_mass_length_com_combination:lower:0.588086512372:2.77555756156e-17;rho1_stiffness_rest_combination:upper:0.00668753909559:8.881784197e-16;bv1_viscous_damping:upper:0.0048951440502:3.30402372128e-13,1.308213710587035,1.5106060847078646,0.08710274062251377,0.47614309250736314,0.6576070078101481,-0.09466436118373792,-0.029842617742576794,41.53971273388002,8.538576515367405,12.381414679517906,11.467969439887673,3.9561707110057287,2.505113796697493,7.524475720251022,6.290867173146131,0.7254087384073513,0.09934042046004002,0.16939379786400002,41.39730927026114,8.655604221489513,12.350447216058964,11.487692518165705,3.92699081698724,2.3883373345367547,7.49999999999967,6.077890352895551
cem_plus_smooth_local_refinement,28,20.480000000002047,10.240000000001023,False,bound_hit,True,11,11,580.8885360822316,0.022369904340335492,2.3170651716767767,True,0.9443338184306375,a_inertia_combination:lower:0.217152176194:0;b_distal_inertia_combination:lower:0.944333818431:1.38777878078e-17;d_mass_length_com_combination:lower:0.607431264119:2.77555756156e-17;rho1_stiffness_rest_combination:upper:0:8.881784197e-16,1.3048876145062882,1.5135167788137396,0.08716114344701957,0.4413926557241032,0.41036056605626725,-0.08828061669502921,-0.036396379676749635,40.773408818549505,8.389278141407509,12.119152015423436,11.47408732398559,2.9971280835283247,2.648193687167452,7.409499447446403,6.118956730759917,0.7254087384073513,0.09934042046004002,0.16939379786400002,41.09944799586027,8.961174219571326,12.284962458828499,11.460513027697544,3.92699081698724,2.07552662586835,7.498488018044651,6.058321864551485
cem_plus_smooth_local_refinement,29,20.980000000002658,10.490000000001329,False,bound_hit,True,11,11,535.3457127530958,0.023525428617823373,2.30856105579182,True,0.9550269691559721,a_inertia_combination:lower:0.393820593881:3.33066907388e-16;b_distal_inertia_combination:lower:0.955026969156:1.38777878078e-17;d_mass_length_com_combination:lower:0.716155636249:1.38777878078e-16,1.2028687395004847,1.426901990793892,0.08641047989924698,0.3589801564673981,0.1540469380746472,-0.09040514087322385,-0.07323084830788629,39.849809443495076,8.122305007746522,11.785573861074246,11.486400691595598,1.7482025871172915,2.909846095843916,7.2163855650973385,5.95025150793119,0.7254087384073516,0.09934042046004002,0.16939379786400013,40.3161319554973,9.093463808724213,12.036984367601912,11.44677510667485,3.2338223281878182,1.9377912617649842,7.307502479441262,6.0130551117686295
cem_plus_smooth_local_refinement,30,21.48000000000327,10.740000000001634,False,bound_hit,True,11,11,496.78245598636147,0.0339539312961589,2.30251316297907,True,1.1956161739268103,a_inertia_combination:lower:0.925869672698:0;b_distal_inertia_combination:lower:1.08770714497:1.38777878078e-17;d_mass_length_com_combination:lower:1.19561617393:2.77555756156e-17;rho1_stiffness_rest_combination:lower:0.443006460935:0.701754613918,0.9910445480775713,1.2354434284850921,0.09855849237146515,0.21313883126567307,-0.6178591639951088,-0.11676614977778624,-0.23566613111417434,37.17254099328563,6.869836712075262,10.754500085946539,11.55903299738024,-2.3693126507278675,4.15898554573535,6.5208273882211465,5.556828397402902,0.7254087384073513,0.09934042046004002,0.16939379786400002,37.81824318343303,8.782131168335049,11.1546756579729,11.465319243246643,0.26542230091978614,2.245993431060974,6.541529859598805,5.855696710349766
cem_plus_smooth_local_refinement,31,21.98000000000388,10.99000000000194,False,bound_hit,True,11,11,466.17538471646094,0.03542997474841392,2.294776880882686,True,1.432345811134388,a_inertia_combination:lower:0.970119667903:0;b_distal_inertia_combination:lower:1.13047653477:1.38777878078e-17;d_mass_length_com_combination:lower:1.43234581113:2.77555756156e-17;rho1_stiffness_rest_combination:lower:0.669863186276:1.51156864803e-13,1.0064144454557873,1.2467323963663133,0.1152350149049468,0.23815209035102064,-0.6820578303882461,-0.12526360810880274,-0.3158671957412913,36.464610634969624,6.640132117614396,10.48186723905512,11.562666939569137,-3.359161847603901,4.38446061481699,6.287087664973166,5.489012186508623,0.7254087384073513,0.09934042046004002,0.16939379786400002,37.100524773076444,8.844914339186952,10.907971973228818,11.456637325940989,-0.4363323129984312,2.1805990463294425,6.283213114688353,5.855454761943102
cem_plus_smooth_local_refinement,32,22.48000000000449,11.240000000002246,False,bound_hit,True,11,11,439.0997546187549,0.03536960372090798,2.2855162464862597,True,1.5420017486433681,a_inertia_combination:lower:0.87777311749:0;b_distal_inertia_combination:lower:1.16574041246:1.38777878078e-17;d_mass_length_com_combination:lower:1.54200174864:2.77555756156e-17;rho1_stiffness_rest_combination:lower:0.646505453884:2.9485875408e-09,1.0048440074453227,1.248595392615316,0.12725659649555937,0.24964719542449745,-0.5480798411258467,-0.13226986498237672,-0.35301726716725845,36.42415762846656,6.78566327732128,10.474558043532268,11.540494748733893,-3.257244513593009,4.2354516901577135,6.237732514959038,5.571218431314871,0.7254087384073513,0.09934042046004002,0.16939379786400002,36.97478927221811,8.979039655572077,10.872200111769542,11.442702680465176,-0.43633231004999484,2.0447651673403757,6.212346097578463,5.9046443538426825
cem_plus_smooth_local_refinement,33,22.980000000005102,11.490000000002551,False,bound_hit,True,11,11,417.5005068610258,0.03634956930684437,2.2766356176803266,True,1.735057665284535,a_inertia_combination:lower:0.855687738946:0;b_distal_inertia_combination:lower:1.28282987499:1.38777878078e-17;d_mass_length_com_combination:lower:1.73505766528:2.77555756156e-17;rho1_stiffness_rest_combination:lower:0.775134824107:2.22995344412e-10,1.0044649887689134,1.2547836196360829,0.14631034275175042,0.277050891588689,-0.5160379879519461,-0.15553329786037504,-0.4184222170071846,36.04538017515807,6.636084148633426,10.318932635599737,11.536943395180542,-3.8184960198802624,4.382865109991092,6.044026220144098,5.596858477966859,0.7254087384073513,0.09934042046004002,0.16939379786400002,36.700224759577054,9.271435029113983,10.797626522946265,11.424514241569941,-0.43633231277558704,1.7534633676243792,6.020090057311251,6.009125470362942
cem_plus_smooth_local_refinement,34,23.480000000005713,11.740000000002857,False,bound_hit,True,11,11,400.1480596408911,0.036901592455814224,2.2673473525994714,True,1.7925394074342633,a_inertia_combination:lower:0.865964577782:0;b_distal_inertia_combination:lower:1.3552699577:1.38777878078e-17;d_mass_length_com_combination:lower:1.79253940743:2.77555756156e-17;rho1_stiffness_rest_combination:lower:0.832677122892:3.04145597596e-13,1.0046199098713395,1.2582456708206788,0.1648700104003013,0.2911793170294548,-0.5309478053415593,-0.16992575440876415,-0.43789631822834785,35.87826393199603,6.567140953733893,10.249404644356726,11.534108577757818,-4.069571663122203,4.450848025765091,5.95752769085678,5.62051901032044,0.7254087384073513,0.09934042046004002,0.16939379786400002,36.55088016299239,9.430323557830736,10.759443809353966,11.423414400734517,-0.43633231299827824,1.5969250425436903,5.896070873118253,6.021937478157966
cem_plus_smooth_local_refinement,35,23.980000000006324,11.990000000003162,False,bound_hit,True,11,11,387.0814244819537,0.0369202217142366,2.256890960049837,True,1.6820417793089435,a_inertia_combination:lower:0.898313893922:0;b_distal_inertia_combination:lower:1.28443827211:1.38777878078e-17;d_mass_length_com_combination:lower:1.68204177931:2.77555756156e-17;rho1_stiffness_rest_combination:lower:0.774037799563:1.22957199977e-13,1.0010157569603326,1.2541780542188934,0.1756196210446761,0.2823446572291455,-0.5778807585595804,-0.15585285555249465,-0.40046109246212414,36.01303551251681,6.675624526336785,10.308256119193189,11.529063392877001,-3.813709347313951,4.342455865214478,6.051437472494234,5.63693508327066,0.7254087384073513,0.09934042046004002,0.16939379786400002,36.5908610346113,9.386355526395654,10.77388485253022,11.438305761151183,-0.4363323129984594,1.6422898378498092,5.930461331888089,5.925765326691116
cem_plus_smooth_local_refinement,36,24.480000000006935,12.240000000003468,False,bound_hit,True,11,11,378.65079792110606,0.03965124540719506,2.2442940670614258,True,1.1886258078248646,a_inertia_combination:lower:1.18862580782:0;b_distal_inertia_combination:lower:0.998650151146:1.38777878078e-17;d_mass_length_com_combination:lower:1.00743005589:2.77555756156e-17;rho1_stiffness_rest_combination:lower:0.549659575473:2.08166817117e-14,1.0042161161564978,1.25004359478985,0.171121520381216,0.2545190867639869,-0.9990703569779567,-0.09907223135463669,-0.17191100863381803,36.5876435566763,7.0254794287201605,10.551445705844726,11.524084164080827,-2.8346746522801585,3.9923023602237357,6.516766085055181,5.579740100156176,0.7254087384073513,0.09934042046004002,0.16939379786400002,36.8683116902399,9.086173913061229,10.848830038906245,11.462790330693307,-0.43633231299856157,1.9413988480392634,6.266424906172277,5.762773236656411
cem_plus_smooth_local_refinement,37,24.980000000007546,12.490000000003773,False,bound_hit,True,11,11,373.94236916346665,0.0418144062037974,2.231315509635688,True,1.6467924353654284,a_inertia_combination:lower:1.64679243537:0;b_distal_inertia_combination:lower:0.650382053567:1.38777878078e-17;d_mass_length_com_combination:lower:0.170419566695:2.77555756156e-17;rho1_stiffness_rest_combination:lower:0.391433202973:1.66810454338e-11,1.016606401405462,1.2550603964197469,0.16591387462460835,0.24372421005927747,-1.6637865075070595,-0.029878032861903964,0.11165776259842142,37.03369035722969,7.228114277289633,10.731864871917569,11.527571038595733,-2.1442818613762564,3.7876752388791513,6.960527835997155,5.4523866508034855,0.7254087384073513,0.09934042046004002,0.16939379786400002,37.07641148415429,8.860114231086783,10.901627173407734,11.480869410002347,-0.43633231298190134,2.166166342361182,6.5737926359546,5.6336453728657565
cem_plus_smooth_local_refinement,38,25.480000000008157,12.740000000004079,False,bound_hit,True,11,11,371.8833604620647,0.043324988412585114,2.218253565883857,True,2.1946975883950444,a_inertia_combination:lower:2.1946975884:0;b_distal_inertia_combination:lower:0.401441238931:0.171814565625;d_mass_length_com_combination:lower:0:2.77555756156e-17;rho1_stiffness_rest_combination:lower:0.294420016061:0.391628567912,0.9549065675268052,1.097736798220158,0.16507616668013056,0.24727550326083894,-2.4586968791592603,0.019581737529286325,0.41688552592140793,37.34714611064756,7.309834590601135,10.851208146136793,11.532682505898816,-1.7209819790069316,3.7027668362308535,7.330141155421004,5.321362095848906,0.7254087384073513,0.27115498608493127,0.16939379786400002,37.3219001482115,8.98229803364531,10.996334389332947,11.490595661361251,-0.04470374508657682,2.0444193051262305,6.867737532387334,5.509766506305784
cem_plus_smooth_local_refinement,39,25.98000000000877,12.990000000004384,False,bound_hit,True,11,11,371.75702238538264,0.04438195573949343,2.2052464262787295,True,2.675577321687305,a_inertia_combination:lower:2.67557732169:0;b_distal_inertia_combination:lower:0.230899155616:0.19868084092;d_mass_length_com_combination:lower:0:2.77555756156e-17;rho1_stiffness_rest_combination:lower:0.240446786156:0.651303128821;bv1_viscous_damping:upper:0.0190174005771:0.422812610467,1.0214042529771643,1.14148560117021,0.1610786329550189,0.25387841394557337,-3.1563656004656644,0.05346518205458628,0.6714904964051605,37.54679663081471,7.328706604850906,10.92279539823937,11.536112854259631,-1.4854793365633596,3.6808914862749744,7.595087002885515,5.227058031115994,0.7254087384073513,0.29802126138012003,0.16939379786400002,37.48050063462286,9.06684650289844,11.056986961903672,11.49486627961534,0.21497081582236943,1.9600824076933838,7.077187389532572,5.450492215677363
cem_plus_smooth_local_refinement,40,26.48000000000938,13.24000000000469,False,bound_hit,True,11,11,372.96936253796076,0.04498077727521802,2.192524648733207,True,2.9525379280047126,a_inertia_combination:lower:2.952537928:3.99680288865e-15;b_distal_inertia_combination:lower:0.151473088562:0.19868084092;d_mass_length_com_combination:lower:0:6.10622663544e-16;rho1_stiffness_rest_combination:lower:0.223935250952:0.814007408199;bv1_viscous_damping:upper:0.042731333145:0.272356730988,1.0303351439636097,1.1513165193649844,0.15714908208890319,0.26069410040532653,-3.5581848885001564,0.06924561984783303,0.8104245444112691,37.62944770144535,7.311789133895303,10.950146577338012,11.537865703745949,-1.413434173096375,3.696000171597718,7.713656665724805,5.1811844421633895,0.7254087384073553,0.2980212613801188,0.1693937978640006,37.583025925077486,9.116109296966773,11.094668149090833,11.497609862366563,0.37767509520082365,1.910832689661156,7.227643269011598,5.412637313761892
cem_plus_smooth_local_refinement,41,26.98000000000999,13.490000000004995,False,bound_hit,True,11,11,374.9445704738899,0.04520545438973814,2.1802646825162784,True,3.0652820650334234,a_inertia_combination:lower:3.06528206503:4.10782519111e-15;b_distal_inertia_combination:lower:0.122716950592:0.19868084092;d_mass_length_com_combination:lower:0:5.6898930012e-15;rho1_stiffness_rest_combination:lower:0.218230539596:0.924863818226;bv1_viscous_damping:upper:0.0517455804526:0.168797333561,1.0378595377390576,1.159299307577945,0.154058910032106,0.26629701216278484,-3.7217560529098015,0.07495891352134577,0.8664010882997877,37.66061013804902,7.3032146419283075,10.960315100633839,11.538385858938053,-1.3885426740874256,3.703823310276729,7.758727902263246,5.164776117495127,0.7254087384073554,0.2980212613801192,0.16939379786400569,37.65279047599908,9.149757614147669,11.120225243058801,11.499419883606876,0.488531505227896,1.8771752680879237,7.331202666438683,5.387195113053628
cem_plus_smooth_local_refinement,42,27.4800000000106,13.7400000000053,False,bound_hit,True,11,11,377.2603996205216,0.04523599315649858,2.1684513236111704,True,3.130965178375057,a_inertia_combination:lower:3.13096517838:2.33146835171e-15;b_distal_inertia_combination:lower:0.107479924593:0.19868084092;d_mass_length_com_combination:lower:0:2.05946371068e-14;rho1_stiffness_rest_combination:lower:0.214737256324:1.00647510595;bv1_viscous_damping:upper:0.0570006724087:0.0928967674691,1.0440623916764433,1.1657713412304196,0.15144357149399237,0.2708388725049828,-3.8170502616774447,0.07798621865991436,0.8991084393698355,37.67890665218152,7.298794585936435,10.966355485431482,11.538553252525865,-1.3733003503869528,3.707798692174678,7.785003362043659,5.1563906984444,0.7254087384073536,0.29802126138011936,0.1693937978640206,37.70398882976014,9.174701794697382,11.139014392918433,11.50067392046668,0.5701427929523113,1.8522188450097061,7.407103232530936,5.369162776911926
cem_plus_smooth_local_refinement,43,27.980000000011213,13.990000000005606,False,bound_hit,True,11,11,379.7609027351462,0.045152118915177245,2.157057326558035,True,3.17472584460057,a_inertia_combination:lower:3.1747258446:0;b_distal_inertia_combination:lower:0.0980839419008:0.19868084092;d_mass_length_com_combination:lower:0:2.77555756156e-17;rho1_stiffness_rest_combination:lower:0.21233137205:1.0693710966;bv1_viscous_damping:upper:0.0604999579689:0.0346167950273,1.0492164328448335,1.1710950970011997,0.1491403487727883,0.2745634029764691,-3.880539001034474,0.07985302040243016,0.9209531541872827,37.691161241758714,7.296113138403157,10.970441061606358,11.538593875767868,-1.3628026998868772,3.710176373829335,7.802499789844687,5.151391907875901,0.7254087384073513,0.29802126138012003,0.16939379786400002,37.743342828243684,9.194034851210542,11.153479235666875,11.501588361945986,0.6330387836025515,1.8328718209708623,7.465383204972702,5.355721790765643
cem_plus_smooth_local_refinement,44,28.480000000011824,14.240000000005912,False,bound_hit,True,11,11,382.3738759729897,0.04499405136350348,2.1460621246567144,True,3.2059229199382435,a_inertia_combination:lower:3.20592291994:0;b_distal_inertia_combination:lower:0.0917280688656:0.19868084092;d_mass_length_com_combination:lower:0:2.77555756156e-17;rho1_stiffness_rest_combination:lower:0.210571369103:1.12882794213;bv1_viscous_damping:upper:0.0629961807634:8.87379059122e-11,1.0525006973785593,1.1746945138940539,0.1468887185901885,0.27659774855368513,-3.9258002631598754,0.08111581060184558,0.9365625915527114,37.6999466340384,7.294336525797217,10.973395936430883,11.53858432734917,-1.3551232383193414,3.7117294775309753,7.814980903816968,5.14812328293627,0.7254087384073513,0.29802126138012003,0.16939379786400002,37.780112228346105,9.21290264222951,11.168917307322179,11.502213825688694,0.6924956291325995,1.8140110892560857,7.499999999911262,5.345441295923702
cem_plus_smooth_local_refinement,45,28.980000000012435,14.490000000006217,False,bound_hit,True,11,11,385.0598671016913,0.0447903044825926,2.135446793074962,True,3.22882293352257,a_inertia_combination:lower:3.22882293352:0;b_distal_inertia_combination:lower:0.0872626154121:0.19868084092;d_mass_length_com_combination:lower:0:2.77555756156e-17;rho1_stiffness_rest_combination:lower:0.209255718318:1.20175307149;bv1_viscous_damping:upper:0.0648288135715:2.63428390213e-10,1.0529138499749275,1.1758485128720846,0.14440244846196024,0.27572541587454935,-3.9590240030873107,0.08200301064908723,0.9480465199753706,37.70642499295833,7.293097975015141,10.975592616131632,11.538554231601232,-1.3493826288188582,3.7127977556019967,7.824144067857675,5.145886315236665,0.7254087384073513,0.29802126138012003,0.16939379786400002,37.82436070831175,9.237228109429068,11.19151710762911,11.50252450351634,0.7654207584919197,1.789745501286057,7.499999999736572,5.337559765041634
cem_plus_smooth_local_refinement,46,29.480000000013046,14.740000000006523,False,bound_hit,True,11,11,387.7714755219956,0.044575740511411756,2.1251791886750575,True,3.255411688339626,a_inertia_combination:lower:3.25541168834:0;b_distal_inertia_combination:lower:0.0812150680683:0.19868084092;d_mass_length_com_combination:lower:0:2.77555756156e-17;rho1_stiffness_rest_combination:lower:0.206838871657:1.26654099461;bv1_viscous_damping:upper:0.0674588513193:6.2172489379e-15,1.0535426178899645,1.1771109519138452,0.1421319343153404,0.27498530265222587,-3.997599433262636,0.08320454244084377,0.9618552522030527,37.71567886092852,7.293617705740096,10.978833978681175,11.538473607627447,-1.3388371458792103,3.7120963294424243,7.837294256596746,5.143391261023649,0.7254087384073513,0.29802126138012003,0.16939379786400002,37.86355200863133,9.258968937766674,11.211541723022036,11.502755320388601,0.8302086816153085,1.768057939998825,7.499999999999994,5.330959401727143
cem_plus_smooth_local_refinement,47,29.980000000013657,14.990000000006829,False,bound_hit,True,11,11,390.3297561366487,0.04459270494646148,2.1150636808822187,True,3.225119266699483,a_inertia_combination:lower:3.2251192667:0;b_distal_inertia_combination:lower:0.0813135348736:0.19868084092;d_mass_length_com_combination:lower:0:4.95437024739e-14;rho1_stiffness_rest_combination:lower:0.190554968265:1.35058132003;bv1_viscous_damping:upper:0.0773370319521:9.60884705137e-11,1.054728837082286,1.1790857444129756,0.1394253870926794,0.27407991044320895,-3.953650658532077,0.08318497897317179,0.9586101496184007,37.743259179647815,7.3336217821892875,10.989756099437127,11.537641727734918,-1.2677852135637169,3.672356004908139,7.886685159760509,5.145598953370656,0.7254087384073513,0.29802126138012,0.16939379786404954,37.914280054504204,9.287320523440554,11.237378176333303,11.502878363999091,0.9142490070340656,1.7397609586443517,7.4999999999039115,5.323558251902508
cem_plus_smooth_local_refinement,48,30.480000000014268,15.240000000007134,False,bound_hit,True,11,11,392.7457530605285,0.04512053210196825,2.104933803686684,True,2.980208444462521,a_inertia_combination:lower:2.98020844446:2.22044604925e-16;b_distal_inertia_combination:lower:0.127562403148:0.19868084092;d_mass_length_com_combination:lower:0:9.46465128493e-15;rho1_stiffness_rest_combination:lower:0.163649280157:1.45411257215;bv1_viscous_damping:upper:0.0964881003772:1.54543045028e-13,1.0566123338843423,1.1817974722839453,0.13595230942620054,0.27285681458553035,-3.598329757369634,0.07399621493284049,0.868392373795461,37.757618184848084,7.432148099401437,10.993181174921032,11.536005546094676,-1.1503870023151923,3.575390924965018,7.9824405018858995,5.164197338414134,0.7254087384073515,0.29802126138012,0.16939379786400946,37.98077916571564,9.31802787881377,11.2704657096177,11.503141306427743,1.0177802591487144,1.7089456641096739,7.4999999999998455,5.311092771016652
cem_plus_smooth_local_refinement,49,30.98000000001488,15.49000000000744,False,bound_hit,True,11,11,394.9660176274607,0.04550296270949321,2.0951509017005066,True,2.7499771422768426,a_inertia_combination:lower:2.74997714228:0;b_distal_inertia_combination:lower:0.288891838725:0.19868084092;d_mass_length_com_combination:lower:0:4.69069227904e-15;rho1_stiffness_rest_combination:lower:0.159858631983:1.50916862293;bv1_viscous_damping:upper:0.119121832935:3.5527136788e-15,1.057378430292909,1.1826980627760286,0.13279791528681661,0.27165479959172856,-3.2643061604488444,0.04194314700719709,0.7828314283063535,37.732040961347984,7.47396400505497,10.971946042029115,11.535571103962413,-1.133847179459465,3.5345583276291705,8.095609164673146,5.177475299585959,0.7254087384073513,0.29802126138012,0.16939379786400469,38.029349109718055,9.32025566382506,11.292733563898212,11.504208858087878,1.0728363099331821,1.7060133233433614,7.4999999999999964,5.287683582567583
cem_plus_smooth_local_refinement,50,31.48000000001549,15.740000000007745,False,bound_hit,True,11,11,396.68983459630533,0.04650720571534393,2.085518563206032,True,2.509887228683823,a_inertia_combination:lower:2.50988722868:1.7763568394e-15;b_distal_inertia_combination:lower:0.511729908626:0.19868084092;d_mass_length_com_combination:lower:0:1.0660916594e-13;rho1_stiffness_rest_combination:lower:0.191575952446:1.49672161225;bv1_viscous_damping:upper:0.152495962868:2.6645352591e-15,1.0557944740112961,1.1800642174289895,0.12953434355612226,0.2702822085822359,-2.91597951780116,-0.0023305081096574864,0.6864996058899477,37.644645988839244,7.429206474083869,10.909115267001795,11.53695540112637,-1.272240097455474,3.57951798719355,8.262479814340661,5.183846805596619,0.7254087384073531,0.29802126138011764,0.1693937978641066,38.065421778717834,9.269658537176856,11.303811277454743,11.506325312515564,1.0603892992546324,1.7549755652525092,7.499999999999997,5.25202418250735
cem_plus_smooth_local_refinement,51,31.9800000000161,15.99000000000805,False,bound_hit,True,11,11,397.23213855134867,0.051008434540203706,2.0752902411980023,True,2.2440859510112166,a_inertia_combination:lower:2.24408595101:6.77236045021e-15;b_distal_inertia_combination:lower:0.924726939833:0.19868084092;d_mass_length_com_combination:lower:0:5.45397060847e-14;rho1_stiffness_rest_combination:lower:0.309995310472:1.31901172813;bv1_viscous_damping:upper:0.222055294714:0,1.0503024830938545,1.170053662879105,0.12492956020837571,0.26872873233217404,-2.5303503787940644,-0.08438510556743686,0.5581005487829902,37.410065676671195,7.168996158602802,10.740381413380161,11.542057427413033,-1.788942021370159,3.8388905154780515,8.610276473571481,5.1981509281710565,0.7254087384073581,0.2980212613801171,0.16939379786405453,38.08455268531795,9.075861362311539,11.290181535863068,11.510589454571967,0.8826794151283002,1.9460860362545507,7.5,5.217182450432628
