q2_deg,q1_deg,robot_only_rank,augmented_admissible_rank,contact_mode,robot_only_force_n,robot_only_force_norm_n,minimum_robot_force_n,minimum_robot_force_norm_n,bed_reactions_n,force_reserve_n,classification
0.0,0.0,1,1,thigh_0.00,[0.0;31.576789371019846],31.576789371019846,[0.0;31.576789371019835],31.576789371019835,{"thigh_0.00":0.0},None,RANK_OR_UNILATERAL_INCOMPATIBLE
0.25,0.11960984772699138,2,2,thigh_0.00,[26968.9370870359;23.86232583154596],26968.94764381982,[26968.937087035898;23.86232583154596],26968.947643819814,{"thigh_0.00":0.0},-26768.947643819814,FORCE_LIMIT_INFEASIBLE
0.5,0.23921964423853986,2,2,thigh_0.00,[11154.857797283314;25.446643383543723],11154.886821894332,[11154.857797283315;25.446643383543723],11154.886821894333,{"thigh_0.00":0.0},-10954.886821894333,FORCE_LIMIT_INFEASIBLE
0.7130271235631903,0.3411400890047311,2,2,thigh_0.00,[6550.683640038006;26.754925568806353],6550.738277316823,[6550.683640038006;26.75492556880635],6550.738277316823,{"thigh_0.00":0.0},-6350.738277316823,FORCE_LIMIT_INFEASIBLE
0.75,0.35882933831725783,2,2,thigh_0.00,[6028.312402201941;26.978079240864123],6028.37276844268,[6028.312402201942;26.97807924086412],6028.37276844268,{"thigh_0.00":0.0},-5828.37276844268,FORCE_LIMIT_INFEASIBLE
1.0,0.47843887874186797,2,2,thigh_0.00,[3567.9400889300723;28.45661713651886],3568.0535670380827,[3567.940088930074;28.456617136518858],3568.0535670380846,{"thigh_0.00":0.0},-3368.0535670380846,FORCE_LIMIT_INFEASIBLE
1.25,0.5980482142852583,2,2,thigh_0.00,[2169.469370806376;29.882239438872855],2169.6751598110013,[2169.4693708063787;29.88223943887285],2169.675159811004,{"thigh_0.00":0.0},-1969.675159811004,FORCE_LIMIT_INFEASIBLE
1.5,0.7176572937125366,2,2,thigh_0.00,[1298.1435889261563;31.254927140063504],1298.5197911239597,[1298.143588926157;31.2549271400635],1298.5197911239604,{"thigh_0.00":0.0},-1098.5197911239604,FORCE_LIMIT_INFEASIBLE
1.75,0.8372660657790828,2,2,thigh_0.00,[724.7816980826564;32.57465984434516],725.5133481470576,[724.7816980826376;32.57465984434545],725.5133481470389,{"thigh_0.00":0.0},-525.5133481470389,FORCE_LIMIT_INFEASIBLE
2.0,0.9568744792286041,2,2,thigh_0.00,[334.79346325551444;33.84141575635697],336.49948656575407,[334.7934632555149;33.841415756356966],336.4994865657545,{"thigh_0.00":0.0},-136.49948656575452,FORCE_LIMIT_INFEASIBLE
2.25,1.0764824827911852,2,2,thigh_0.00,[64.517858442066;35.05517166931195],73.42628356872898,[64.51785844206601;35.05517166931195],73.42628356872899,{"thigh_0.00":0.0},126.57371643127101,ROBOT_ONLY_FEASIBLE
2.5,1.1960900251813398,2,2,thigh_0.00,[-124.2415738093284;36.215902953105704],129.4123652875859,[-124.24157380932847;36.215902953105704],129.41236528758597,{"thigh_0.00":0.0},70.58763471241403,ROBOT_ONLY_FEASIBLE
2.75,1.31569705509606,2,2,thigh_0.00,[-255.79155897503932;37.3235835423421],258.5002350701508,[-255.79155897503932;37.32358354234211],258.5002350701508,{"thigh_0.00":0.0},-58.50023507015078,FORCE_LIMIT_INFEASIBLE
3.0,1.4353035212128658,2,2,thigh_0.00,[-346.336508844776;38.37818592427481],348.4563997311942,[-346.33650884477595;38.37818592427481],348.45639973119415,{"thigh_0.00":0.0},-148.45639973119415,FORCE_LIMIT_INFEASIBLE
3.25,1.5549093721878486,2,2,thigh_0.00,[-407.09482367827064;39.3796811266619],408.9950546782685,[-407.0948236782706;39.3796811266619],408.99505467826845,{"thigh_0.00":0.0},-208.99505467826845,FORCE_LIMIT_INFEASIBLE
3.5,1.67451455665372,2,2,thigh_0.00,[-446.07963629661924;40.32803870553202],447.8988642811667,[-446.079636296616;40.32803870553193],447.89886428116347,{"thigh_0.00":0.0},-247.89886428116347,FORCE_LIMIT_INFEASIBLE
3.75,1.7941190232178512,2,2,thigh_0.00,[-469.1672585393153;41.22322673285987],470.9748092069952,[-469.1672585393153;41.22322673285987],470.9748092069952,{"thigh_0.00":0.0},-270.9748092069952,FORCE_LIMIT_INFEASIBLE
4.0,1.9137227204603184,2,2,thigh_0.00,[-480.7649603025084;42.06521178414888],482.6017292728216,[-480.7649603025084;42.06521178414887],482.6017292728216,{"thigh_0.00":0.0},-282.6017292728216,FORCE_LIMIT_INFEASIBLE
4.25,2.0333255969319355,2,2,thigh_0.00,[-484.2430618608366;42.85395892591945],486.13558268859765,[-484.243061860833;42.853958925919315],486.13558268859407,{"thigh_0.00":0.0},-286.13558268859407,FORCE_LIMIT_INFEASIBLE
4.5,2.1529276011522955,2,2,thigh_0.00,[-482.22299541855926;43.58943170310016],484.18907037091105,[-482.2229954185593;43.58943170310017],484.1890703709111,{"thigh_0.00":0.0},-284.1890703709111,FORCE_LIMIT_INFEASIBLE
4.75,2.2725286816078043,2,2,thigh_0.00,[-476.77439985859127;44.2715921263203],478.8254402492824,[-476.7743998585892;44.27159212632026],478.82544024928035,{"thigh_0.00":0.0},-278.82544024928035,FORCE_LIMIT_INFEASIBLE
5.0,2.3921287867497067,2,2,thigh_0.00,[-469.5530870705875;44.900400659101294],471.6949730035996,[-469.5530870705875;44.9004006591013],471.6949730035996,{"thigh_0.00":0.0},-271.6949730035996,FORCE_LIMIT_INFEASIBLE
5.25,2.511727864992123,2,2,thigh_0.00,[-461.7269081533016;45.47623116424938],463.9610170194385,[-461.7269081533015;45.47623116424938],463.9610170194384,{"thigh_0.00":0.0},-263.9610170194384,FORCE_LIMIT_INFEASIBLE
5.5,2.631325864710065,2,2,thigh_0.00,[-453.59212846298954;46.00111610695325],455.91876654363614,[-453.5921284629898;46.00111610695325],455.9187665436364,{"thigh_0.00":0.0},-255.91876654363642,FORCE_LIMIT_INFEASIBLE
5.75,2.750922734237466,2,2,thigh_0.00,[-445.23583084863714;46.4775023116473],447.6551164597646,[-445.2358308486372;46.4775023116473],447.65511645976466,{"thigh_0.00":0.0},-247.65511645976466,FORCE_LIMIT_INFEASIBLE
6.0,2.870518421865195,2,2,thigh_0.00,[-436.7305817229091;46.907836187845845],439.2424684702703,[-436.73058172290723;46.907836187845774],439.24246847026836,{"thigh_0.00":0.0},-239.24246847026836,FORCE_LIMIT_INFEASIBLE
6.25,2.990112875839076,2,2,thigh_0.00,[-428.13733466786016;47.29456383583352],430.7416314972597,[-428.1373346678583;47.29456383583349],430.7416314972578,{"thigh_0.00":0.0},-230.7416314972578,FORCE_LIMIT_INFEASIBLE
6.5,3.1097060443578943,2,2,thigh_0.00,[-419.5076639775246;47.64013115238472],422.2040528371277,[-419.50766397752454;47.64013115238471],422.2040528371276,{"thigh_0.00":0.0},-222.20405283712762,FORCE_LIMIT_INFEASIBLE
6.75,3.2292978755714095,2,2,thigh_0.00,[-410.8855018574252;47.946983936519274],413.6735535482502,[-410.88550185742514;47.946983936519274],413.6735535482501,{"thigh_0.00":0.0},-213.67355354825008,FORCE_LIMIT_INFEASIBLE
7.0,3.348888317578358,2,2,thigh_0.00,[-402.3085033667365;48.21756799530266],405.1876919954073,[-402.3085033667364;48.21756799530266],405.1876919954072,{"thigh_0.00":0.0},-205.1876919954072,FORCE_LIMIT_INFEASIBLE
7.25,3.468477318424449,2,2,thigh_0.00,[-393.80912895830204;48.45432924969825],396.77884529537954,[-393.80912895830227;48.45432924969826],396.77884529537977,{"thigh_0.00":0.0},-196.77884529537977,FORCE_LIMIT_INFEASIBLE
7.5,3.588064826100367,2,2,thigh_0.00,[-385.4155105103069;48.65971384047958],388.47507448092193,[-385.41551051030683;48.65971384047958],388.4750744809218,{"thigh_0.00":0.0},-188.47507448092182,FORCE_LIMIT_INFEASIBLE
7.75,3.707650788539757,2,2,thigh_0.00,[-377.1521497385599;48.83616823421054],380.30082221869736,[-377.1521497385602;48.836168234210554],380.3008222186976,{"thigh_0.00":0.0},-180.3008222186976,FORCE_LIMIT_INFEASIBLE
8.0,3.8272351536172136,2,2,thigh_0.00,[-369.0404856561045;48.986139329301224],372.2774797106094,[-369.04048565610464;48.98613932930123],372.2774797106095,{"thigh_0.00":0.0},-172.2774797106095,FORCE_LIMIT_INFEASIBLE
8.25,3.9468178691462614,2,2,thigh_0.00,[-361.09935885796807;49.112074562147406],364.4238505304414,[-361.099358857968;49.1120745621474],364.42385053044137,{"thigh_0.00":0.0},-164.42385053044137,FORCE_LIMIT_INFEASIBLE
8.5,4.0663988828773325,2,2,thigh_0.00,[-353.3453938729083;49.21642201336142],356.7565326199339,[-353.3453938729084;49.216422013361424],356.75653261993403,{"thigh_0.00":0.0},-156.75653261993403,FORCE_LIMIT_INFEASIBLE
8.75,4.185978142495738,2,2,thigh_0.00,[-345.7933159687387;49.30163051410262],349.29023481913293,[-345.7933159687375;49.301630514102534],349.2902348191318,{"thigh_0.00":0.0},-149.2902348191318,FORCE_LIMIT_INFEASIBLE
9.0,4.305555595619632,2,2,thigh_0.00,[-338.456215156335;49.37014975251484],342.03804066877865,[-338.45621515633434;49.37014975251479],342.03804066877797,{"thigh_0.00":0.0},-142.03804066877797,FORCE_LIMIT_INFEASIBLE
9.25,4.425131189797976,2,2,thigh_0.00,[-331.34576738175343;49.42443038027939],335.0116294701098,[-331.3457673817533;49.42443038027938],335.0116294701097,{"thigh_0.00":0.0},-135.0116294701097,FORCE_LIMIT_INFEASIBLE
9.5,4.5447048725084915,2,2,thigh_0.00,[-324.4724207928237;49.466924119291065],328.22146248680775,[-324.47242079282375;49.46692411929107],328.2214624868078,{"thigh_0.00":0.0},-128.2214624868078,FORCE_LIMIT_INFEASIBLE
9.75,4.664276591155609,2,2,thigh_0.00,[-317.8455533488895;49.50008386846533],321.6769405578318,[-317.84555334888955;49.500083868465325],321.67694055783187,{"thigh_0.00":0.0},-121.67694055783187,FORCE_LIMIT_INFEASIBLE
10.0,4.7838462930684145,2,2,thigh_0.00,[-311.4736067886178;49.52636381068476],315.3865381372813,[-311.4736067886179;49.526363810684764],315.3865381372814,{"thigh_0.00":0.0},-115.38653813728138,FORCE_LIMIT_INFEASIBLE
10.5,5.022979435618305,2,2,thigh_0.00,[-299.52420166238034;49.56810515885514],303.5979980673878,[-299.52420166237874;49.568105158855055],303.59799806738624,{"thigh_0.00":0.0},-103.59799806738624,FORCE_LIMIT_INFEASIBLE
11.0,5.262103877205348,2,2,thigh_0.00,[-288.6340799191361;49.60750100589436],292.8660722016398,[-288.63407991913584;49.607501005894335],292.86607220163944,{"thigh_0.00":0.0},-92.86607220163944,FORCE_LIMIT_INFEASIBLE
11.5,5.501219193538477,2,2,thigh_0.00,[-278.688177734674;49.64697418384926],283.07582456770314,[-278.68817773467407;49.64697418384926],283.0758245677032,{"thigh_0.00":0.0},-83.0758245677032,FORCE_LIMIT_INFEASIBLE
12.0,5.740324958921405,2,2,thigh_0.00,[-269.5685131596217;49.686526993638594],274.10934725357095,[-269.5685131596218;49.686526993638594],274.109347253571,{"thigh_0.00":0.0},-74.109347253571,FORCE_LIMIT_INFEASIBLE
12.5,5.979420746185187,2,2,thigh_0.00,[-261.1759813285549;49.726161749480696],265.86760687467955,[-261.1759813285548;49.726161749480696],265.8676068746795,{"thigh_0.00":0.0},-65.8676068746795,FORCE_LIMIT_INFEASIBLE
13.0,6.218506126620304,2,2,thigh_0.00,[-253.42672425281268;49.76588077928255],258.2668144676139,[-253.42672425281268;49.76588077928255],258.2668144676139,{"thigh_0.00":0.0},-58.266814467613926,FORCE_LIMIT_INFEASIBLE
13.5,6.457580669908236,2,2,thigh_0.00,[-246.24930732601405;49.8056864250336],251.2356020925587,[-246.24930732601425;49.805686425033606],251.2356020925589,{"thigh_0.00":0.0},-51.235602092558906,FORCE_LIMIT_INFEASIBLE
14.0,6.696643944052506,2,2,thigh_0.00,[-239.58250086409763;49.845581043204234],244.71280446643976,[-239.58250086409763;49.845581043204234],244.71280446643976,{"thigh_0.00":0.0},-44.71280446643976,FORCE_LIMIT_INFEASIBLE
14.5,6.935695515309165,2,2,thigh_0.00,[-233.3735206370698;49.88556700514922],238.64569958406136,[-233.37352063706982;49.88556700514921],238.6456995840614,{"thigh_0.00":0.0},-38.64569958406139,FORCE_LIMIT_INFEASIBLE
15.0,7.174734948116697,2,2,thigh_0.00,[-227.5766202943967;49.925646697516065],232.98860122929878,[-227.57662029439678;49.92564669751607],232.98860122929887,{"thigh_0.00":0.0},-32.988601229298865,FORCE_LIMIT_INFEASIBLE
15.5,7.413761805025333,2,2,thigh_0.00,[-222.1519562241841;49.96582252265889],227.70172391661345,[-222.1519562241841;49.9658225226589],227.70172391661345,{"thigh_0.00":0.0},-27.701723916613446,FORCE_LIMIT_INFEASIBLE
16.0,7.652775646625724,2,2,thigh_0.00,[-217.06466525125205;50.00609689905722],222.75026066812134,[-217.06466525125205;50.00609689905722],222.75026066812134,{"thigh_0.00":0.0},-22.750260668121342,FORCE_LIMIT_INFEASIBLE
16.5,7.891776031476943,2,2,thigh_0.00,[-212.28411002646345;50.046472261740625],218.10362847869544,[-212.28411002646342;50.046472261740625],218.10362847869544,{"thigh_0.00":0.0},-18.10362847869544,FORCE_LIMIT_INFEASIBLE
17.0,8.130762516033862,2,2,thigh_0.00,[-207.78325758263358;50.08695106271891],213.7348469445501,[-207.78325758263358;50.08695106271892],213.7348469445501,{"thigh_0.00":0.0},-13.7348469445501,FORCE_LIMIT_INFEASIBLE
17.5,8.369734654573751,2,2,thigh_0.00,[-203.53816442370515;50.12753577141816],209.62002342211022,[-203.53816442370515;50.12753577141817],209.62002342211022,{"thigh_0.00":0.0},-9.620023422110222,FORCE_LIMIT_INFEASIBLE
18.0,8.608691999122218,2,2,thigh_0.00,[-199.52754743238629;50.168228875122615],205.73792400247905,[-199.52754743238617;50.16822887512261],205.73792400247893,{"thigh_0.00":0.0},-5.737924002478934,FORCE_LIMIT_INFEASIBLE
18.5,8.847634099378329,2,2,thigh_0.00,[-195.73242436032854;50.209032879423],202.06961406569448,[-195.73242436032848;50.20903287942299],202.06961406569442,{"thigh_0.00":0.0},-2.0696140656944237,FORCE_LIMIT_INFEASIBLE
19.0,9.08656050263898,2,2,thigh_0.00,[-192.13581108300437;50.24995030867106],198.59815559704438,[-192.13581108300417;50.24995030867104],198.59815559704418,{"thigh_0.00":0.0},1.4018444029558168,ROBOT_ONLY_FEASIBLE
19.5,9.325470753722435,2,2,thigh_0.00,[-188.7224654307514;50.290983706440464],195.3083510770152,[-188.72246543075138;50.290983706440464],195.30835107701515,{"thigh_0.00":0.0},4.691648922984854,ROBOT_ONLY_FEASIBLE
20.0,9.564364394891049,2,2,thigh_0.00,[-185.47866944515192;50.33213563599457],192.18652579414638,[-185.4786694451521;50.33213563599459],192.18652579414655,{"thigh_0.00":0.0},7.813474205853453,ROBOT_ONLY_FEASIBLE
20.5,9.803240965773076,2,2,thigh_0.00,[-182.39204350032745;50.3734086807612],189.2203420204718,[-182.39204350032745;50.3734086807612],189.2203420204718,{"thigh_0.00":0.0},10.779657979528196,ROBOT_ONLY_FEASIBLE
21.0,10.042100003283627,2,2,thigh_0.00,[-179.45138697832297;50.41480544481409],186.39863973881967,[-179.45138697832294;50.41480544481409],186.39863973881964,{"thigh_0.00":0.0},13.60136026118036,ROBOT_ONLY_FEASIBLE
21.5,10.280941041544661,2,2,thigh_0.00,[-176.64654117583018;50.45632855336196],183.71129959931446,[-176.64654117583018;50.45632855336196],183.71129959931446,{"thigh_0.00":0.0},16.288700400685542,ROBOT_ONLY_FEASIBLE
22.0,10.519763611804034,2,2,thigh_0.00,[-173.96827090543775;50.497980653244895],181.14912456836018,[-173.96827090543775;50.497980653244895],181.14912456836018,{"thigh_0.00":0.0},18.85087543163982,ROBOT_ONLY_FEASIBLE
22.5,10.75856724235356,2,2,thigh_0.00,[-171.40816188337615;50.5397644134384],178.7037373621591,[-171.40816188337607;50.539764413438384],178.70373736215902,{"thigh_0.00":0.0},21.296262637840982,ROBOT_ONLY_FEASIBLE
23.0,10.997351458446037,2,2,thigh_0.00,[-168.95853150146164;50.581682525565355],176.3674912625552,[-168.95853150146175;50.58168252556535],176.36749126255532,{"thigh_0.00":0.0},23.63250873744468,ROBOT_ONLY_FEASIBLE
23.5,11.236115782211222,2,2,thigh_0.00,[-166.6123509898489;50.62373770441601],174.13339232189244,[-166.61235098984892;50.623737704416],174.13339232189247,{"thigh_0.00":0.0},25.866607678107528,ROBOT_ONLY_FEASIBLE
24.0,11.474859732570733,2,2,thigh_0.00,[-164.36317730943105;50.66593268847627],171.99503129580424,[-164.36317730943065;50.66593268847619],171.99503129580384,{"thigh_0.00":0.0},28.00496870419616,ROBOT_ONLY_FEASIBLE
24.5,11.713582825151812,2,2,thigh_0.00,[-162.20509338394038;50.708270240464664],169.94652391406188,[-162.20509338394038;50.708270240464664],169.94652391406188,{"thigh_0.00":0.0},30.053476085938115,ROBOT_ONLY_FEASIBLE
25.0,11.952284572199957,2,2,thigh_0.00,[-160.13265550418714;50.750753147877695],167.98245832199115,[-160.1326555041872;50.7507531478777],167.9824583219912,{"thigh_0.00":0.0},32.0175416780088,ROBOT_ONLY_FEASIBLE
