run_order,run_id,case_id,repetition,started_utc,started_local_utc_plus_08,elapsed_host_s,run_status,abort_reason,returncode,host_load_1m,host_load_5m,host_load_15m,host_ram_bytes,process_cpu_percent,memory_used_bytes_at_run_start,planning_count,planning_mean_ms,planning_median_ms,planning_p95_ms,planning_max_ms,planning_over_30_ms,planning_ge_100_ms,activation_count,activation_mean_ms,activation_median_ms,activation_p95_ms,activation_max_ms,activation_over_55_ms,source_age_ge_100_ms,stale_rejection_count,stale_activation_count,control_cycle_misses,control_miss_ratio,longest_consecutive_miss,max_actual_command_gap_ms,complete,arrival_observed,dwell_s,return_observed,scorer_v2,safe_fallback_count,peak_force_n,peak_moment_nm,minimum_session_clearance_m,raw_result_path,raw_result_sha256
1,low_ordinary_r01,low_ordinary,1,2026-09-28T16:49:26.801533+00:00,2026-09-29T00:49:26.801533+08:00,28.668008987999997,COMPLETE,,0,0.55322265625,0.26806640625,0.107421875,8176922624,,,18,23.002769055555557,36.735303,39.7320937,40.008716,10,0,18,48.29155427777778,62.7095635,75.31124609999999,80.738899,10,0,0,0,2292,0.6953883495145631,41,247.894902,True,True,0.5499999999987182,True,PASS,0,108.3665550812009,14.63151736654823,0.011715005763189509,stages/stage5_personalized_motion_learning/results/cross_host_benchmark_v1/low_ordinary_r01/BENCHMARK_RESULT.json,b6b03234c678e6fcf7354421e7e822f9f20c0ed00a757574cf6bdd3e90211eeb
2,low_ordinary_r02,low_ordinary,2,2026-09-28T16:49:58.732251+00:00,2026-09-29T00:49:58.732251+08:00,28.828384646000018,COMPLETE,,0,0.73046875,0.33935546875,0.13671875,8176922624,,,18,23.582511444444446,36.01726,42.051778649999996,44.104079,10,0,18,51.75199638888889,62.365620500000006,82.05782175,82.668925,10,0,0,0,2447,0.7304477611940299,49,293.506844,True,True,0.5799999999986483,True,PASS,0,108.60386319107063,14.715841685081733,0.014016736238808943,stages/stage5_personalized_motion_learning/results/cross_host_benchmark_v1/low_ordinary_r02/BENCHMARK_RESULT.json,e45a88b312d672a034109f8c55218c3bc5487026e985e783ac0dfb193741bb95
3,low_ordinary_r03,low_ordinary,3,2026-09-28T16:50:29.816439+00:00,2026-09-29T00:50:29.816439+08:00,11.939930790999995,EXCEPTION,RuntimeError:PHYSICAL_PHASE_TIMEOUT_COMMISSIONING,0,0.791015625,0.37255859375,0.1513671875,8176922624,,,,,,,,,,,,,,,,,,,,,,,False,False,,,NOT_EVALUABLE,,,,,stages/stage5_personalized_motion_learning/results/cross_host_benchmark_v1/low_ordinary_r03/BENCHMARK_RESULT.json,67dad2206e3d50b5c4647946a7507727a5f14112843f0ab562007ef9d79e19be
4,low_ordinary_r04,low_ordinary,4,2026-09-28T16:50:42.621294+00:00,2026-09-29T00:50:42.621294+08:00,29.85518156699999,COMPLETE,,0,0.87451171875,0.43359375,0.1806640625,8176922624,,,20,20.74644005,20.921759,38.7760146,41.47851,10,0,20,44.71877855,45.802693500000004,75.53664025,75.565468,9,0,0,0,2439,0.7061378112333526,53,314.209998,True,True,1.0249999999976112,True,PASS,0,108.55404490799503,14.611972639059902,0.012069022475417936,stages/stage5_personalized_motion_learning/results/cross_host_benchmark_v1/low_ordinary_r04/BENCHMARK_RESULT.json,6431ecaa7fb60d383151ad276b73046bcfcc1843df10ad4c06172e21a840b242
5,low_ordinary_r05,low_ordinary,5,2026-09-28T16:51:15.137864+00:00,2026-09-29T00:51:15.137864+08:00,28.51534232299997,COMPLETE,,0,0.9248046875,0.48876953125,0.20751953125,8176922624,,,18,22.23666272222222,35.217928,38.123977749999995,40.937363,10,0,18,44.65858311111111,56.3883295,69.27020234999999,77.80676,10,0,0,0,2281,0.6964885496183206,41,246.174319,True,True,0.5549999999987065,True,PASS,0,108.04041791983452,14.636196359727142,0.01144945645809006,stages/stage5_personalized_motion_learning/results/cross_host_benchmark_v1/low_ordinary_r05/BENCHMARK_RESULT.json,4949ec653c8072b7232a7a30e3774a8eff31eb1e55ea58ab261f6191e4c17e07
6,low_ordinary_r06,low_ordinary,6,2026-09-28T16:51:46.022250+00:00,2026-09-29T00:51:46.022250+08:00,28.02178011999996,COMPLETE,,0,0.95947265625,0.546875,0.23828125,8176922624,,,17,23.79703705882353,36.466411,39.498485,39.688401,10,0,17,46.73046558823529,58.354606,69.26061499999999,72.019003,10,0,0,0,2418,0.7378700030515716,45,269.870723,True,True,0.5649999999986832,True,PASS,0,108.33608376721965,14.436148686879106,0.0162871598694044,stages/stage5_personalized_motion_learning/results/cross_host_benchmark_v1/low_ordinary_r06/BENCHMARK_RESULT.json,a1daed8644c69417b47863084e0b8cff870aed40c689664c525288e3efadf33f
7,high_100_sync_r01,high_100_sync,1,2026-09-28T16:52:16.249352+00:00,2026-09-29T00:52:16.249352+08:00,20.59915563200002,ABORTED,LOW_LEVEL_EXECUTION:ROLLING_SUFFIX_STALE_AT_APPLY,0,0.97216796875,0.5771484375,0.255859375,8176922624,,,8,14.098184625,5.510982,45.023124849999995,47.164477,2,0,8,34.652114375000004,20.63223,86.44543275,93.313061,2,0,0,0,1667,,,267.338697,False,False,,,NOT_EVALUABLE,0,108.54471565509256,16.059307100957355,0.013880816960127672,stages/stage5_personalized_motion_learning/results/cross_host_benchmark_v1/high_100_sync_r01/BENCHMARK_RESULT.json,aa82b65541e8fe7c12d761f701a8b991c56d7d55e2fd0be8e6f532e53c74f78a
8,high_100_sync_r02,high_100_sync,2,2026-09-28T16:52:37.275806+00:00,2026-09-29T00:52:37.275806+08:00,11.945609857000022,EXCEPTION,RuntimeError:PHYSICAL_PHASE_TIMEOUT_COMMISSIONING,0,0.97900390625,0.5986328125,0.26904296875,8176922624,,,,,,,,,,,,,,,,,,,,,,,False,False,,,NOT_EVALUABLE,,,,,stages/stage5_personalized_motion_learning/results/cross_host_benchmark_v1/high_100_sync_r02/BENCHMARK_RESULT.json,271ea50ea64b51900e6c29d355e775ec43df03bc1c4fba60ca70c30d092ebb8a
9,high_100_sync_r03,high_100_sync,3,2026-09-28T16:52:50.061415+00:00,2026-09-29T00:52:50.061415+08:00,9.424686971000028,EXCEPTION,ValueError:waypoint scheduled 20 ms motion exceeds registered acceleration limits,0,0.98291015625,0.6123046875,0.27734375,8176922624,,,,,,,,,,,,,,,,,,,,,,,False,False,,,NOT_EVALUABLE,,,,,stages/stage5_personalized_motion_learning/results/cross_host_benchmark_v1/high_100_sync_r03/BENCHMARK_RESULT.json,b911938ab21d218d7d6fd875857edce9cc5fb94e7a454f8be1a9a30290e5d0e9
10,high_100_sync_r04,high_100_sync,4,2026-09-28T16:53:00.339380+00:00,2026-09-29T00:53:00.339380+08:00,18.07609787199999,ABORTED,LOW_LEVEL_EXECUTION:STALE_PLAN_MAXIMUM_AGE,0,0.98876953125,0.63818359375,0.29296875,8176922624,,,7,11.548989142857144,4.085139,43.506287699999966,59.360382,1,0,6,17.940263833333333,18.3764535,24.98385775,26.053029,0,1,1,0,1462,,,246.946479,False,False,,,NOT_EVALUABLE,0,78.89400542616318,12.648345841276774,0.013882344667128368,stages/stage5_personalized_motion_learning/results/cross_host_benchmark_v1/high_100_sync_r04/BENCHMARK_RESULT.json,df5f0f2ae4134888a88c9019de8c420311a1b7ea2317f8668c6a8a0226fd5998
11,high_100_sync_r05,high_100_sync,5,2026-09-28T16:53:18.603129+00:00,2026-09-29T00:53:18.603129+08:00,23.302089860000024,ABORTED,ROLLING_SUFFIX_SPLICE_REVALIDATION,0,0.92529296875,0.65234375,0.306640625,8176922624,,,10,19.9953247,6.463891,49.06278794999999,52.427334,4,0,9,38.64205777777778,20.413591,82.6406466,84.190135,3,0,0,0,1975,,,337.111966,False,False,,,NOT_EVALUABLE,1,112.04358232728922,16.11753258414694,0.013881937357336473,stages/stage5_personalized_motion_learning/results/cross_host_benchmark_v1/high_100_sync_r05/BENCHMARK_RESULT.json,db3b69eafc3259c8963ca11db5c5d6c55027d44f4dc48b2e2956d3180a90d536
12,high_100_sync_r06,high_100_sync,6,2026-09-28T16:53:42.243065+00:00,2026-09-29T00:53:42.243065+08:00,17.99023309300003,ABORTED,LOW_LEVEL_EXECUTION:STALE_PLAN_MAXIMUM_AGE,0,0.94775390625,0.67578125,0.322265625,8176922624,,,7,11.15602457142857,5.166347,39.40848959999997,52.800174,1,0,6,19.272555166666667,19.1376305,26.511231000000002,27.477992,0,1,1,0,1539,,,255.955789,False,False,,,NOT_EVALUABLE,0,78.89382182879756,12.648389337022897,0.013884471262623346,stages/stage5_personalized_motion_learning/results/cross_host_benchmark_v1/high_100_sync_r06/BENCHMARK_RESULT.json,fe53c4b001c155dba9f3822293b44f397122ea549711fa50ac39715e0329d0cd
13,high_120_sync_r01,high_120_sync,1,2026-09-28T16:54:01.513027+00:00,2026-09-29T00:54:01.513027+08:00,37.169032165999965,ABORTED,LOW_LEVEL_EXECUTION:ROLLING_SUFFIX_STALE_AT_APPLY,0,0.97216796875,0.71337890625,0.349609375,8176922624,,,17,26.427741411764707,38.073504,47.9041578,48.814677,9,0,14,49.28633464285714,57.062864000000005,80.94538739999999,83.903579,7,0,0,0,3015,,,271.73793,False,True,,,NOT_EVALUABLE,3,110.5462476220328,15.816978533559816,0.01388381001142108,stages/stage5_personalized_motion_learning/results/cross_host_benchmark_v1/high_120_sync_r01/BENCHMARK_RESULT.json,721341905c5e16a3784d3f9d3e15409660a386c42aacf5be0abd61af0480488f
14,high_120_sync_r02,high_120_sync,2,2026-09-28T16:54:39.375106+00:00,2026-09-29T00:54:39.375106+08:00,38.90192102100002,ABORTED,LOW_LEVEL_EXECUTION:ROLLING_SUFFIX_STALE_AT_APPLY,0,0.98876953125,0.75537109375,0.38232421875,8176922624,,,17,25.535410411764705,36.462125,47.6958444,48.58567,10,0,15,50.32170633333333,59.165238,88.2092385,90.290727,8,0,0,0,3259,,,274.124997,False,True,,,NOT_EVALUABLE,2,116.11422282560048,15.884937936679245,0.013885355328995898,stages/stage5_personalized_motion_learning/results/cross_host_benchmark_v1/high_120_sync_r02/BENCHMARK_RESULT.json,2e2c6df1f37b40d6914e07fdd82a61a1c2c9531da8d1368fbc61f9d887eefb59
15,high_120_sync_r03,high_120_sync,3,2026-09-28T16:55:19.220883+00:00,2026-09-29T00:55:19.220883+08:00,18.055755138999984,ABORTED,LOW_LEVEL_EXECUTION:STALE_PLAN_MAXIMUM_AGE,0,0.99267578125,0.7724609375,0.39599609375,8176922624,,,7,10.966599,4.701604,39.49428419999997,53.648829,1,0,6,17.743073166666665,19.471581,23.95533475,25.367787,0,1,1,0,1492,,,286.875569,False,False,,,NOT_EVALUABLE,0,78.89428041436565,12.648363257565594,0.013880760763553709,stages/stage5_personalized_motion_learning/results/cross_host_benchmark_v1/high_120_sync_r03/BENCHMARK_RESULT.json,efda87188fe98f9072800cf8905a4f16be2121851a4626e81b4923e9a2ed8349
16,high_120_sync_r04,high_120_sync,4,2026-09-28T16:55:37.555635+00:00,2026-09-29T00:55:37.555635+08:00,20.949843859999987,ABORTED,LOW_LEVEL_EXECUTION:ROLLING_SUFFIX_STALE_AT_APPLY,0,0.99560546875,0.7880859375,0.40966796875,8176922624,,,8,14.73471475,5.4343495,49.21557599999999,53.832349,2,0,8,35.25235525,22.127667000000002,86.82606714999999,91.570139,2,0,0,0,1800,,,375.037836,False,False,,,NOT_EVALUABLE,0,110.00138929202002,15.871406305263125,0.013881774080792355,stages/stage5_personalized_motion_learning/results/cross_host_benchmark_v1/high_120_sync_r04/BENCHMARK_RESULT.json,c7ee1b9bbb6ad0e8bb28076d33db1d2bae9530e585a8b48145690981397d965d
17,high_120_sync_r05,high_120_sync,5,2026-09-28T16:55:59.843394+00:00,2026-09-29T00:55:59.843394+08:00,24.273960240000065,ABORTED,ROLLING_SUFFIX_SPLICE_REVALIDATION,0,0.998046875,0.80615234375,0.4267578125,8176922624,,,10,19.943186700000002,6.371881999999999,47.038094,47.447603,4,0,9,39.452781,20.481472,87.9268704,88.9444,3,0,0,0,2058,,,227.215872,False,False,,,NOT_EVALUABLE,1,110.32132546430908,15.836630958713796,0.013881875762690534,stages/stage5_personalized_motion_learning/results/cross_host_benchmark_v1/high_120_sync_r05/BENCHMARK_RESULT.json,71520913e4e2bc63a5dc529f87ca57065344e6f5865ac15639f66aaee759b505
18,high_120_sync_r06,high_120_sync,6,2026-09-28T16:56:24.593261+00:00,2026-09-29T00:56:24.593261+08:00,27.751787564999972,ABORTED,LOW_LEVEL_EXECUTION:ROLLING_SUFFIX_STALE_AT_APPLY,0,1.0,0.82666015625,0.447265625,8176922624,,,12,23.93445375,21.865047999999998,50.378386799999994,54.984276,6,0,10,43.3869256,21.6686445,88.15221054999999,88.449733,4,0,0,0,2280,,,265.895098,False,False,,,NOT_EVALUABLE,2,110.3387647322165,15.84733137457784,0.013882491655624492,stages/stage5_personalized_motion_learning/results/cross_host_benchmark_v1/high_120_sync_r06/BENCHMARK_RESULT.json,3ac80468ecc6bbe11f51a9c2db643cdd5f8448d3e12e3eadb4f1446c4d9eb81e
19,high_120_start_8_13_r01,high_120_start_8_13,1,2026-09-28T16:56:53.044929+00:00,2026-09-29T00:56:53.044929+08:00,48.40730832099996,COMPLETE,,0,1.0,0.85546875,0.47802734375,8176922624,,,23,30.197905304347827,37.932084,47.0989323,51.103759,15,0,17,54.08946588235294,67.368227,90.4502952,93.586072,10,0,0,0,3983,0.6965722280517663,41,246.62089,True,True,0.6200000000029604,True,PASS,6,112.50872037427932,15.272247289700797,0.023400316622358804,stages/stage5_personalized_motion_learning/results/cross_host_benchmark_v1/high_120_start_8_13_r01/BENCHMARK_RESULT.json,4814fffd6b8ac5d7cf1f95b0e1f13e87b8b9fc043470f790c7fe8bbec382f0f5
20,high_120_start_8_13_r02,high_120_start_8_13,2,2026-09-28T16:57:44.487298+00:00,2026-09-29T00:57:44.487298+08:00,24.17553314500003,ABORTED,LOW_LEVEL_EXECUTION:ROLLING_SUFFIX_STALE_AT_APPLY,0,1.0,0.8701171875,0.49560546875,8176922624,,,10,19.7338668,6.961050500000001,48.4713594,50.118147,4,0,9,36.90025355555555,21.648373,78.8700348,82.103438,3,0,0,0,1990,,,301.275239,False,False,,,NOT_EVALUABLE,1,112.4589629247995,15.247729384104032,0.0265064391043239,stages/stage5_personalized_motion_learning/results/cross_host_benchmark_v1/high_120_start_8_13_r02/BENCHMARK_RESULT.json,81220c7ef0f155c3b31c431b218d323217a8dd3a1865036d31f27f2509508f26
21,high_120_start_8_13_r03,high_120_start_8_13,3,2026-09-28T16:58:09.238608+00:00,2026-09-29T00:58:09.238608+08:00,21.14040616400007,ABORTED,ROLLING_SUFFIX_SPLICE_REVALIDATION,0,1.0,0.8798828125,0.50732421875,8176922624,,,8,14.70615275,5.0144115,47.26683685,48.733004,2,0,8,33.912863,18.3623455,83.94292159999999,86.083838,2,0,0,0,1670,,,300.276225,False,False,,,NOT_EVALUABLE,0,112.77490392356094,15.223077279106965,0.026522531106509744,stages/stage5_personalized_motion_learning/results/cross_host_benchmark_v1/high_120_start_8_13_r03/BENCHMARK_RESULT.json,67d2d9fa16c17ace4851849c9982751919fbb643403c3b66f123e77cbe453d92
22,high_120_start_8_13_r04,high_120_start_8_13,4,2026-09-28T16:58:31.749892+00:00,2026-09-29T00:58:31.749892+08:00,27.414798484000016,ABORTED,ROLLING_SUFFIX_SPLICE_REVALIDATION,0,1.197265625,0.94140625,0.541015625,8176922624,,,12,25.078517333333334,23.851623,50.82658695,51.827648,6,0,10,46.2077988,23.8098595,93.64472105,96.651689,4,0,0,0,2405,,,289.503575,False,False,,,NOT_EVALUABLE,2,112.92086124919791,15.274634991965684,0.02651318784112652,stages/stage5_personalized_motion_learning/results/cross_host_benchmark_v1/high_120_start_8_13_r04/BENCHMARK_RESULT.json,711478527fc6113aa259925793f6327e5441b4187d29caa20afa384d1b127f7c
23,high_120_start_8_13_r05,high_120_start_8_13,5,2026-09-28T16:58:59.801130+00:00,2026-09-29T00:58:59.801130+08:00,24.362346756999955,ABORTED,ROLLING_SUFFIX_SPLICE_REVALIDATION,0,1.12890625,0.9462890625,0.55419921875,8176922624,,,10,19.499026,6.717976,46.6552378,47.863612,4,0,9,37.07426711111111,22.108538,77.8180524,80.884176,3,0,0,0,2081,,,280.472567,False,False,,,NOT_EVALUABLE,1,112.86846269980701,15.253589836035774,0.026512205562323265,stages/stage5_personalized_motion_learning/results/cross_host_benchmark_v1/high_120_start_8_13_r05/BENCHMARK_RESULT.json,d9b700abd802fd986419d2683f03f4f53e1b6f2ac89bf97dc6390c4506717c91
24,high_120_start_8_13_r06,high_120_start_8_13,6,2026-09-28T16:59:24.737457+00:00,2026-09-29T00:59:24.737457+08:00,21.27171080300002,ABORTED,ROLLING_SUFFIX_SPLICE_REVALIDATION,0,1.083984375,0.951171875,0.56640625,8176922624,,,8,14.0102245,5.404999500000001,45.660678,48.246702,2,0,8,32.9812495,21.456311499999998,78.93380785,81.05409,2,0,0,0,1720,,,262.742372,False,False,,,NOT_EVALUABLE,0,112.7523275784658,15.292718309588384,0.026506112343107287,stages/stage5_personalized_motion_learning/results/cross_host_benchmark_v1/high_120_start_8_13_r06/BENCHMARK_RESULT.json,a76fce18c7b21e7a6bce227054b71859cf81c63fd5d193f4a4a7958a00e80dc3
