phase,method,condition,seed,target_crossed,target_reached,actual_crossing_time,T_reach,final_theta_deg,final_theta_error_signed_deg,planner_success,planner_status,planner_solve_time_s,planner_iterations,planned_alpha_peak,planned_crossing_time,planner_terminal_crossing_margin_deg,planner_F_tan_margin,planner_F_rad_margin,planner_delta_r_margin,planner_omega_margin,tracker_solver_success_count,tracker_solver_failure_count,tracker_solver_failure_rate,fallback_count,fallback_rate,tracker_solve_time_mean,tracker_solve_time_max,tracking_error_mean,tracking_error_max,alpha_abs_mean,alpha_abs_p95,alpha_abs_p99,alpha_abs_max,alpha_p95_severity,alpha_p99_severity,alpha_max_severity,alpha_violation_duration_s,alpha_integrated_violation,alpha_clipped_max,raw_omega_p95,raw_omega_max,delta_r_violation_count,delta_r_violation_max,force_violation_count,force_violation_max,action_magnitude_mean,action_magnitude_max,action_total_variation,runtime_s
phase1_initial_theta_offset,baseline_cem,initial_theta_offset,101,True,True,2.479999999999991,2.479999999999991,90.08902768202869,0.08902768230923291,nan,,nan,nan,nan,nan,nan,nan,nan,nan,nan,0,0,nan,0,nan,nan,nan,nan,nan,nan,nan,nan,nan,4.142712335933389,8.16859336011227,10.764156179487744,1.23,2.270314714192675,10.565361785334897,nan,nan,0,nan,0,nan,nan,nan,0.20251891815876633,42.02647741700639
phase1_initial_theta_offset,nmpc_base,initial_theta_offset,101,False,False,nan,nan,89.94724859591334,-0.052751403806107156,nan,,nan,nan,nan,nan,nan,nan,nan,nan,nan,267,0,0.0,0,0.0,0.03188736065920252,0.19455379201099277,nan,nan,nan,nan,nan,nan,0.0,2.673539568114706,3.137920413548983,0.3,0.35810942449608746,3.0297898987010656,nan,nan,0,nan,0,nan,nan,nan,0.01955397209434216,20.03047687500657
phase1_initial_theta_offset,nmpc_crossing_weighted,initial_theta_offset,101,True,True,1.400000000000001,1.400000000000001,90.13903263678993,0.13903263707049013,nan,,nan,nan,nan,nan,nan,nan,nan,nan,nan,47,0,0.0,0,0.0,0.035805488404064896,0.06139012500352692,nan,nan,nan,nan,nan,nan,0.7287366213657136,26.13371250099277,27.07101946794442,0.17,1.060802306078881,26.363427717214098,nan,nan,0,nan,0,nan,nan,nan,0.18755192414803484,3.01173512499372
phase1_initial_theta_offset,oracle_planner_nmpc_tracker,initial_theta_offset,101,True,True,1.8000000000000014,1.8000000000000014,90.03233129723152,0.03233129751206593,True,Solve_Succeeded,0.06132199999410659,14,2.955387145933049,1.7999999999999998,0.13513107563974858,27.831960115396694,0.5996326876665877,0.046934027686348245,0.020391673833911383,180,0,0.0,0,0.0,0.022341557033602535,0.07180041699029971,0.03756580082713233,0.08825878972971787,1.4386895750426387,2.918269452977201,2.9702385138823924,2.996437212404625,0.0,0.0,0.0,0.0,0.0,0.0,1.1821884588576026,1.1845948646919722,0,0.0,0,0.0,4.415355035110901,7.21471155146926,14.93259010010198,2.082720457998221
phase1_initial_theta_offset,oracle_planner_nmpc_tracker_with_cem_fallback,initial_theta_offset,101,True,True,1.8000000000000014,1.8000000000000014,90.03233129723152,0.03233129751206593,True,Solve_Succeeded,0.06267225000192411,14,2.955387145933049,1.7999999999999998,0.13513107563974858,27.831960115396694,0.5996326876665877,0.046934027686348245,0.020391673833911383,180,0,0.0,0,0.0,0.022429686882242096,0.06887366699811537,0.03756580082713233,0.08825878972971787,1.4386895750426387,2.918269452977201,2.9702385138823924,2.996437212404625,0.0,0.0,0.0,0.0,0.0,0.0,1.1821884588576026,1.1845948646919722,0,0.0,0,0.0,4.415355035110901,7.21471155146926,14.93259010010198,2.0846247080044122
phase1_initial_theta_offset,baseline_cem,initial_theta_offset,102,True,True,2.299999999999995,2.299999999999995,90.17859899916536,0.17859899944590535,nan,,nan,nan,nan,nan,nan,nan,nan,nan,nan,0,0,nan,0,nan,nan,nan,nan,nan,nan,nan,nan,nan,5.468317306712953,7.755930335889712,8.413354049377446,0.97,2.4084991883827405,8.092822142453267,nan,nan,0,nan,0,nan,nan,nan,0.2257329075007458,38.958329834000324
phase1_initial_theta_offset,nmpc_base,initial_theta_offset,102,False,False,nan,nan,89.94724859591334,-0.052751403806107156,nan,,nan,nan,nan,nan,nan,nan,nan,nan,nan,267,0,0.0,0,0.0,0.031847029007567536,0.128006999992067,nan,nan,nan,nan,nan,nan,0.0,2.673539568114706,3.137920413548983,0.3,0.35810942449608746,3.0297898987010656,nan,nan,0,nan,0,nan,nan,nan,0.01955397209434216,20.05091866699513
phase1_initial_theta_offset,nmpc_crossing_weighted,initial_theta_offset,102,True,True,1.400000000000001,1.400000000000001,90.13903263678993,0.13903263707049013,nan,,nan,nan,nan,nan,nan,nan,nan,nan,nan,47,0,0.0,0,0.0,0.0364707004460952,0.06575566699029878,nan,nan,nan,nan,nan,nan,0.7287366213657136,26.13371250099277,27.07101946794442,0.17,1.060802306078881,26.363427717214098,nan,nan,0,nan,0,nan,nan,nan,0.18755192414803484,3.032177542001591
phase1_initial_theta_offset,oracle_planner_nmpc_tracker,initial_theta_offset,102,True,True,1.8000000000000014,1.8000000000000014,90.03233129723152,0.03233129751206593,True,Solve_Succeeded,0.06322670899680816,14,2.955387145933049,1.7999999999999998,0.13513107563974858,27.831960115396694,0.5996326876665877,0.046934027686348245,0.020391673833911383,180,0,0.0,0,0.0,0.022028764584683815,0.06609570801083464,0.03756580082713233,0.08825878972971787,1.4386895750426387,2.918269452977201,2.9702385138823924,2.996437212404625,0.0,0.0,0.0,0.0,0.0,0.0,1.1821884588576026,1.1845948646919722,0,0.0,0,0.0,4.415355035110901,7.21471155146926,14.93259010010198,2.0823877499933587
phase1_initial_theta_offset,oracle_planner_nmpc_tracker_with_cem_fallback,initial_theta_offset,102,True,True,1.8000000000000014,1.8000000000000014,90.03233129723152,0.03233129751206593,True,Solve_Succeeded,0.08439566599554382,14,2.955387145933049,1.7999999999999998,0.13513107563974858,27.831960115396694,0.5996326876665877,0.046934027686348245,0.020391673833911383,180,0,0.0,0,0.0,0.022090811051263395,0.04934154100192245,0.03756580082713233,0.08825878972971787,1.4386895750426387,2.918269452977201,2.9702385138823924,2.996437212404625,0.0,0.0,0.0,0.0,0.0,0.0,1.1821884588576026,1.1845948646919722,0,0.0,0,0.0,4.415355035110901,7.21471155146926,14.93259010010198,2.1140629589935998
phase1_initial_theta_offset,baseline_cem,initial_theta_offset,103,True,True,1.6000000000000012,1.6000000000000012,90.05783227516439,0.05783227544493973,nan,,nan,nan,nan,nan,nan,nan,nan,nan,nan,0,0,nan,0,nan,nan,nan,nan,nan,nan,nan,nan,nan,4.8857751599743064,7.826392872455695,8.247382223214187,0.9,2.3926445312569897,7.9700359220486146,nan,nan,0,nan,0,nan,nan,nan,0.2658264699514573,27.22141416699742
phase1_initial_theta_offset,nmpc_base,initial_theta_offset,103,False,False,nan,nan,89.94724859591334,-0.052751403806107156,nan,,nan,nan,nan,nan,nan,nan,nan,nan,nan,267,0,0.0,0,0.0,0.0317463595135624,0.1447712499939371,nan,nan,nan,nan,nan,nan,0.0,2.673539568114706,3.137920413548983,0.3,0.35810942449608746,3.0297898987010656,nan,nan,0,nan,0,nan,nan,nan,0.01955397209434216,20.16167020899593
phase1_initial_theta_offset,nmpc_crossing_weighted,initial_theta_offset,103,True,True,1.400000000000001,1.400000000000001,90.13903263678993,0.13903263707049013,nan,,nan,nan,nan,nan,nan,nan,nan,nan,nan,47,0,0.0,0,0.0,0.03321047778739197,0.06934237500536256,nan,nan,nan,nan,nan,nan,0.7287366213657136,26.13371250099277,27.07101946794442,0.17,1.060802306078881,26.363427717214098,nan,nan,0,nan,0,nan,nan,nan,0.18755192414803484,2.876871749991551
phase1_initial_theta_offset,oracle_planner_nmpc_tracker,initial_theta_offset,103,True,True,1.8000000000000014,1.8000000000000014,90.03233129723152,0.03233129751206593,True,Solve_Succeeded,0.06927029199141543,14,2.955387145933049,1.7999999999999998,0.13513107563974858,27.831960115396694,0.5996326876665877,0.046934027686348245,0.020391673833911383,180,0,0.0,0,0.0,0.019158245200621118,0.04349916700448375,0.03756580082713233,0.08825878972971787,1.4386895750426387,2.918269452977201,2.9702385138823924,2.996437212404625,0.0,0.0,0.0,0.0,0.0,0.0,1.1821884588576026,1.1845948646919722,0,0.0,0,0.0,4.415355035110901,7.21471155146926,14.93259010010198,1.8974801659933291
phase1_initial_theta_offset,oracle_planner_nmpc_tracker_with_cem_fallback,initial_theta_offset,103,True,True,1.8000000000000014,1.8000000000000014,90.03233129723152,0.03233129751206593,True,Solve_Succeeded,0.0576799169939477,14,2.955387145933049,1.7999999999999998,0.13513107563974858,27.831960115396694,0.5996326876665877,0.046934027686348245,0.020391673833911383,180,0,0.0,0,0.0,0.019210742348999096,0.04496787500102073,0.03756580082713233,0.08825878972971787,1.4386895750426387,2.918269452977201,2.9702385138823924,2.996437212404625,0.0,0.0,0.0,0.0,0.0,0.0,1.1821884588576026,1.1845948646919722,0,0.0,0,0.0,4.415355035110901,7.21471155146926,14.93259010010198,1.887902792004752
phase2_regression,baseline_cem,clean,101,True,True,2.2799999999999954,2.2799999999999954,90.00147205481456,0.0014720550951010977,nan,,nan,nan,nan,nan,nan,nan,nan,nan,nan,0,0,nan,0,nan,nan,nan,nan,nan,nan,nan,nan,nan,5.300254113901126,8.84841596849289,10.34220315549235,0.91,2.3724275116395392,9.876004553504083,nan,nan,0,nan,0,nan,nan,nan,0.21724520520980106,38.22364066699811
phase2_regression,nmpc_base,clean,101,True,True,2.099999999999999,2.099999999999999,90.05607966231653,0.05607966259708274,nan,,nan,nan,nan,nan,nan,nan,nan,nan,nan,70,0,0.0,0,0.0,0.06520477685699007,0.12716691700916272,nan,nan,nan,nan,nan,nan,2.8997158679894297,3.201436209503789,3.3080968449449273,0.29,0.3936831917989113,3.2324607278166475,nan,nan,0,nan,0,nan,nan,nan,0.07139755730052312,8.72883845900651
phase2_regression,nmpc_crossing_weighted,clean,101,True,True,1.270000000000001,1.270000000000001,90.15076207284329,0.15076207312384124,nan,,nan,nan,nan,nan,nan,nan,nan,nan,nan,43,0,0.0,0,0.0,0.03537693320940043,0.07276870899659116,nan,nan,nan,nan,nan,nan,2.3237455422385604,21.994095846750934,22.955371111955643,0.1,0.958326633759418,22.157514332027926,nan,nan,0,nan,0,nan,nan,nan,0.191685009365899,2.647536542004673
phase2_regression,oracle_planner_nmpc_tracker,clean,101,True,True,1.7200000000000013,1.7200000000000013,90.04586730869896,0.045867308979516686,True,Solve_Succeeded,0.05552033300045878,13,2.941564423690245,1.7999999999999998,0.477862262410852,27.89111292840151,0.6069202842606982,0.046928487726560775,0.02595656692330972,172,0,0.0,0,0.0,0.01778861726263638,0.04629225000098813,0.03322408960712058,0.0869990016718955,1.3125291434018302,2.879701164892937,2.9601789521987456,3.1789462217011697,0.0,0.004908724643931619,0.1789462217011697,0.02,0.0019647738114378253,0.017531159442612854,1.1742037787842825,1.177777689434928,0,0.0,0,0.0,4.123749979232533,7.146296487205803,14.63701050319243,1.7615040829987265
phase2_regression,oracle_planner_nmpc_tracker_with_cem_fallback,clean,101,True,True,1.7200000000000013,1.7200000000000013,90.04586730869896,0.045867308979516686,True,Solve_Succeeded,0.05786054200143553,13,2.941564423690245,1.7999999999999998,0.477862262410852,27.89111292840151,0.6069202842606982,0.046928487726560775,0.02595656692330972,172,0,0.0,0,0.0,0.018021160429905352,0.0774738750042161,0.03322408960712058,0.0869990016718955,1.3125291434018302,2.879701164892937,2.9601789521987456,3.1789462217011697,0.0,0.004908724643931619,0.1789462217011697,0.02,0.0019647738114378253,0.017531159442612854,1.1742037787842825,1.177777689434928,0,0.0,0,0.0,4.123749979232533,7.146296487205803,14.63701050319243,1.7662569999956759
phase2_regression,baseline_cem,clean,102,True,True,2.479999999999991,2.479999999999991,90.16723175363886,0.1672317539194142,nan,,nan,nan,nan,nan,nan,nan,nan,nan,nan,0,0,nan,0,nan,nan,nan,nan,nan,nan,nan,nan,nan,5.462938660228841,12.951530044400508,14.783525511415409,1.18,2.976168254157045,14.690130875375733,nan,nan,0,nan,0,nan,nan,nan,0.225597181236254,41.8966082919942
phase2_regression,nmpc_base,clean,102,True,True,2.099999999999999,2.099999999999999,90.05607966231653,0.05607966259708274,nan,,nan,nan,nan,nan,nan,nan,nan,nan,nan,70,0,0.0,0,0.0,0.06532606902848263,0.14107274998968933,nan,nan,nan,nan,nan,nan,2.8997158679894297,3.201436209503789,3.3080968449449273,0.29,0.3936831917989113,3.2324607278166475,nan,nan,0,nan,0,nan,nan,nan,0.07139755730052312,8.721865208004601
phase2_regression,nmpc_crossing_weighted,clean,102,True,True,1.270000000000001,1.270000000000001,90.15076207284329,0.15076207312384124,nan,,nan,nan,nan,nan,nan,nan,nan,nan,nan,43,0,0.0,0,0.0,0.03652942730323682,0.07690658299543429,nan,nan,nan,nan,nan,nan,2.3237455422385604,21.994095846750934,22.955371111955643,0.1,0.958326633759418,22.157514332027926,nan,nan,0,nan,0,nan,nan,nan,0.191685009365899,2.70332933300233
phase2_regression,oracle_planner_nmpc_tracker,clean,102,True,True,1.7200000000000013,1.7200000000000013,90.04586730869896,0.045867308979516686,True,Solve_Succeeded,0.056097583001246676,13,2.941564423690245,1.7999999999999998,0.477862262410852,27.89111292840151,0.6069202842606982,0.046928487726560775,0.02595656692330972,172,0,0.0,0,0.0,0.018080140234053754,0.046971083007520065,0.03322408960712058,0.0869990016718955,1.3125291434018302,2.879701164892937,2.9601789521987456,3.1789462217011697,0.0,0.004908724643931619,0.1789462217011697,0.02,0.0019647738114378253,0.017531159442612854,1.1742037787842825,1.177777689434928,0,0.0,0,0.0,4.123749979232533,7.146296487205803,14.63701050319243,1.772145167007693
phase2_regression,oracle_planner_nmpc_tracker_with_cem_fallback,clean,102,True,True,1.7200000000000013,1.7200000000000013,90.04586730869896,0.045867308979516686,True,Solve_Succeeded,0.05929633299820125,13,2.941564423690245,1.7999999999999998,0.477862262410852,27.89111292840151,0.6069202842606982,0.046928487726560775,0.02595656692330972,172,0,0.0,0,0.0,0.018892102499426813,0.06805637500656303,0.03322408960712058,0.0869990016718955,1.3125291434018302,2.879701164892937,2.9601789521987456,3.1789462217011697,0.0,0.004908724643931619,0.1789462217011697,0.02,0.0019647738114378253,0.017531159442612854,1.1742037787842825,1.177777689434928,0,0.0,0,0.0,4.123749979232533,7.146296487205803,14.63701050319243,1.812830374998157
phase2_regression,baseline_cem,clean,103,True,True,1.330000000000001,1.330000000000001,90.10193464019989,0.1019346404804407,nan,,nan,nan,nan,nan,nan,nan,nan,nan,nan,0,0,nan,0,nan,nan,nan,nan,nan,nan,nan,nan,nan,7.314743595208245,8.593851055410184,8.750803373494112,0.68,2.029880217734503,8.62389009292013,nan,nan,0,nan,0,nan,nan,nan,0.28520591736643,22.600228167008027
phase2_regression,nmpc_base,clean,103,True,True,2.099999999999999,2.099999999999999,90.05607966231653,0.05607966259708274,nan,,nan,nan,nan,nan,nan,nan,nan,nan,nan,70,0,0.0,0,0.0,0.06766509352933749,0.17083433299558237,nan,nan,nan,nan,nan,nan,2.8997158679894297,3.201436209503789,3.3080968449449273,0.29,0.3936831917989113,3.2324607278166475,nan,nan,0,nan,0,nan,nan,nan,0.07139755730052312,9.039974166997126
phase2_regression,nmpc_crossing_weighted,clean,103,True,True,1.270000000000001,1.270000000000001,90.15076207284329,0.15076207312384124,nan,,nan,nan,nan,nan,nan,nan,nan,nan,nan,43,0,0.0,0,0.0,0.03355270153490913,0.051052291004452854,nan,nan,nan,nan,nan,nan,2.3237455422385604,21.994095846750934,22.955371111955643,0.1,0.958326633759418,22.157514332027926,nan,nan,0,nan,0,nan,nan,nan,0.191685009365899,2.5741351659962675
phase2_regression,oracle_planner_nmpc_tracker,clean,103,True,True,1.7200000000000013,1.7200000000000013,90.04586730869896,0.045867308979516686,True,Solve_Succeeded,0.055518499997560866,13,2.941564423690245,1.7999999999999998,0.477862262410852,27.89111292840151,0.6069202842606982,0.046928487726560775,0.02595656692330972,172,0,0.0,0,0.0,0.017752248285031,0.04861791600706056,0.03322408960712058,0.0869990016718955,1.3125291434018302,2.879701164892937,2.9601789521987456,3.1789462217011697,0.0,0.004908724643931619,0.1789462217011697,0.02,0.0019647738114378253,0.017531159442612854,1.1742037787842825,1.177777689434928,0,0.0,0,0.0,4.123749979232533,7.146296487205803,14.63701050319243,1.7546856669941917
phase2_regression,oracle_planner_nmpc_tracker_with_cem_fallback,clean,103,True,True,1.7200000000000013,1.7200000000000013,90.04586730869896,0.045867308979516686,True,Solve_Succeeded,0.055676499992841855,13,2.941564423690245,1.7999999999999998,0.477862262410852,27.89111292840151,0.6069202842606982,0.046928487726560775,0.02595656692330972,172,0,0.0,0,0.0,0.01756622368660363,0.054788416004157625,0.03322408960712058,0.0869990016718955,1.3125291434018302,2.879701164892937,2.9601789521987456,3.1789462217011697,0.0,0.004908724643931619,0.1789462217011697,0.02,0.0019647738114378253,0.017531159442612854,1.1742037787842825,1.177777689434928,0,0.0,0,0.0,4.123749979232533,7.146296487205803,14.63701050319243,1.7569451250019483
phase2_regression,baseline_cem,noise,101,True,True,2.399999999999993,2.399999999999993,90.00932120541503,0.009321205695579357,nan,,nan,nan,nan,nan,nan,nan,nan,nan,nan,0,0,nan,0,nan,nan,nan,nan,nan,nan,nan,nan,nan,4.355739658343485,8.219798107907557,9.765949658181274,1.03,2.2302279405602037,9.278904051282202,nan,nan,0,nan,0,nan,nan,nan,0.20281595666145205,40.44631070800824
phase2_regression,nmpc_base,noise,101,True,True,2.1799999999999975,2.1799999999999975,90.01979632598804,0.019796326268595416,nan,,nan,nan,nan,nan,nan,nan,nan,nan,nan,73,0,0.0,0,0.0,0.06815502399994118,0.1394105000072159,nan,nan,nan,nan,nan,nan,2.7958381535900148,3.2836643219792627,3.5183306535186283,0.25,0.39974316407883675,3.447214538406638,nan,nan,0,nan,0,nan,nan,nan,0.08174568091869418,9.238839917001314
phase2_regression,nmpc_crossing_weighted,noise,101,True,True,1.280000000000001,1.280000000000001,90.21055927579914,0.2105592760796869,nan,,nan,nan,nan,nan,nan,nan,nan,nan,nan,43,0,0.0,0,0.0,0.043715654093661176,0.10966262500733137,nan,nan,nan,nan,nan,nan,1.5945974571656607,23.70779906996193,24.713623815855954,0.09,0.9654222200748679,23.883464740286637,nan,nan,0,nan,0,nan,nan,nan,0.21163775717919578,2.9384222499938915
phase2_regression,oracle_planner_nmpc_tracker,noise,101,True,True,1.7200000000000013,1.7200000000000013,90.04586730869896,0.045867308979516686,True,Solve_Succeeded,0.05594504199689254,13,2.941564423690245,1.7999999999999998,0.477862262410852,27.89111292840151,0.6069202842606982,0.046928487726560775,0.02595656692330972,172,0,0.0,0,0.0,0.017805692145271296,0.052867041988065466,0.03322408960712058,0.0869990016718955,1.3125291434018302,2.879701164892937,2.9601789521987456,3.1789462217011697,0.0,0.004908724643931619,0.1789462217011697,0.02,0.0019647738114378253,0.017531159442612854,1.1742037787842825,1.177777689434928,0,0.0,0,0.0,4.123749979232533,7.146296487205803,14.63701050319243,1.7557355000026291
phase2_regression,oracle_planner_nmpc_tracker_with_cem_fallback,noise,101,True,True,1.7200000000000013,1.7200000000000013,90.04586730869896,0.045867308979516686,True,Solve_Succeeded,0.058460665997699834,13,2.941564423690245,1.7999999999999998,0.477862262410852,27.89111292840151,0.6069202842606982,0.046928487726560775,0.02595656692330972,172,0,0.0,0,0.0,0.017401518778696785,0.04747950000455603,0.03322408960712058,0.0869990016718955,1.3125291434018302,2.879701164892937,2.9601789521987456,3.1789462217011697,0.0,0.004908724643931619,0.1789462217011697,0.02,0.0019647738114378253,0.017531159442612854,1.1742037787842825,1.177777689434928,0,0.0,0,0.0,4.123749979232533,7.146296487205803,14.63701050319243,1.735764958008076
phase2_regression,baseline_cem,noise,102,True,True,2.299999999999995,2.299999999999995,90.10088571542713,0.10088571570768305,nan,,nan,nan,nan,nan,nan,nan,nan,nan,nan,0,0,nan,0,nan,nan,nan,nan,nan,nan,nan,nan,nan,5.6134149811637695,8.932881434080999,10.746982346880856,1.04,2.5805111651846775,10.327892848595358,nan,nan,0,nan,0,nan,nan,nan,0.22276478375948575,38.946993584002485
phase2_regression,nmpc_base,noise,102,True,True,1.9900000000000015,1.9900000000000015,90.18177462740765,0.18177462768819738,nan,,nan,nan,nan,nan,nan,nan,nan,nan,nan,67,0,0.0,0,0.0,0.06838540538842268,0.11945170800026972,nan,nan,nan,nan,nan,nan,2.861086157431646,3.113568900214061,3.310528869292696,0.6900000000000001,0.4622106311423855,3.2349453078293298,nan,nan,0,nan,0,nan,nan,nan,0.09564677376355477,8.704480999993393
phase2_regression,nmpc_crossing_weighted,noise,102,True,True,1.290000000000001,1.290000000000001,90.32742516858276,0.32742516886330797,nan,,nan,nan,nan,nan,nan,nan,nan,nan,nan,43,0,0.0,0,0.0,0.03857015690774397,0.06708187500771601,nan,nan,nan,nan,nan,nan,1.4972941177701033,19.97571006105054,20.903004700514757,0.16,0.9569959579785023,20.1434787868154,nan,nan,0,nan,0,nan,nan,nan,0.21142338653870946,2.764907457996742
phase2_regression,oracle_planner_nmpc_tracker,noise,102,True,True,1.7200000000000013,1.7200000000000013,90.04586730869896,0.045867308979516686,True,Solve_Succeeded,0.057251083009759896,13,2.941564423690245,1.7999999999999998,0.477862262410852,27.89111292840151,0.6069202842606982,0.046928487726560775,0.02595656692330972,172,0,0.0,0,0.0,0.018135142685296583,0.059988875000271946,0.03322408960712058,0.0869990016718955,1.3125291434018302,2.879701164892937,2.9601789521987456,3.1789462217011697,0.0,0.004908724643931619,0.1789462217011697,0.02,0.0019647738114378253,0.017531159442612854,1.1742037787842825,1.177777689434928,0,0.0,0,0.0,4.123749979232533,7.146296487205803,14.63701050319243,1.7850478329928592
phase2_regression,oracle_planner_nmpc_tracker_with_cem_fallback,noise,102,True,True,1.7200000000000013,1.7200000000000013,90.04586730869896,0.045867308979516686,True,Solve_Succeeded,0.05697679199511185,13,2.941564423690245,1.7999999999999998,0.477862262410852,27.89111292840151,0.6069202842606982,0.046928487726560775,0.02595656692330972,172,0,0.0,0,0.0,0.01809441810541483,0.047743250004714355,0.03322408960712058,0.0869990016718955,1.3125291434018302,2.879701164892937,2.9601789521987456,3.1789462217011697,0.0,0.004908724643931619,0.1789462217011697,0.02,0.0019647738114378253,0.017531159442612854,1.1742037787842825,1.177777689434928,0,0.0,0,0.0,4.123749979232533,7.146296487205803,14.63701050319243,1.7653658339986578
phase2_regression,baseline_cem,noise,103,True,True,4.729999999999944,4.729999999999944,90.10728955711417,0.10728955739472561,nan,,nan,nan,nan,nan,nan,nan,nan,nan,nan,0,0,nan,0,nan,nan,nan,nan,nan,nan,nan,nan,nan,5.010530147179815,15.912526475881482,48.22439048630797,1.44,5.498526232485821,47.64749097783575,nan,nan,0,nan,0,nan,nan,nan,0.1810220430412676,79.88842791599745
phase2_regression,nmpc_base,noise,103,True,True,2.1199999999999988,2.1199999999999988,90.00262422360507,0.0026242238856245565,nan,,nan,nan,nan,nan,nan,nan,nan,nan,nan,71,0,0.0,0,0.0,0.07706503302836955,0.14835108300030697,nan,nan,nan,nan,nan,nan,2.8228436202555423,3.2218815113790322,3.4349602409286053,0.26,0.40537732497137596,3.3620504055112814,nan,nan,0,nan,0,nan,nan,nan,0.08414304330490065,9.918907915998716
phase2_regression,nmpc_crossing_weighted,noise,103,True,True,1.270000000000001,1.270000000000001,90.13994129198745,0.13994129226800123,nan,,nan,nan,nan,nan,nan,nan,nan,nan,nan,43,0,0.0,0,0.0,0.04211271137166985,0.07115020799392369,nan,nan,nan,nan,nan,nan,0.0,23.030816979212325,24.01519847412449,0.06,0.9207353200061706,23.197852546244803,nan,nan,0,nan,0,nan,nan,nan,0.21550546081169344,2.924385833000997
phase2_regression,oracle_planner_nmpc_tracker,noise,103,True,True,1.7200000000000013,1.7200000000000013,90.04586730869896,0.045867308979516686,True,Solve_Succeeded,0.05700049998995382,13,2.941564423690245,1.7999999999999998,0.477862262410852,27.89111292840151,0.6069202842606982,0.046928487726560775,0.02595656692330972,172,0,0.0,0,0.0,0.020487587906668627,0.05350637499941513,0.03322408960712058,0.0869990016718955,1.3125291434018302,2.879701164892937,2.9601789521987456,3.1789462217011697,0.0,0.004908724643931619,0.1789462217011697,0.02,0.0019647738114378253,0.017531159442612854,1.1742037787842825,1.177777689434928,0,0.0,0,0.0,4.123749979232533,7.146296487205803,14.63701050319243,1.9260173750080867
phase2_regression,oracle_planner_nmpc_tracker_with_cem_fallback,noise,103,True,True,1.7200000000000013,1.7200000000000013,90.04586730869896,0.045867308979516686,True,Solve_Succeeded,0.05961424999986775,13,2.941564423690245,1.7999999999999998,0.477862262410852,27.89111292840151,0.6069202842606982,0.046928487726560775,0.02595656692330972,172,0,0.0,0,0.0,0.019644504298031638,0.054082624992588535,0.03322408960712058,0.0869990016718955,1.3125291434018302,2.879701164892937,2.9601789521987456,3.1789462217011697,0.0,0.004908724643931619,0.1789462217011697,0.02,0.0019647738114378253,0.017531159442612854,1.1742037787842825,1.177777689434928,0,0.0,0,0.0,4.123749979232533,7.146296487205803,14.63701050319243,1.8763852920092177
phase2_regression,baseline_cem,noise_bias,101,True,True,2.899999999999982,2.899999999999982,90.00075257261395,0.0007525728944950219,nan,,nan,nan,nan,nan,nan,nan,nan,nan,nan,0,0,nan,0,nan,nan,nan,nan,nan,nan,nan,nan,nan,3.6531448732702336,6.716548019105369,9.441022725487704,1.05,2.1204163529362585,8.9580381145165,nan,nan,0,nan,0,nan,nan,nan,0.16955955192759165,49.29531075000705
phase2_regression,nmpc_base,noise_bias,101,True,True,2.1799999999999975,2.1799999999999975,90.08852576919472,0.08852576947527255,nan,,nan,nan,nan,nan,nan,nan,nan,nan,nan,73,0,0.0,0,0.0,0.07363298168499183,0.13591933299903758,nan,nan,nan,nan,nan,nan,2.8348711653156107,3.591795795415364,3.8673674527277297,0.25,0.414521246622131,3.8037845623446165,nan,nan,0,nan,0,nan,nan,nan,0.08157591689484621,10.020966292009689
phase2_regression,nmpc_crossing_weighted,noise_bias,101,True,True,1.260000000000001,1.260000000000001,90.06405230246263,0.0640523027431717,nan,,nan,nan,nan,nan,nan,nan,nan,nan,nan,42,0,0.0,0,0.0,0.04143955357133001,0.06447195798682515,nan,nan,nan,nan,nan,nan,1.5259244205848097,23.882835346629875,24.87957039753513,0.09,0.9737643103678753,24.046473167876766,nan,nan,0,nan,0,nan,nan,nan,0.2144624288633237,2.8024520420003682
phase2_regression,oracle_planner_nmpc_tracker,noise_bias,101,True,True,1.7200000000000013,1.7200000000000013,90.04586730869896,0.045867308979516686,True,Solve_Succeeded,0.05751083399809431,13,2.941564423690245,1.7999999999999998,0.477862262410852,27.89111292840151,0.6069202842606982,0.046928487726560775,0.02595656692330972,172,0,0.0,0,0.0,0.019443829093540633,0.05284066600142978,0.03322408960712058,0.0869990016718955,1.3125291434018302,2.879701164892937,2.9601789521987456,3.1789462217011697,0.0,0.004908724643931619,0.1789462217011697,0.02,0.0019647738114378253,0.017531159442612854,1.1742037787842825,1.177777689434928,0,0.0,0,0.0,4.123749979232533,7.146296487205803,14.63701050319243,1.871840042003896
phase2_regression,oracle_planner_nmpc_tracker_with_cem_fallback,noise_bias,101,True,True,1.7200000000000013,1.7200000000000013,90.04586730869896,0.045867308979516686,True,Solve_Succeeded,0.057895416000974365,13,2.941564423690245,1.7999999999999998,0.477862262410852,27.89111292840151,0.6069202842606982,0.046928487726560775,0.02595656692330972,172,0,0.0,0,0.0,0.019993334273918705,0.05421645799651742,0.03322408960712058,0.0869990016718955,1.3125291434018302,2.879701164892937,2.9601789521987456,3.1789462217011697,0.0,0.004908724643931619,0.1789462217011697,0.02,0.0019647738114378253,0.017531159442612854,1.1742037787842825,1.177777689434928,0,0.0,0,0.0,4.123749979232533,7.146296487205803,14.63701050319243,1.8924998750007944
phase2_regression,baseline_cem,noise_bias,102,True,True,2.4199999999999924,2.4199999999999924,90.14481588359665,0.1448158838771993,nan,,nan,nan,nan,nan,nan,nan,nan,nan,nan,0,0,nan,0,nan,nan,nan,nan,nan,nan,nan,nan,nan,5.107905944679129,8.06598664932187,10.533720161500707,0.99,2.3634795873554215,10.130680065593584,nan,nan,0,nan,0,nan,nan,nan,0.20518650611881084,41.02866954100318
phase2_regression,nmpc_base,noise_bias,102,True,True,2.010000000000001,2.010000000000001,90.0785728303243,0.07857283060485488,nan,,nan,nan,nan,nan,nan,nan,nan,nan,nan,67,0,0.0,0,0.0,0.07262114367105497,0.12603837500500958,nan,nan,nan,nan,nan,nan,2.8968443878409618,3.4789226598814396,3.6721902505707638,0.7000000000000001,0.48738615672923535,3.604391134398907,nan,nan,0,nan,0,nan,nan,nan,0.09437506709959505,9.203217791000498
phase2_regression,nmpc_crossing_weighted,noise_bias,102,True,True,1.280000000000001,1.280000000000001,90.28872652909443,0.2887265293749896,nan,,nan,nan,nan,nan,nan,nan,nan,nan,nan,43,0,0.0,0,0.0,0.040674102745766126,0.06603200000245124,nan,nan,nan,nan,nan,nan,1.8257333701161602,20.130810926951877,21.0556477766415,0.17,0.9795321401370438,20.29334397398983,nan,nan,0,nan,0,nan,nan,nan,0.210292128982273,2.8773083750129445
phase2_regression,oracle_planner_nmpc_tracker,noise_bias,102,True,True,1.7200000000000013,1.7200000000000013,90.04586730869896,0.045867308979516686,True,Solve_Succeeded,0.05709233299421612,13,2.941564423690245,1.7999999999999998,0.477862262410852,27.89111292840151,0.6069202842606982,0.046928487726560775,0.02595656692330972,172,0,0.0,0,0.0,0.020457333388845273,0.07426516599662136,0.03322408960712058,0.0869990016718955,1.3125291434018302,2.879701164892937,2.9601789521987456,3.1789462217011697,0.0,0.004908724643931619,0.1789462217011697,0.02,0.0019647738114378253,0.017531159442612854,1.1742037787842825,1.177777689434928,0,0.0,0,0.0,4.123749979232533,7.146296487205803,14.63701050319243,1.9223915829934413
phase2_regression,oracle_planner_nmpc_tracker_with_cem_fallback,noise_bias,102,True,True,1.7200000000000013,1.7200000000000013,90.04586730869896,0.045867308979516686,True,Solve_Succeeded,0.058095832995604724,13,2.941564423690245,1.7999999999999998,0.477862262410852,27.89111292840151,0.6069202842606982,0.046928487726560775,0.02595656692330972,172,0,0.0,0,0.0,0.020463661599679592,0.06622329200035892,0.03322408960712058,0.0869990016718955,1.3125291434018302,2.879701164892937,2.9601789521987456,3.1789462217011697,0.0,0.004908724643931619,0.1789462217011697,0.02,0.0019647738114378253,0.017531159442612854,1.1742037787842825,1.177777689434928,0,0.0,0,0.0,4.123749979232533,7.146296487205803,14.63701050319243,1.9300297080044402
phase2_regression,baseline_cem,noise_bias,103,True,True,1.430000000000001,1.430000000000001,90.2720892481514,0.27208924843195487,nan,,nan,nan,nan,nan,nan,nan,nan,nan,nan,0,0,nan,0,nan,nan,nan,nan,nan,nan,nan,nan,nan,5.408051226117628,6.677834782438988,6.914333087723797,0.74,2.0723806371194264,6.7448780994424755,nan,nan,0,nan,0,nan,nan,nan,0.273283908295306,24.124057291992358
phase2_regression,nmpc_base,noise_bias,103,True,True,2.1399999999999983,2.1399999999999983,90.0731605151992,0.07316051547975869,nan,,nan,nan,nan,nan,nan,nan,nan,nan,nan,72,0,0.0,0,0.0,0.06412025165122436,0.11374304199125618,nan,nan,nan,nan,nan,nan,2.8537386839999828,3.543957583693149,3.788012264393073,0.26,0.40620444780683335,3.7227139421876316,nan,nan,0,nan,0,nan,nan,nan,0.08323791890143047,8.796627292002086
phase2_regression,nmpc_crossing_weighted,noise_bias,103,True,True,1.260000000000001,1.260000000000001,90.00803700883509,0.008037009115633329,nan,,nan,nan,nan,nan,nan,nan,nan,nan,nan,42,0,0.0,0,0.0,0.0361889791661053,0.061505459001637064,nan,nan,nan,nan,nan,nan,0.018910003368532328,23.194458938804427,24.176024255032775,0.07,0.9315608612507528,23.35581763721078,nan,nan,0,nan,0,nan,nan,nan,0.2169708216181303,2.6462978750059847
phase2_regression,oracle_planner_nmpc_tracker,noise_bias,103,True,True,1.7200000000000013,1.7200000000000013,90.04586730869896,0.045867308979516686,True,Solve_Succeeded,0.053881541010923684,13,2.941564423690245,1.7999999999999998,0.477862262410852,27.89111292840151,0.6069202842606982,0.046928487726560775,0.02595656692330972,172,0,0.0,0,0.0,0.016930363617575495,0.04630591699969955,0.03322408960712058,0.0869990016718955,1.3125291434018302,2.879701164892937,2.9601789521987456,3.1789462217011697,0.0,0.004908724643931619,0.1789462217011697,0.02,0.0019647738114378253,0.017531159442612854,1.1742037787842825,1.177777689434928,0,0.0,0,0.0,4.123749979232533,7.146296487205803,14.63701050319243,1.7161848340037977
phase2_regression,oracle_planner_nmpc_tracker_with_cem_fallback,noise_bias,103,True,True,1.7200000000000013,1.7200000000000013,90.04586730869896,0.045867308979516686,True,Solve_Succeeded,0.053954707997036166,13,2.941564423690245,1.7999999999999998,0.477862262410852,27.89111292840151,0.6069202842606982,0.046928487726560775,0.02595656692330972,172,0,0.0,0,0.0,0.01732020684332468,0.04626429198833648,0.03322408960712058,0.0869990016718955,1.3125291434018302,2.879701164892937,2.9601789521987456,3.1789462217011697,0.0,0.004908724643931619,0.1789462217011697,0.02,0.0019647738114378253,0.017531159442612854,1.1742037787842825,1.177777689434928,0,0.0,0,0.0,4.123749979232533,7.146296487205803,14.63701050319243,1.728027374992962
phase2_regression,baseline_cem,stronger_noise,101,True,True,2.3599999999999937,2.3599999999999937,91.2331822312785,1.2331822315590488,nan,,nan,nan,nan,nan,nan,nan,nan,nan,nan,0,0,nan,0,nan,nan,nan,nan,nan,nan,nan,nan,nan,9.078817734101087,57.78210193699709,63.174010723020984,1.16,6.421732142089293,62.09663160378631,nan,nan,0,nan,0,nan,nan,nan,0.2879627721444173,39.544442290993175
phase2_regression,nmpc_base,stronger_noise,101,True,True,2.259999999999996,2.259999999999996,90.18433012623063,0.1843301265111789,nan,,nan,nan,nan,nan,nan,nan,nan,nan,nan,76,0,0.0,0,0.0,0.07191583760543022,0.22659745800774544,nan,nan,nan,nan,nan,nan,2.2134573728939215,3.430440359417686,3.7271105907991204,0.41000000000000003,0.4763860204656169,3.6604959417287706,nan,nan,0,nan,0,nan,nan,nan,0.104549447701423,10.647560124998563
phase2_regression,nmpc_crossing_weighted,stronger_noise,101,True,True,1.260000000000001,1.260000000000001,90.08651295309127,0.08651295337181927,nan,,nan,nan,nan,nan,nan,nan,nan,nan,nan,42,0,0.0,0,0.0,0.039446886905352585,0.07379091701295692,nan,nan,nan,nan,nan,nan,5.312210803882435,25.44899329374248,26.479879413554148,0.14,1.1115920643081831,25.61771098880281,nan,nan,0,nan,0,nan,nan,nan,0.2526931153258892,2.8121657500014408
phase2_regression,oracle_planner_nmpc_tracker,stronger_noise,101,True,True,1.7200000000000013,1.7200000000000013,90.04586730869896,0.045867308979516686,True,Solve_Succeeded,0.053822832996957004,13,2.941564423690245,1.7999999999999998,0.477862262410852,27.89111292840151,0.6069202842606982,0.046928487726560775,0.02595656692330972,172,0,0.0,0,0.0,0.01734127544198621,0.0458510419994127,0.03322408960712058,0.0869990016718955,1.3125291434018302,2.879701164892937,2.9601789521987456,3.1789462217011697,0.0,0.004908724643931619,0.1789462217011697,0.02,0.0019647738114378253,0.017531159442612854,1.1742037787842825,1.177777689434928,0,0.0,0,0.0,4.123749979232533,7.146296487205803,14.63701050319243,1.7337169160018675
phase2_regression,oracle_planner_nmpc_tracker_with_cem_fallback,stronger_noise,101,True,True,1.7200000000000013,1.7200000000000013,90.04586730869896,0.045867308979516686,True,Solve_Succeeded,0.05355879200214986,13,2.941564423690245,1.7999999999999998,0.477862262410852,27.89111292840151,0.6069202842606982,0.046928487726560775,0.02595656692330972,172,0,0.0,0,0.0,0.01770226946356097,0.060544291001860984,0.03322408960712058,0.0869990016718955,1.3125291434018302,2.879701164892937,2.9601789521987456,3.1789462217011697,0.0,0.004908724643931619,0.1789462217011697,0.02,0.0019647738114378253,0.017531159442612854,1.1742037787842825,1.177777689434928,0,0.0,0,0.0,4.123749979232533,7.146296487205803,14.63701050319243,1.7377562079927884
phase2_regression,baseline_cem,stronger_noise,102,True,True,2.629999999999988,2.629999999999988,90.00360485815519,0.003604858435730091,nan,,nan,nan,nan,nan,nan,nan,nan,nan,nan,0,0,nan,0,nan,nan,nan,nan,nan,nan,nan,nan,nan,5.55970363909739,11.932834366148457,14.085473515820265,1.09,2.9250941316396317,14.010363397857386,nan,nan,0,nan,0,nan,nan,nan,0.20174590034115078,44.68286870799784
phase2_regression,nmpc_base,stronger_noise,102,True,True,1.9300000000000015,1.9300000000000015,90.25850253913588,0.2585025394164273,nan,,nan,nan,nan,nan,nan,nan,nan,nan,nan,65,0,0.0,0,0.0,0.06838307493823008,0.24907204099872615,nan,nan,nan,nan,nan,nan,2.8467594033386563,3.124251526278,3.321230096163567,0.92,0.6097851129000934,3.2458766233051586,nan,nan,0,nan,0,nan,nan,nan,0.1285401331555085,8.47926458400616
phase2_regression,nmpc_crossing_weighted,stronger_noise,102,True,True,1.310000000000001,1.310000000000001,90.13731736790649,0.137317368187046,nan,,nan,nan,nan,nan,nan,nan,nan,nan,nan,44,0,0.0,0,0.0,0.042389091840794375,0.10086774999217596,nan,nan,nan,nan,nan,nan,2.971310255848919,17.95179783215585,18.842968880099004,0.26,1.100000552294551,18.122520236825302,nan,nan,0,nan,0,nan,nan,nan,0.24162618117551146,3.1221910000022035
phase2_regression,oracle_planner_nmpc_tracker,stronger_noise,102,True,True,1.7200000000000013,1.7200000000000013,90.04586730869896,0.045867308979516686,True,Solve_Succeeded,0.05491966700355988,13,2.941564423690245,1.7999999999999998,0.477862262410852,27.89111292840151,0.6069202842606982,0.046928487726560775,0.02595656692330972,172,0,0.0,0,0.0,0.018017316092334302,0.04600370899424888,0.03322408960712058,0.0869990016718955,1.3125291434018302,2.879701164892937,2.9601789521987456,3.1789462217011697,0.0,0.004908724643931619,0.1789462217011697,0.02,0.0019647738114378253,0.017531159442612854,1.1742037787842825,1.177777689434928,0,0.0,0,0.0,4.123749979232533,7.146296487205803,14.63701050319243,1.7637809159932658
phase2_regression,oracle_planner_nmpc_tracker_with_cem_fallback,stronger_noise,102,True,True,1.7200000000000013,1.7200000000000013,90.04586730869896,0.045867308979516686,True,Solve_Succeeded,0.06024566700216383,13,2.941564423690245,1.7999999999999998,0.477862262410852,27.89111292840151,0.6069202842606982,0.046928487726560775,0.02595656692330972,172,0,0.0,0,0.0,0.01793513711671166,0.04728279198752716,0.03322408960712058,0.0869990016718955,1.3125291434018302,2.879701164892937,2.9601789521987456,3.1789462217011697,0.0,0.004908724643931619,0.1789462217011697,0.02,0.0019647738114378253,0.017531159442612854,1.1742037787842825,1.177777689434928,0,0.0,0,0.0,4.123749979232533,7.146296487205803,14.63701050319243,1.762652707999223
phase2_regression,baseline_cem,stronger_noise,103,True,True,1.6600000000000013,1.6600000000000013,90.01532700667498,0.015327006955536671,nan,,nan,nan,nan,nan,nan,nan,nan,nan,nan,0,0,nan,0,nan,nan,nan,nan,nan,nan,nan,nan,nan,4.4810411627410485,6.51386101173968,6.763758587438609,0.79,1.9509077951670803,6.6014395279249936,nan,nan,0,nan,0,nan,nan,nan,0.23520515848797133,28.247280292009236
phase2_regression,nmpc_base,stronger_noise,103,True,True,2.1899999999999973,2.1899999999999973,90.0467607907493,0.04676079102984891,nan,,nan,nan,nan,nan,nan,nan,nan,nan,nan,73,0,0.0,0,0.0,0.0699527116852401,0.1750256669911323,nan,nan,nan,nan,nan,nan,2.7867539455741808,3.3178911016219987,3.55866699666191,0.43,0.5139953674382656,3.488420126306206,nan,nan,0,nan,0,nan,nan,nan,0.10033529187776492,9.463266917009605
phase2_regression,nmpc_crossing_weighted,stronger_noise,103,True,True,1.260000000000001,1.260000000000001,90.18624293615404,0.18624293643459713,nan,,nan,nan,nan,nan,nan,nan,nan,nan,nan,42,0,0.0,0,0.0,0.04165354466767028,0.07752283399167936,nan,nan,nan,nan,nan,nan,1.411388084569353,24.076198628695096,25.07718866158982,0.21,1.0303282540900662,24.24047310623647,nan,nan,0,nan,0,nan,nan,nan,0.26027200406328954,2.935098374990048
phase2_regression,oracle_planner_nmpc_tracker,stronger_noise,103,True,True,1.7200000000000013,1.7200000000000013,90.04586730869896,0.045867308979516686,True,Solve_Succeeded,0.05768762499792501,13,2.941564423690245,1.7999999999999998,0.477862262410852,27.89111292840151,0.6069202842606982,0.046928487726560775,0.02595656692330972,172,0,0.0,0,0.0,0.017633327476370288,0.04763954099325929,0.03322408960712058,0.0869990016718955,1.3125291434018302,2.879701164892937,2.9601789521987456,3.1789462217011697,0.0,0.004908724643931619,0.1789462217011697,0.02,0.0019647738114378253,0.017531159442612854,1.1742037787842825,1.177777689434928,0,0.0,0,0.0,4.123749979232533,7.146296487205803,14.63701050319243,1.747620709007606
phase2_regression,oracle_planner_nmpc_tracker_with_cem_fallback,stronger_noise,103,True,True,1.7200000000000013,1.7200000000000013,90.04586730869896,0.045867308979516686,True,Solve_Succeeded,0.056549999993876554,13,2.941564423690245,1.7999999999999998,0.477862262410852,27.89111292840151,0.6069202842606982,0.046928487726560775,0.02595656692330972,172,0,0.0,0,0.0,0.017602890181669228,0.05572370799200144,0.03322408960712058,0.0869990016718955,1.3125291434018302,2.879701164892937,2.9601789521987456,3.1789462217011697,0.0,0.004908724643931619,0.1789462217011697,0.02,0.0019647738114378253,0.017531159442612854,1.1742037787842825,1.177777689434928,0,0.0,0,0.0,4.123749979232533,7.146296487205803,14.63701050319243,1.7361597919953056
phase2_regression,baseline_cem,larger_target_angle,101,True,True,3.189999999999976,3.189999999999976,105.02269683510373,0.02269683510372419,nan,,nan,nan,nan,nan,nan,nan,nan,nan,nan,0,0,nan,0,nan,nan,nan,nan,nan,nan,nan,nan,nan,5.060426922653126,10.030291326606125,12.124461834116115,1.54,4.114211820124866,11.915245920154812,nan,nan,0,nan,0,nan,nan,nan,0.26106078118503495,53.37650045900955
phase2_regression,nmpc_base,larger_target_angle,101,True,True,2.3299999999999943,2.3299999999999943,105.00667471805053,0.006674718050526466,nan,,nan,nan,nan,nan,nan,nan,nan,nan,nan,78,0,0.0,0,0.0,0.0672786912182346,0.16578629201103467,nan,nan,nan,nan,nan,nan,1.1179684181764944,3.128980897913621,3.3080523191887714,0.2,0.38027341214800686,3.232413182246715,nan,nan,0,nan,0,nan,nan,nan,0.07145059985870372,10.003553625007044
phase2_regression,nmpc_crossing_weighted,larger_target_angle,101,True,True,1.480000000000001,1.480000000000001,105.27062561736882,0.2706256173688172,nan,,nan,nan,nan,nan,nan,nan,nan,nan,nan,50,0,0.0,0,0.0,0.03256601083936403,0.05930058400554117,nan,nan,nan,nan,nan,nan,0.03944365754050366,21.971100322352942,23.06191925084701,0.09,0.915227218154794,22.26223305923666,nan,nan,0,nan,0,nan,nan,nan,0.17776163030174696,2.913531583006261
phase2_regression,oracle_planner_nmpc_tracker,larger_target_angle,101,True,True,1.8500000000000014,1.8500000000000014,105.04558527558802,0.045585275588009885,True,Solve_Succeeded,0.06058179099636618,14,2.9667725104261526,1.7999999999999998,0.03849411871731721,27.87985555275365,0.6064617573152178,0.04726703798853643,0.013590902031601848,185,0,0.0,0,0.0,0.019882226546571867,0.06692808300431352,0.040843997698799414,0.11668773332267424,1.3744040290984885,3.005559282546777,3.128928511977736,3.2062931510737678,0.006692191500017652,0.12892851197773605,0.20629315107376778,0.1,0.00969003264369375,0.13429312755652,1.1887983405628417,1.1911932764386735,0,0.0,0,0.0,4.043973707832892,7.154511156152508,16.593677266461896,1.9616898750100518
phase2_regression,oracle_planner_nmpc_tracker_with_cem_fallback,larger_target_angle,101,True,True,1.8500000000000014,1.8500000000000014,105.04558527558802,0.045585275588009885,True,Solve_Succeeded,0.05888224999944214,14,2.9667725104261526,1.7999999999999998,0.03849411871731721,27.87985555275365,0.6064617573152178,0.04726703798853643,0.013590902031601848,185,0,0.0,0,0.0,0.019128018739079503,0.04717991698998958,0.040843997698799414,0.11668773332267424,1.3744040290984885,3.005559282546777,3.128928511977736,3.2062931510737678,0.006692191500017652,0.12892851197773605,0.20629315107376778,0.1,0.00969003264369375,0.13429312755652,1.1887983405628417,1.1911932764386735,0,0.0,0,0.0,4.043973707832892,7.154511156152508,16.593677266461896,1.9289599159965292
phase2_regression,baseline_cem,larger_target_angle,102,True,True,5.769999999999921,5.769999999999921,105.03408476414113,0.03408476414111345,nan,,nan,nan,nan,nan,nan,nan,nan,nan,nan,0,0,nan,0,nan,nan,nan,nan,nan,nan,nan,nan,nan,5.924974339427655,11.622852815747754,13.041465954135415,2.71,7.448023187352255,12.653503977885407,nan,nan,0,nan,0,nan,nan,nan,0.261378458278993,96.39743912499398
phase2_regression,nmpc_base,larger_target_angle,102,True,True,2.3299999999999943,2.3299999999999943,105.00667471805053,0.006674718050526466,nan,,nan,nan,nan,nan,nan,nan,nan,nan,nan,78,0,0.0,0,0.0,0.06438273448703768,0.1301241249893792,nan,nan,nan,nan,nan,nan,1.1179684181764944,3.128980897913621,3.3080523191887714,0.2,0.38027341214800686,3.232413182246715,nan,nan,0,nan,0,nan,nan,nan,0.07145059985870372,9.658501084006275
phase2_regression,nmpc_crossing_weighted,larger_target_angle,102,True,True,1.480000000000001,1.480000000000001,105.27062561736882,0.2706256173688172,nan,,nan,nan,nan,nan,nan,nan,nan,nan,nan,50,0,0.0,0,0.0,0.033858729080529885,0.06276524999702815,nan,nan,nan,nan,nan,nan,0.03944365754050366,21.971100322352942,23.06191925084701,0.09,0.915227218154794,22.26223305923666,nan,nan,0,nan,0,nan,nan,nan,0.17776163030174696,2.9713925830001244
phase2_regression,oracle_planner_nmpc_tracker,larger_target_angle,102,True,True,1.8500000000000014,1.8500000000000014,105.04558527558802,0.045585275588009885,True,Solve_Succeeded,0.060282917009317316,14,2.9667725104261526,1.7999999999999998,0.03849411871731721,27.87985555275365,0.6064617573152178,0.04726703798853643,0.013590902031601848,185,0,0.0,0,0.0,0.021360453405351428,0.08236808399669826,0.040843997698799414,0.11668773332267424,1.3744040290984885,3.005559282546777,3.128928511977736,3.2062931510737678,0.006692191500017652,0.12892851197773605,0.20629315107376778,0.1,0.00969003264369375,0.13429312755652,1.1887983405628417,1.1911932764386735,0,0.0,0,0.0,4.043973707832892,7.154511156152508,16.593677266461896,2.0679680419998476
phase2_regression,oracle_planner_nmpc_tracker_with_cem_fallback,larger_target_angle,102,True,True,1.8500000000000014,1.8500000000000014,105.04558527558802,0.045585275588009885,True,Solve_Succeeded,0.062262459003250115,14,2.9667725104261526,1.7999999999999998,0.03849411871731721,27.87985555275365,0.6064617573152178,0.04726703798853643,0.013590902031601848,185,0,0.0,0,0.0,0.019398774049398992,0.04708375000336673,0.040843997698799414,0.11668773332267424,1.3744040290984885,3.005559282546777,3.128928511977736,3.2062931510737678,0.006692191500017652,0.12892851197773605,0.20629315107376778,0.1,0.00969003264369375,0.13429312755652,1.1887983405628417,1.1911932764386735,0,0.0,0,0.0,4.043973707832892,7.154511156152508,16.593677266461896,1.9559243340045214
phase2_regression,baseline_cem,larger_target_angle,103,True,True,2.9399999999999813,2.9399999999999813,105.23123390632138,0.23123390632137233,nan,,nan,nan,nan,nan,nan,nan,nan,nan,nan,0,0,nan,0,nan,nan,nan,nan,nan,nan,nan,nan,nan,5.929639341239676,9.160465201372817,18.174457297196312,1.23,3.5959694483569535,17.476332393773465,nan,nan,0,nan,0,nan,nan,nan,0.2617245938574266,48.89910958299879
phase2_regression,nmpc_base,larger_target_angle,103,True,True,2.3299999999999943,2.3299999999999943,105.00667471805053,0.006674718050526466,nan,,nan,nan,nan,nan,nan,nan,nan,nan,nan,78,0,0.0,0,0.0,0.07621980717951186,0.1476323330134619,nan,nan,nan,nan,nan,nan,1.1179684181764944,3.128980897913621,3.3080523191887714,0.2,0.38027341214800686,3.232413182246715,nan,nan,0,nan,0,nan,nan,nan,0.07145059985870372,10.899621042000945
phase2_regression,nmpc_crossing_weighted,larger_target_angle,103,True,True,1.480000000000001,1.480000000000001,105.27062561736882,0.2706256173688172,nan,,nan,nan,nan,nan,nan,nan,nan,nan,nan,50,0,0.0,0,0.0,0.03526490750082303,0.06377162499120459,nan,nan,nan,nan,nan,nan,0.03944365754050366,21.971100322352942,23.06191925084701,0.09,0.915227218154794,22.26223305923666,nan,nan,0,nan,0,nan,nan,nan,0.17776163030174696,3.0638287080073496
phase2_regression,oracle_planner_nmpc_tracker,larger_target_angle,103,True,True,1.8500000000000014,1.8500000000000014,105.04558527558802,0.045585275588009885,True,Solve_Succeeded,0.06185804099368397,14,2.9667725104261526,1.7999999999999998,0.03849411871731721,27.87985555275365,0.6064617573152178,0.04726703798853643,0.013590902031601848,185,0,0.0,0,0.0,0.02188524842707478,0.05378550000023097,0.040843997698799414,0.11668773332267424,1.3744040290984885,3.005559282546777,3.128928511977736,3.2062931510737678,0.006692191500017652,0.12892851197773605,0.20629315107376778,0.1,0.00969003264369375,0.13429312755652,1.1887983405628417,1.1911932764386735,0,0.0,0,0.0,4.043973707832892,7.154511156152508,16.593677266461896,2.12086262498633
phase2_regression,oracle_planner_nmpc_tracker_with_cem_fallback,larger_target_angle,103,True,True,1.8500000000000014,1.8500000000000014,105.04558527558802,0.045585275588009885,True,Solve_Succeeded,0.06154804100515321,14,2.9667725104261526,1.7999999999999998,0.03849411871731721,27.87985555275365,0.6064617573152178,0.04726703798853643,0.013590902031601848,185,0,0.0,0,0.0,0.022163416184028735,0.05172412500542123,0.040843997698799414,0.11668773332267424,1.3744040290984885,3.005559282546777,3.128928511977736,3.2062931510737678,0.006692191500017652,0.12892851197773605,0.20629315107376778,0.1,0.00969003264369375,0.13429312755652,1.1887983405628417,1.1911932764386735,0,0.0,0,0.0,4.043973707832892,7.154511156152508,16.593677266461896,2.127930707996711
phase2_regression,baseline_cem,parameter_mismatch_low_k,101,True,True,2.299999999999995,2.299999999999995,90.14464595424174,0.14464595452228254,nan,,nan,nan,nan,nan,nan,nan,nan,nan,nan,0,0,nan,0,nan,nan,nan,nan,nan,nan,nan,nan,nan,4.212267437651404,5.940068822202717,6.337202478634854,0.97,2.0459169427491113,6.230038842255983,nan,nan,0,nan,0,nan,nan,nan,0.19767809240654285,38.89054224999563
phase2_regression,nmpc_base,parameter_mismatch_low_k,101,True,True,2.1799999999999975,2.1799999999999975,90.00141496793164,0.0014149682121850967,nan,,nan,nan,nan,nan,nan,nan,nan,nan,nan,73,0,0.0,0,0.0,0.0722497688211287,0.13796024999464862,nan,nan,nan,nan,nan,nan,2.8048450405531686,3.1542134413020544,3.319635503995192,0.29,0.38207168627927507,3.2442463840560727,nan,nan,0,nan,0,nan,nan,nan,0.06886005403672078,9.992717582994374
phase2_regression,nmpc_crossing_weighted,parameter_mismatch_low_k,101,True,True,1.290000000000001,1.290000000000001,90.26343833792072,0.26343833820127,nan,,nan,nan,nan,nan,nan,nan,nan,nan,nan,43,0,0.0,0,0.0,0.044603792627999926,0.1456810840027174,nan,nan,nan,nan,nan,nan,0.019786745671659643,21.9517412321238,22.924326091892603,0.07,0.9115585319838158,22.12713349766812,nan,nan,0,nan,0,nan,nan,nan,0.19047552859256842,3.1153225830057636
phase2_regression,oracle_planner_nmpc_tracker,parameter_mismatch_low_k,101,True,True,1.7200000000000013,1.7200000000000013,90.04586730869896,0.045867308979516686,True,Solve_Succeeded,0.05996387499908451,13,2.941564423690245,1.7999999999999998,0.477862262410852,27.89111292840151,0.6069202842606982,0.046928487726560775,0.02595656692330972,172,0,0.0,0,0.0,0.020687699138825125,0.06061333300021943,0.03322408960712058,0.0869990016718955,1.3125291434018302,2.879701164892937,2.9601789521987456,3.1789462217011697,0.0,0.004908724643931619,0.1789462217011697,0.02,0.0019647738114378253,0.017531159442612854,1.1742037787842825,1.177777689434928,0,0.0,0,0.0,4.123749979232533,7.146296487205803,14.63701050319243,1.9312638340052217
phase2_regression,oracle_planner_nmpc_tracker_with_cem_fallback,parameter_mismatch_low_k,101,True,True,1.7200000000000013,1.7200000000000013,90.04586730869896,0.045867308979516686,True,Solve_Succeeded,0.0583706670004176,13,2.941564423690245,1.7999999999999998,0.477862262410852,27.89111292840151,0.6069202842606982,0.046928487726560775,0.02595656692330972,172,0,0.0,0,0.0,0.019758022291065318,0.07018379100190941,0.03322408960712058,0.0869990016718955,1.3125291434018302,2.879701164892937,2.9601789521987456,3.1789462217011697,0.0,0.004908724643931619,0.1789462217011697,0.02,0.0019647738114378253,0.017531159442612854,1.1742037787842825,1.177777689434928,0,0.0,0,0.0,4.123749979232533,7.146296487205803,14.63701050319243,1.8839034589909716
phase2_regression,baseline_cem,parameter_mismatch_low_k,102,True,True,2.339999999999994,2.339999999999994,90.17007467553549,0.17007467581604163,nan,,nan,nan,nan,nan,nan,nan,nan,nan,nan,0,0,nan,0,nan,nan,nan,nan,nan,nan,nan,nan,nan,5.029222048160696,8.759793144153582,10.774076239378008,1.05,2.577034696157549,10.363566624294643,nan,nan,0,nan,0,nan,nan,nan,0.22602298034730148,39.43505549999827
phase2_regression,nmpc_base,parameter_mismatch_low_k,102,True,True,2.1799999999999975,2.1799999999999975,90.00141496793164,0.0014149682121850967,nan,,nan,nan,nan,nan,nan,nan,nan,nan,nan,73,0,0.0,0,0.0,0.07227599824605707,0.13181483300286345,nan,nan,nan,nan,nan,nan,2.8048450405531686,3.1542134413020544,3.319635503995192,0.29,0.38207168627927507,3.2442463840560727,nan,nan,0,nan,0,nan,nan,nan,0.06886005403672078,9.927963624999393
phase2_regression,nmpc_crossing_weighted,parameter_mismatch_low_k,102,True,True,1.290000000000001,1.290000000000001,90.26343833792072,0.26343833820127,nan,,nan,nan,nan,nan,nan,nan,nan,nan,nan,43,0,0.0,0,0.0,0.03766745732498875,0.06172958300157916,nan,nan,nan,nan,nan,nan,0.019786745671659643,21.9517412321238,22.924326091892603,0.07,0.9115585319838158,22.12713349766812,nan,nan,0,nan,0,nan,nan,nan,0.19047552859256842,2.815552124986425
phase2_regression,oracle_planner_nmpc_tracker,parameter_mismatch_low_k,102,True,True,1.7200000000000013,1.7200000000000013,90.04586730869896,0.045867308979516686,True,Solve_Succeeded,0.05918516700330656,13,2.941564423690245,1.7999999999999998,0.477862262410852,27.89111292840151,0.6069202842606982,0.046928487726560775,0.02595656692330972,172,0,0.0,0,0.0,0.02038378317576094,0.0656521250057267,0.03322408960712058,0.0869990016718955,1.3125291434018302,2.879701164892937,2.9601789521987456,3.1789462217011697,0.0,0.004908724643931619,0.1789462217011697,0.02,0.0019647738114378253,0.017531159442612854,1.1742037787842825,1.177777689434928,0,0.0,0,0.0,4.123749979232533,7.146296487205803,14.63701050319243,1.9172200839966536
phase2_regression,oracle_planner_nmpc_tracker_with_cem_fallback,parameter_mismatch_low_k,102,True,True,1.7200000000000013,1.7200000000000013,90.04586730869896,0.045867308979516686,True,Solve_Succeeded,0.06861329199455213,13,2.941564423690245,1.7999999999999998,0.477862262410852,27.89111292840151,0.6069202842606982,0.046928487726560775,0.02595656692330972,172,0,0.0,0,0.0,0.024693692354387252,0.12389470799826086,0.03322408960712058,0.0869990016718955,1.3125291434018302,2.879701164892937,2.9601789521987456,3.1789462217011697,0.0,0.004908724643931619,0.1789462217011697,0.02,0.0019647738114378253,0.017531159442612854,1.1742037787842825,1.177777689434928,0,0.0,0,0.0,4.123749979232533,7.146296487205803,14.63701050319243,2.1565457910037367
phase2_regression,baseline_cem,parameter_mismatch_low_k,103,True,True,1.5400000000000011,1.5400000000000011,90.14888253739268,0.14888253767323706,nan,,nan,nan,nan,nan,nan,nan,nan,nan,nan,0,0,nan,0,nan,nan,nan,nan,nan,nan,nan,nan,nan,7.031578814792706,7.93504301155776,8.077141190977512,0.9500000000000001,2.3656772680742653,7.973681782522803,nan,nan,0,nan,0,nan,nan,nan,0.29124709152335326,26.174532292003278
phase2_regression,nmpc_base,parameter_mismatch_low_k,103,True,True,2.1799999999999975,2.1799999999999975,90.00141496793164,0.0014149682121850967,nan,,nan,nan,nan,nan,nan,nan,nan,nan,nan,73,0,0.0,0,0.0,0.0741403025077825,0.157070625005872,nan,nan,nan,nan,nan,nan,2.8048450405531686,3.1542134413020544,3.319635503995192,0.29,0.38207168627927507,3.2442463840560727,nan,nan,0,nan,0,nan,nan,nan,0.06886005403672078,10.324319416991784
phase2_regression,nmpc_crossing_weighted,parameter_mismatch_low_k,103,True,True,1.290000000000001,1.290000000000001,90.26343833792072,0.26343833820127,nan,,nan,nan,nan,nan,nan,nan,nan,nan,nan,43,0,0.0,0,0.0,0.035520800372767045,0.062919583011535,nan,nan,nan,nan,nan,nan,0.019786745671659643,21.9517412321238,22.924326091892603,0.07,0.9115585319838158,22.12713349766812,nan,nan,0,nan,0,nan,nan,nan,0.19047552859256842,2.7106957089999923
phase2_regression,oracle_planner_nmpc_tracker,parameter_mismatch_low_k,103,True,True,1.7200000000000013,1.7200000000000013,90.04586730869896,0.045867308979516686,True,Solve_Succeeded,0.0654355839942582,13,2.941564423690245,1.7999999999999998,0.477862262410852,27.89111292840151,0.6069202842606982,0.046928487726560775,0.02595656692330972,172,0,0.0,0,0.0,0.020187325111396075,0.0689402909920318,0.03322408960712058,0.0869990016718955,1.3125291434018302,2.879701164892937,2.9601789521987456,3.1789462217011697,0.0,0.004908724643931619,0.1789462217011697,0.02,0.0019647738114378253,0.017531159442612854,1.1742037787842825,1.177777689434928,0,0.0,0,0.0,4.123749979232533,7.146296487205803,14.63701050319243,1.895318374998169
phase2_regression,oracle_planner_nmpc_tracker_with_cem_fallback,parameter_mismatch_low_k,103,True,True,1.7200000000000013,1.7200000000000013,90.04586730869896,0.045867308979516686,True,Solve_Succeeded,0.0580539590009721,13,2.941564423690245,1.7999999999999998,0.477862262410852,27.89111292840151,0.6069202842606982,0.046928487726560775,0.02595656692330972,172,0,0.0,0,0.0,0.017576166872374396,0.04702387499855831,0.03322408960712058,0.0869990016718955,1.3125291434018302,2.879701164892937,2.9601789521987456,3.1789462217011697,0.0,0.004908724643931619,0.1789462217011697,0.02,0.0019647738114378253,0.017531159442612854,1.1742037787842825,1.177777689434928,0,0.0,0,0.0,4.123749979232533,7.146296487205803,14.63701050319243,1.7530362920078915
phase2_regression,baseline_cem,parameter_mismatch_high_k,101,False,False,nan,nan,89.92522171782198,-0.07477828189746757,nan,,nan,nan,nan,nan,nan,nan,nan,nan,nan,0,0,nan,0,nan,nan,nan,nan,nan,nan,nan,nan,nan,1.942987546153517,4.492921225287539,8.131979516647114,0.98,1.9477467561494792,8.001827038247388,nan,nan,0,nan,0,nan,nan,nan,0.05182287480066774,139.75413837499218
phase2_regression,nmpc_base,parameter_mismatch_high_k,101,True,True,2.0899999999999994,2.0899999999999994,90.0956248923316,0.09562489261214335,nan,,nan,nan,nan,nan,nan,nan,nan,nan,nan,70,0,0.0,0,0.0,0.07670229882870834,0.2826506249984959,nan,nan,nan,nan,nan,nan,2.832205172406718,3.115651919065673,3.2773146368200745,0.27,0.3731872702454966,3.2010205502017186,nan,nan,0,nan,0,nan,nan,nan,0.07207020872719079,9.710777792002773
phase2_regression,nmpc_crossing_weighted,parameter_mismatch_high_k,101,True,True,1.280000000000001,1.280000000000001,90.22574386629526,0.2257438665758091,nan,,nan,nan,nan,nan,nan,nan,nan,nan,nan,43,0,0.0,0,0.0,0.04036038462850969,0.14479766599833965,nan,nan,nan,nan,nan,nan,0.11148565651612417,22.068851466788903,23.038063499730818,0.09,0.9150253125303196,22.23862696736478,nan,nan,0,nan,0,nan,nan,nan,0.19251558116665535,2.807866291987011
phase2_regression,oracle_planner_nmpc_tracker,parameter_mismatch_high_k,101,True,True,1.7200000000000013,1.7200000000000013,90.04586730869896,0.045867308979516686,True,Solve_Succeeded,0.0568689589999849,13,2.941564423690245,1.7999999999999998,0.477862262410852,27.89111292840151,0.6069202842606982,0.046928487726560775,0.02595656692330972,172,0,0.0,0,0.0,0.017530857441458866,0.04537341700051911,0.03322408960712058,0.0869990016718955,1.3125291434018302,2.879701164892937,2.9601789521987456,3.1789462217011697,0.0,0.004908724643931619,0.1789462217011697,0.02,0.0019647738114378253,0.017531159442612854,1.1742037787842825,1.177777689434928,0,0.0,0,0.0,4.123749979232533,7.146296487205803,14.63701050319243,1.7665996669966262
phase2_regression,oracle_planner_nmpc_tracker_with_cem_fallback,parameter_mismatch_high_k,101,True,True,1.7200000000000013,1.7200000000000013,90.04586730869896,0.045867308979516686,True,Solve_Succeeded,0.058160708998912014,13,2.941564423690245,1.7999999999999998,0.477862262410852,27.89111292840151,0.6069202842606982,0.046928487726560775,0.02595656692330972,172,0,0.0,0,0.0,0.022672900360407238,0.12448737499653362,0.03322408960712058,0.0869990016718955,1.3125291434018302,2.879701164892937,2.9601789521987456,3.1789462217011697,0.0,0.004908724643931619,0.1789462217011697,0.02,0.0019647738114378253,0.017531159442612854,1.1742037787842825,1.177777689434928,0,0.0,0,0.0,4.123749979232533,7.146296487205803,14.63701050319243,2.047575374992448
phase2_regression,baseline_cem,parameter_mismatch_high_k,102,True,True,2.239999999999996,2.239999999999996,90.10388574112129,0.10388574140183711,nan,,nan,nan,nan,nan,nan,nan,nan,nan,nan,0,0,nan,0,nan,nan,nan,nan,nan,nan,nan,nan,nan,4.703054647604596,9.039938147717734,10.773294144269904,1.03,2.6399811175356023,10.35287031502406,nan,nan,0,nan,0,nan,nan,nan,0.2426078574579094,38.35457070899429
phase2_regression,nmpc_base,parameter_mismatch_high_k,102,True,True,2.0899999999999994,2.0899999999999994,90.0956248923316,0.09562489261214335,nan,,nan,nan,nan,nan,nan,nan,nan,nan,nan,70,0,0.0,0,0.0,0.08382174818606082,0.24804054200649261,nan,nan,nan,nan,nan,nan,2.832205172406718,3.115651919065673,3.2773146368200745,0.27,0.3731872702454966,3.2010205502017186,nan,nan,0,nan,0,nan,nan,nan,0.07207020872719079,10.309122457998456
phase2_regression,nmpc_crossing_weighted,parameter_mismatch_high_k,102,True,True,1.280000000000001,1.280000000000001,90.22574386629526,0.2257438665758091,nan,,nan,nan,nan,nan,nan,nan,nan,nan,nan,43,0,0.0,0,0.0,0.04195181300070375,0.13918612500128802,nan,nan,nan,nan,nan,nan,0.11148565651612417,22.068851466788903,23.038063499730818,0.09,0.9150253125303196,22.23862696736478,nan,nan,0,nan,0,nan,nan,nan,0.19251558116665535,2.8793794170051115
phase2_regression,oracle_planner_nmpc_tracker,parameter_mismatch_high_k,102,True,True,1.7200000000000013,1.7200000000000013,90.04586730869896,0.045867308979516686,True,Solve_Succeeded,0.08364100000471808,13,2.941564423690245,1.7999999999999998,0.477862262410852,27.89111292840151,0.6069202842606982,0.046928487726560775,0.02595656692330972,172,0,0.0,0,0.0,0.02004925440015477,0.1330255000066245,0.03322408960712058,0.0869990016718955,1.3125291434018302,2.879701164892937,2.9601789521987456,3.1789462217011697,0.0,0.004908724643931619,0.1789462217011697,0.02,0.0019647738114378253,0.017531159442612854,1.1742037787842825,1.177777689434928,0,0.0,0,0.0,4.123749979232533,7.146296487205803,14.63701050319243,1.9247443749918602
phase2_regression,oracle_planner_nmpc_tracker_with_cem_fallback,parameter_mismatch_high_k,102,True,True,1.7200000000000013,1.7200000000000013,90.04586730869896,0.045867308979516686,True,Solve_Succeeded,0.05819937500928063,13,2.941564423690245,1.7999999999999998,0.477862262410852,27.89111292840151,0.6069202842606982,0.046928487726560775,0.02595656692330972,172,0,0.0,0,0.0,0.02227493266205826,0.1352727499906905,0.03322408960712058,0.0869990016718955,1.3125291434018302,2.879701164892937,2.9601789521987456,3.1789462217011697,0.0,0.004908724643931619,0.1789462217011697,0.02,0.0019647738114378253,0.017531159442612854,1.1742037787842825,1.177777689434928,0,0.0,0,0.0,4.123749979232533,7.146296487205803,14.63701050319243,2.0414752919896273
phase2_regression,baseline_cem,parameter_mismatch_high_k,103,True,True,1.350000000000001,1.350000000000001,90.19398679490192,0.1939867951824717,nan,,nan,nan,nan,nan,nan,nan,nan,nan,nan,0,0,nan,0,nan,nan,nan,nan,nan,nan,nan,nan,nan,6.298500759906657,7.615932649763304,7.729912632043925,0.79,2.1751825404307823,7.638152710288651,nan,nan,0,nan,0,nan,nan,nan,0.28376708399236,22.825022000004537
phase2_regression,nmpc_base,parameter_mismatch_high_k,103,True,True,2.0899999999999994,2.0899999999999994,90.0956248923316,0.09562489261214335,nan,,nan,nan,nan,nan,nan,nan,nan,nan,nan,70,0,0.0,0,0.0,0.07484100121385251,0.3039332089974778,nan,nan,nan,nan,nan,nan,2.832205172406718,3.115651919065673,3.2773146368200745,0.27,0.3731872702454966,3.2010205502017186,nan,nan,0,nan,0,nan,nan,nan,0.07207020872719079,9.361048042002949
phase2_regression,nmpc_crossing_weighted,parameter_mismatch_high_k,103,True,True,1.280000000000001,1.280000000000001,90.22574386629526,0.2257438665758091,nan,,nan,nan,nan,nan,nan,nan,nan,nan,nan,43,0,0.0,0,0.0,0.04861269381200505,0.15664950000063982,nan,nan,nan,nan,nan,nan,0.11148565651612417,22.068851466788903,23.038063499730818,0.09,0.9150253125303196,22.23862696736478,nan,nan,0,nan,0,nan,nan,nan,0.19251558116665535,3.1689730000070995
phase2_regression,oracle_planner_nmpc_tracker,parameter_mismatch_high_k,103,True,True,1.7200000000000013,1.7200000000000013,90.04586730869896,0.045867308979516686,True,Solve_Succeeded,0.05718937498750165,13,2.941564423690245,1.7999999999999998,0.477862262410852,27.89111292840151,0.6069202842606982,0.046928487726560775,0.02595656692330972,172,0,0.0,0,0.0,0.017238966057680785,0.05126416699204128,0.03322408960712058,0.0869990016718955,1.3125291434018302,2.879701164892937,2.9601789521987456,3.1789462217011697,0.0,0.004908724643931619,0.1789462217011697,0.02,0.0019647738114378253,0.017531159442612854,1.1742037787842825,1.177777689434928,0,0.0,0,0.0,4.123749979232533,7.146296487205803,14.63701050319243,1.7360761250020005
phase2_regression,oracle_planner_nmpc_tracker_with_cem_fallback,parameter_mismatch_high_k,103,True,True,1.7200000000000013,1.7200000000000013,90.04586730869896,0.045867308979516686,True,Solve_Succeeded,0.05546787500497885,13,2.941564423690245,1.7999999999999998,0.477862262410852,27.89111292840151,0.6069202842606982,0.046928487726560775,0.02595656692330972,172,0,0.0,0,0.0,0.01759812497149078,0.05272420799883548,0.03322408960712058,0.0869990016718955,1.3125291434018302,2.879701164892937,2.9601789521987456,3.1789462217011697,0.0,0.004908724643931619,0.1789462217011697,0.02,0.0019647738114378253,0.017531159442612854,1.1742037787842825,1.177777689434928,0,0.0,0,0.0,4.123749979232533,7.146296487205803,14.63701050319243,1.7642749579972588
