case,component,rms_n,peak_n,at_human_total_peak_n,rms_ratio_to_command,peak_ratio_to_command
40/40,static,98.86143422275661,108.43928639818327,107.36170036056727,0.9970076421016681,0.8958282429123717
40/40,refdyn_increment,0.264848241286888,0.4284988394350166,0.06044153882179836,0.002670967932401609,0.0035398735566328147
40/40,feedback_increment,5.905713756131744,85.62502584462091,11.962548319873552,0.05955853051515761,0.7073572595272837
40/40,human_total,99.01642415285345,119.22809075012242,119.22809075012242,0.998570699991433,0.9849556797181982
40/40,command,99.15815089878257,121.04919358831891,120.72426250199221,1.0,1.0
40/40,physical,98.98642979694966,117.36567206253895,116.98319565807621,0.9982682099224683,0.9695700449000313
40/40,command_minus_human_total,2.7501749586295134,85.62502584461988,3.6100890212353973,0.027735238441838263,0.7073572595272752
40/40,execution_interface_residual,3.129320666182758,76.45641639177796,5.589463126309437,0.031558884850294025,0.6316144215863319
40/80,static,103.17890867231277,111.21194521407268,104.96669441955312,0.9596679091886363,0.5560597260704977
40/80,refdyn_increment,0.08954452831919037,0.15997939854358736,0.159109113804275,0.0008328544212875503,0.00079989699271813
40/80,feedback_increment,7.591605789073473,85.62502584462091,40.151665887903164,0.07060959016461735,0.4281251292232079
40/80,human_total,105.20865561046392,143.26178845003656,143.26178845003656,0.978546602764509,0.7163089422503558
40/80,command,107.5152223851548,199.9999999999517,196.91711541769268,1.0,1.0
40/80,physical,105.47203575941157,195.74084119983675,163.13562682844255,0.9809963037752564,0.9787042059994201
40/80,command_minus_human_total,18.24403921041599,118.17829491100994,94.25547997993262,0.16968796423133328,0.5908914745551924
40/80,execution_interface_residual,23.53910125787314,173.78105743633105,141.05834694990256,0.21893738147653508,0.8689052871818651
90/120,static,90.06813761221407,110.28532173011743,102.97443561453665,0.7871500157390429,0.5520107262190063
90/120,refdyn_increment,0.10977717551816103,0.1704570110955641,0.05918882179168869,0.0009593970490313546,0.0008531878676860015
90/120,feedback_increment,12.641514220778145,85.62502584462091,33.1590849415061,0.11048044715539267,0.4285786354658897
90/120,human_total,88.79454047892392,133.66535341395647,133.66535341395647,0.7760194202799602,0.6690347151447682
90/120,command,114.42309065782143,199.78836731220062,159.91171206659214,1.0,1.0
90/120,physical,110.04572673157959,157.98688398476838,140.0117319737438,0.9617440509509378,0.7907711850805064
90/120,command_minus_human_total,62.86907604860368,128.0065835042469,39.92600182714106,0.5494439600186262,0.6407108943646181
90/120,execution_interface_residual,26.448970122502796,123.49202030777067,60.730991866738975,0.23115063550937975,0.6181141673518711
120/120,static,95.65353586985893,109.03439979810926,83.89409622925375,0.9215045983125442,0.5451719989912376
120/120,refdyn_increment,0.09947835067590899,0.6411001666736558,0.03548077801025849,0.0009583520018028281,0.0032055008333723434
120/120,feedback_increment,8.639406215754338,85.62502584462091,40.36405703035803,0.08323009162295111,0.4281251292236474
120/120,human_total,100.95777300285421,123.68990819150903,123.68990819150903,0.9726044229467896,0.6184495409583294
120/120,command,103.80147429000282,199.9999999997464,131.95508364843528,1.0,1.0
120/120,physical,100.46706890598574,193.34225733478337,120.02515430163952,0.9678770903127893,0.9667112866751427
120/120,command_minus_human_total,19.17323236913811,194.5841892606858,23.394674438578782,0.18471059780491667,0.9729209463046627
120/120,execution_interface_residual,24.277450519015897,236.41425430379104,31.73912592853149,0.23388348465253034,1.1820712715204542
