case,alignment,quantity,bias,component_rmse,combined_rmse,peak_norm
ideal_200hz,aligned,human_q_deg,"[0.029489109177407272, 0.07803573004977901]","[0.03241157829162151, 0.08030262614477303]",0.06123325147785761,0.1423623276853969
ideal_200hz,aligned,human_dq_deg_s,"[0.0018784541179860201, 0.0038823605933590213]","[0.09621103551909746, 0.21458133969680185]",0.1662854694519811,10.36445786017693
ideal_200hz,aligned,cuff_position_mm,"[0.0, 0.0, 0.0]","[0.0, 0.0, 0.0]",0.0,0.0
ideal_200hz,aligned,cuff_orientation_deg,"[0.0, 0.0, 0.0]","[0.0, 0.0, 0.0]",0.0,0.0
ideal_200hz,aligned,cuff_force_n,"[0.0, 0.0, 0.0]","[0.0, 0.0, 0.0]",0.0,0.0
ideal_200hz,aligned,cuff_moment_nm,"[0.0, 0.0, 0.0]","[0.0, 0.0, 0.0]",0.0,0.0
ideal_200hz,aligned,robot_q_deg,"[0.0, 0.0, 0.0, 0.0, 0.0, 0.0]","[0.0, 0.0, 0.0, 0.0, 0.0, 0.0]",0.0,0.0
ideal_200hz,aligned,robot_dq_deg_s,"[0.0, 0.0, 0.0, 0.0, 0.0, 0.0]","[0.0, 0.0, 0.0, 0.0, 0.0, 0.0]",0.0,0.0
ideal_200hz,arrival_aligned,human_q_deg,"[0.029489109177407272, 0.07803573004977901]","[0.03241157829162151, 0.08030262614477303]",0.06123325147785761,0.1423623276853969
ideal_200hz,arrival_aligned,human_dq_deg_s,"[0.0018784541179860201, 0.0038823605933590213]","[0.09621103551909746, 0.21458133969680185]",0.1662854694519811,10.36445786017693
ideal_200hz,arrival_aligned,cuff_position_mm,"[0.0, 0.0, 0.0]","[0.0, 0.0, 0.0]",0.0,0.0
ideal_200hz,arrival_aligned,cuff_orientation_deg,"[0.0, 0.0, 0.0]","[0.0, 0.0, 0.0]",0.0,0.0
ideal_200hz,arrival_aligned,cuff_force_n,"[0.0, 0.0, 0.0]","[0.0, 0.0, 0.0]",0.0,0.0
ideal_200hz,arrival_aligned,cuff_moment_nm,"[0.0, 0.0, 0.0]","[0.0, 0.0, 0.0]",0.0,0.0
noise_200hz,aligned,human_q_deg,"[0.030739111962113277, 0.08037644524814501]","[0.1593916558067701, 0.1998300156205523]",0.18074531125832,0.7427532181212397
noise_200hz,aligned,human_dq_deg_s,"[-0.004965597725980444, -0.007372489705303752]","[1.4027743950767873, 1.7104800093650228]",1.5642119207320362,17.124710555410672
noise_200hz,aligned,cuff_position_mm,"[-0.004234429742121701, 0.0022565677932679033, 0.004057950407715232]","[0.8797386268961279, 0.10383516051904862, 1.04684416771263]",0.7917500665586864,2.889954459187532
noise_200hz,aligned,cuff_orientation_deg,"[0.0005721843755375235, 0.001191310781773164, 0.0012101857532610585]","[0.017791100447407535, 0.0828723003830607, 0.018094356735304504]",0.050039141917684354,0.3243550335020514
noise_200hz,aligned,cuff_force_n,"[-0.011386101706745574, -0.00023107187918070167, -0.06322672439414331]","[1.5111518752424886, 0.6504619037563556, 1.4501461605287453]",1.2661759442225369,54.535616077741516
noise_200hz,aligned,cuff_moment_nm,"[-0.0014142395569113975, -0.014499098586888486, -0.0002854106159128974]","[0.17472207547894802, 0.3717158068428129, 0.10678951124822064]",0.24502002940515505,12.805213808761533
noise_200hz,aligned,robot_q_deg,"[0.00020235699280637398, 8.772108590432308e-05, 0.000589246322989504, 0.00048714777522215454, 0.0008212063372160976, 3.9017992846917916e-05]","[0.06220000796758774, 0.10673843572891677, 0.07621726466506831, 0.10512746945909397, 0.07703148152888341, 0.06480737320527917]",0.08392122863060827,0.40307245306778516
noise_200hz,aligned,robot_dq_deg_s,"[0.0013422253590734516, -0.0012168172658130784, 0.00017961627240016136, -2.6309484123292505e-05, -0.0005445776381394642, -0.0022670553030317347]","[0.14985418737538256, 0.2449551944081719, 0.22804794030563402, 0.4883868773239423, 0.31181433127306507, 0.14070955650349798]",0.28577796924653326,2.690859385467979
noise_200hz,arrival_aligned,human_q_deg,"[0.030739111962113277, 0.08037644524814501]","[0.1593916558067701, 0.1998300156205523]",0.18074531125832,0.7427532181212397
noise_200hz,arrival_aligned,human_dq_deg_s,"[-0.004965597725980444, -0.007372489705303752]","[1.4027743950767873, 1.7104800093650228]",1.5642119207320362,17.124710555410672
noise_200hz,arrival_aligned,cuff_position_mm,"[-0.004234429742121701, 0.0022565677932679033, 0.004057950407715232]","[0.8797386268961279, 0.10383516051904862, 1.04684416771263]",0.7917500665586864,2.889954459187532
noise_200hz,arrival_aligned,cuff_orientation_deg,"[0.0005721843755375235, 0.001191310781773164, 0.0012101857532610585]","[0.017791100447407535, 0.0828723003830607, 0.018094356735304504]",0.050039141917684354,0.3243550335020514
noise_200hz,arrival_aligned,cuff_force_n,"[-0.011386101706745574, -0.00023107187918070167, -0.06322672439414331]","[1.5111518752424886, 0.6504619037563556, 1.4501461605287453]",1.2661759442225369,54.535616077741516
noise_200hz,arrival_aligned,cuff_moment_nm,"[-0.0014142395569113975, -0.014499098586888486, -0.0002854106159128974]","[0.17472207547894802, 0.3717158068428129, 0.10678951124822064]",0.24502002940515505,12.805213808761533
noise_bias_drift_200hz,aligned,human_q_deg,"[0.030739111962113277, 0.08037644524814501]","[0.1593916558067701, 0.1998300156205523]",0.18074531125832,0.7427532181212397
noise_bias_drift_200hz,aligned,human_dq_deg_s,"[-0.004965597725980444, -0.007372489705303752]","[1.4027743950767873, 1.7104800093650228]",1.5642119207320362,17.124710555410672
noise_bias_drift_200hz,aligned,cuff_position_mm,"[-0.004234429742121701, 0.0022565677932679033, 0.004057950407715232]","[0.8797386268961279, 0.10383516051904862, 1.04684416771263]",0.7917500665586864,2.889954459187532
noise_bias_drift_200hz,aligned,cuff_orientation_deg,"[0.0005721843755375235, 0.001191310781773164, 0.0012101857532610585]","[0.017791100447407535, 0.0828723003830607, 0.018094356735304504]",0.050039141917684354,0.3243550335020514
noise_bias_drift_200hz,aligned,cuff_force_n,"[1.9478146239022263, -1.344631616085914, 0.9663736384103448]","[2.4685614925191532, 1.5064756433538982, 1.7508805306408899]",1.951823706088252,53.54638633647212
noise_bias_drift_200hz,aligned,cuff_moment_nm,"[0.040065778583313116, -0.043683113099068145, 0.021602600268221694]","[0.1794474041329507, 0.3737498573078106, 0.10902802081859192]",0.24750584909673148,12.82149865638209
noise_bias_drift_200hz,aligned,robot_q_deg,"[0.00020235699280637398, 8.772108590432308e-05, 0.000589246322989504, 0.00048714777522215454, 0.0008212063372160976, 3.9017992846917916e-05]","[0.06220000796758774, 0.10673843572891677, 0.07621726466506831, 0.10512746945909397, 0.07703148152888341, 0.06480737320527917]",0.08392122863060827,0.40307245306778516
noise_bias_drift_200hz,aligned,robot_dq_deg_s,"[0.0013422253590734516, -0.0012168172658130784, 0.00017961627240016136, -2.6309484123292505e-05, -0.0005445776381394642, -0.0022670553030317347]","[0.14985418737538256, 0.2449551944081719, 0.22804794030563402, 0.4883868773239423, 0.31181433127306507, 0.14070955650349798]",0.28577796924653326,2.690859385467979
noise_bias_drift_200hz,arrival_aligned,human_q_deg,"[0.030739111962113277, 0.08037644524814501]","[0.1593916558067701, 0.1998300156205523]",0.18074531125832,0.7427532181212397
noise_bias_drift_200hz,arrival_aligned,human_dq_deg_s,"[-0.004965597725980444, -0.007372489705303752]","[1.4027743950767873, 1.7104800093650228]",1.5642119207320362,17.124710555410672
noise_bias_drift_200hz,arrival_aligned,cuff_position_mm,"[-0.004234429742121701, 0.0022565677932679033, 0.004057950407715232]","[0.8797386268961279, 0.10383516051904862, 1.04684416771263]",0.7917500665586864,2.889954459187532
noise_bias_drift_200hz,arrival_aligned,cuff_orientation_deg,"[0.0005721843755375235, 0.001191310781773164, 0.0012101857532610585]","[0.017791100447407535, 0.0828723003830607, 0.018094356735304504]",0.050039141917684354,0.3243550335020514
noise_bias_drift_200hz,arrival_aligned,cuff_force_n,"[1.9478146239022263, -1.344631616085914, 0.9663736384103448]","[2.4685614925191532, 1.5064756433538982, 1.7508805306408899]",1.951823706088252,53.54638633647212
noise_bias_drift_200hz,arrival_aligned,cuff_moment_nm,"[0.040065778583313116, -0.043683113099068145, 0.021602600268221694]","[0.1794474041329507, 0.3737498573078106, 0.10902802081859192]",0.24750584909673148,12.82149865638209
noise_bias_delay_200hz,aligned,human_q_deg,"[-0.05835052072125704, -0.020205830383552975]","[0.14320936330366446, 0.12595814571647546]",0.13485988323102943,0.6259639781899834
noise_bias_delay_200hz,aligned,human_dq_deg_s,"[0.10600037567668937, -0.011053024834074868]","[5.54055941776374, 1.7009195386107885]",4.098226807937697,47.10137473269474
noise_bias_delay_200hz,aligned,cuff_position_mm,"[0.4471045438032734, 0.008445116198569242, -0.4487837590828504]","[0.8962687242935843, 0.1054540746082353, 1.2083460926184362]",0.8707311999204219,6.196778742686486
noise_bias_delay_200hz,aligned,cuff_orientation_deg,"[-0.00030443019030032423, -0.011633913184513529, 8.832796875322145e-05]","[0.017930638720430457, 0.11250934063505713, 0.018033334524522403]",0.06659594754720749,0.6101974714870639
noise_bias_delay_200hz,aligned,cuff_force_n,"[1.8433962450575485, -1.20405670997838, 0.9094006167312461]","[4.774744549849849, 1.7503684996225268, 2.1605784181757]",3.1900927103496675,53.54638633647212
noise_bias_delay_200hz,aligned,cuff_moment_nm,"[0.035264907812481164, -0.03043164436249017, 0.018348714532570323]","[0.5088693304483232, 0.7130851524270457, 0.15318910265835461]",0.5134540976744659,12.82149865638209
noise_bias_delay_200hz,aligned,robot_q_deg,"[-0.03261010109405985, 0.02810988124142488, 0.027473425925330246, -0.043831248156317504, -0.009955543787570624, 0.03422072109898685]","[0.05601262084566119, 0.11039445549788683, 0.07784233128507205, 0.14703034130273507, 0.10258017352203878, 0.05620683950406422]",0.09719705080317989,1.1268268589704749
noise_bias_delay_200hz,aligned,robot_dq_deg_s,"[0.015598571734362132, -0.019472813215491495, -0.027585397347582745, 0.06765194039963814, -0.03856822005113585, -0.006619754979940738]","[0.5290754406414456, 0.7694333014441478, 1.0919122685623468, 2.8611319806204243, 1.557763425359167, 0.31071018009226525]",1.4590787473280755,31.367871034952167
noise_bias_delay_200hz,arrival_aligned,human_q_deg,"[-0.10948186351797087, -0.07965850547303817]","[0.23140550600319734, 0.2055066218280322]",0.21883953004857878,0.9952053876334421
noise_bias_delay_200hz,arrival_aligned,human_dq_deg_s,"[0.12644135725109026, -0.009843131331843781]","[6.77779852931662, 1.8929821551887958]",4.976039305706383,57.92289315336087
noise_bias_delay_200hz,arrival_aligned,cuff_position_mm,"[0.7021735280588842, 0.00844127039652817, -0.6997144741895894]","[1.4128170226531316, 0.10548379707263224, 1.8994784839588437]",1.3681127246400304,10.039937406405084
noise_bias_delay_200hz,arrival_aligned,cuff_orientation_deg,"[-0.00031403712136730344, -0.01996538901150756, 9.211118654936923e-05]","[0.018066078972306294, 0.17659813993917842, 0.018089685440540012]",0.10302187948642912,0.9514203693682791
noise_bias_delay_200hz,arrival_aligned,cuff_force_n,"[1.9370696162376155, -1.2184550504696607, 0.8965517901996405]","[7.237393043069758, 2.34129902513938, 3.0820084194379853]",4.738505920733515,75.99994226429872
noise_bias_delay_200hz,arrival_aligned,cuff_moment_nm,"[0.02959443593516589, -0.027741579028977607, 0.01944475587285902]","[0.8142134223130936, 1.120060528954635, 0.24054402341961287]",0.8114473720457436,18.718974751639777
noise_bias_delay_100hz,aligned,human_q_deg,"[-0.04764421476819582, -0.008409590039757216]","[0.1246814342907992, 0.11963787622307087]",0.12218568141148464,0.513176086978155
noise_bias_delay_100hz,aligned,human_dq_deg_s,"[0.07101817276543933, -0.01691181681562112]","[4.662754308012301, 2.180558434163408]",3.639787962346737,35.797601836446184
noise_bias_delay_100hz,aligned,cuff_position_mm,"[0.39756924243566977, 0.005630210903901961, -0.40209142366864964]","[0.772361865012457, 0.15013767175210382, 1.053948425530077]",0.7593618932327308,4.7781783151218145
noise_bias_delay_100hz,aligned,cuff_orientation_deg,"[-0.00028233326709460924, -0.011256276057109101, 0.0011159552665826313]","[0.024936808330122892, 0.09774946814538003, 0.02535104806444708]",0.06005408276535372,0.43548424499683364
noise_bias_delay_100hz,aligned,cuff_force_n,"[1.8456509945275437, -1.2030824788729737, 0.9215580197377202]","[3.6351214896901722, 1.6513163473985253, 1.9822128468990918]",2.5735916339106515,45.663137387569414
noise_bias_delay_100hz,aligned,cuff_moment_nm,"[0.03539348883438375, -0.03076646893639229, 0.017975853412465177]","[0.42285966203574477, 0.5842735480254291, 0.14974773068885688]",0.4252882377657413,11.317654424530142
noise_bias_delay_100hz,aligned,robot_q_deg,"[-0.02991783624169894, 0.024638432119064142, 0.02519791289204992, -0.039450197855984095, -0.009293696080504624, 0.03083420583473026]","[0.05097017330555327, 0.09961901645226949, 0.0682529726495192, 0.12493871600843459, 0.0916052106532915, 0.05064497006996432]",0.08538782666093706,0.7718443401199397
noise_bias_delay_100hz,aligned,robot_dq_deg_s,"[0.010012586059468094, -0.015149961451195362, -0.0195425029236491, 0.04826699122664447, -0.02727595795628417, -0.003672747577799806]","[0.4214238052245558, 0.6573251191557918, 0.8405582151822464, 2.1667877076632034, 1.200515173698656, 0.270240548261496]",1.1199291685399297,22.383565266612298
noise_bias_delay_100hz,arrival_aligned,human_q_deg,"[-0.11420935900008757, -0.08578855416427979]","[0.23379987007911882, 0.21978775439773318]",0.22690200112847309,0.9027154911491752
noise_bias_delay_100hz,arrival_aligned,human_dq_deg_s,"[0.08972318475418549, -0.016134393239313698]","[6.03974736410281, 2.5017385551112383]",4.622620686381098,48.88606626331413
noise_bias_delay_100hz,arrival_aligned,cuff_position_mm,"[0.7298574201920476, 0.00562549642443185, -0.7285798758905715]","[1.4073444134088606, 0.15018532675563995, 1.9273384402745009]",1.38055633637139,8.852343390327379
noise_bias_delay_100hz,arrival_aligned,cuff_orientation_deg,"[-0.00029785974155187604, -0.022081714655793942, 0.0011187439064169217]","[0.025124927945945973, 0.17650205124429577, 0.025420923892730696]",0.10397188637526494,0.8556687372719689
noise_bias_delay_100hz,arrival_aligned,cuff_force_n,"[1.8610598201044157, -1.2204919077066774, 0.9481119516845238]","[6.679364079265224, 2.5095990070356584, 3.400274337718592]",4.563399947818166,76.47234461302774
noise_bias_delay_100hz,arrival_aligned,cuff_moment_nm,"[0.04143366757576939, -0.02605924123436515, 0.017420281480975342]","[0.8592534567248337, 1.1579066410710204, 0.28935018283474934]",0.8490755405412902,18.960428256814463
