repetition_index,status,J_F_task_n_s,J_F_session_n_s,peak_force_n,moment_integral_nm_s,moment_session_integral_nm_s,peak_moment_nm,minimum_session_clearance_m,minimum_true_clearance_m_evaluation_only,completion_time_s,number_of_waypoint_decisions,human_model_sequence_after,physical_task_validity,scientific_validity,overall_baseline_scientific_result,scorer_v2
1,COMPLETE,498.28644707191484,498.6689450811778,108.71942970816471,55.26800705621663,55.32633119182545,14.435377459907963,0.01787124317737709,0.02560490714283214,5.5249999999871235,13,626,PASS,PASS,PASS,True
2,COMPLETE,501.52181763151714,502.6693076015212,108.75948175789674,55.579621836533136,55.7543923317189,14.41464542124955,0.017701395046810297,0.025640639976090725,5.560000000023633,13,903,PASS,PASS,PASS,True
3,COMPLETE,501.04253141426454,502.1904233778739,108.7703012126233,55.537596602862735,55.712355252846336,14.418723888757505,0.017767542310244643,0.02566348727854879,5.555000000026524,13,1179,PASS,PASS,PASS,True
4,COMPLETE,500.6739383250589,501.8215360153902,108.7576267173813,55.46878935344131,55.643516523766415,14.419280732273403,0.017772498602546743,0.025697256965636555,5.5500000000265,13,1455,PASS,PASS,PASS,True
5,COMPLETE,500.1854486463062,501.33289462018996,108.76480776681638,55.42866828971823,55.60339094998645,14.422404993030502,0.01779075966069765,0.025713425279854898,5.5450000000264765,13,1731,PASS,PASS,PASS,True
6,COMPLETE,500.185484604544,501.3324060591485,108.77045743204125,55.42840272165332,55.60308051357959,14.424339134331724,0.01779571155238972,0.02573618863825373,5.5450000000264765,13,2007,PASS,PASS,PASS,True
7,COMPLETE,499.69123512621763,500.838324194242,108.77501588067608,55.38884724726803,55.5636018900804,14.42508326791617,0.01780460041380456,0.02574983924131016,5.540000000026453,13,2283,PASS,PASS,PASS,False
8,COMPLETE,499.68798636894826,500.8358535277794,108.77891006067674,55.388615189188485,55.5635358799551,14.425568674218603,0.01780669161756215,0.025768433017877217,5.540000000026453,13,2559,PASS,PASS,PASS,False
9,COMPLETE,499.68573417007053,500.833574663156,108.78205321521831,55.38873832980437,55.56369816819193,14.425634807613468,0.01781275446030962,0.025777533076432723,5.540000000026453,13,2835,PASS,PASS,PASS,True
10,COMPLETE,499.6329125983948,500.7807497625094,108.78434115459879,55.39291595627911,55.567804781993416,14.425690616196992,0.01781914589797688,0.025812852818548403,5.53999999998026,13,3111,PASS,PASS,PASS,True
11,COMPLETE,501.0491752771967,502.19636889077856,108.7858224322758,55.52660259919507,55.701315093927555,14.426241527735247,0.01787580356441405,0.02578834730151208,5.554999999868642,13,3387,PASS,PASS,PASS,True
12,COMPLETE,501.03958239736573,502.1864631725339,108.78584442359711,55.52796565733356,55.702763316783006,14.422349631530816,0.017857676835433985,0.025788046577183584,5.554999999868642,13,3663,PASS,PASS,PASS,True
13,COMPLETE,501.03600039443785,502.18285331985163,108.78676320811063,55.52811269936726,55.70293628509977,14.42195227763552,0.01785784420758851,0.025788967203970805,5.554999999868642,13,3939,PASS,PASS,PASS,True
14,COMPLETE,501.0318451967317,502.17867186117576,108.78730041193373,55.528355237824314,55.7032064195398,14.421432152368752,0.017858863287857418,0.025790004005373398,5.554999999868642,13,4215,PASS,PASS,PASS,True
15,COMPLETE,500.6452005252069,501.7920623685774,108.78754205199911,55.469971762272834,55.644876216486125,14.420817968596936,0.017859969077005055,0.0257910836820749,5.54999999986876,13,4491,PASS,PASS,PASS,True
16,COMPLETE,500.64209314833346,501.78904990304017,108.7877738868701,55.47021012480633,55.64518973101206,14.42109189787919,0.017825361251065024,0.025790807104518445,5.54999999986876,13,4767,PASS,PASS,PASS,True
17,COMPLETE,501.1294240960538,502.27641089363345,108.7876113350343,55.50999071234742,55.68500333020743,14.420338006464196,0.017825579434299823,0.02580031354434997,5.554999999868642,13,5043,PASS,PASS,PASS,True
18,COMPLETE,501.1247042497608,502.2717533205428,108.78713015854767,55.510560045323444,55.68560329447286,14.418751169591356,0.017832173415561366,0.025801512511478077,5.554999999868642,13,5319,PASS,PASS,PASS,True
19,COMPLETE,501.12000181212295,502.2670287042555,108.78667551350787,55.51093830341385,55.686007613616425,14.418006380178765,0.01783340588614211,0.025802477356156202,5.554999999868642,13,5595,PASS,PASS,PASS,True
20,COMPLETE,501.1154704485874,502.2624760971449,108.78614237628858,55.511306151389135,55.68640022699528,14.417271207882687,0.017834467336215836,0.025803371123171406,5.554999999868642,13,5871,PASS,PASS,PASS,True
21,COMPLETE,501.11114573470445,502.25813145953623,108.78554894041639,55.511662460516874,55.68677984777841,14.416558202614867,0.01783547152350799,0.025804191275627147,5.554999999868642,13,6147,PASS,PASS,PASS,True
22,COMPLETE,501.10705588183896,502.2540230550514,108.78491253820192,55.512003699900646,55.6871428459418,14.415874011006348,0.01783641529662484,0.025804933031183874,5.554999999868656,13,6423,PASS,PASS,PASS,True
23,COMPLETE,501.10321951645267,502.250169527406,108.78417491479867,55.51232728242334,55.6874865789281,14.415224030719024,0.01783729421710607,0.025805595245815143,5.554999999868642,13,6699,PASS,PASS,PASS,True
24,COMPLETE,501.5478067236895,502.69482967743795,108.80130226738827,55.564698903384325,55.739888682743306,14.41461160934922,0.01785860836246386,0.02580778058094303,5.5599999998685234,13,6976,PASS,PASS,PASS,True
25,COMPLETE,501.5440887823712,502.6912813598335,108.80105279431717,55.56495176483823,55.74018320860006,14.414930406383256,0.017860991013275967,0.02580833317599422,5.5599999998685234,13,7253,PASS,PASS,PASS,True
26,COMPLETE,501.541080919274,502.68825773642766,108.80075812905388,55.565211680450396,55.74045799198722,14.414378068262174,0.017861706318016115,0.025808736913256466,5.5599999998685234,13,7530,PASS,PASS,PASS,True
27,COMPLETE,501.5383467365022,502.68550941759474,108.80044252807434,55.56544827565088,55.74070801304294,14.413866185618282,0.017862289972045847,0.025809059515001172,5.5599999998685234,13,7807,PASS,PASS,PASS,False
28,COMPLETE,501.5358689923615,502.68301889236466,108.80012943906017,55.565660983249096,55.74093286704569,14.413399979595182,0.01786279009515924,0.025809317596378747,5.5599999998685234,13,8084,PASS,PASS,PASS,True
29,COMPLETE,501.53364028261086,502.68077796291965,108.79982408776175,55.56585196926246,55.7411346582506,14.412977251583095,0.017863225550340003,0.02580951260247252,5.5599999998685234,13,8361,PASS,PASS,PASS,True
30,COMPLETE,501.5316382452915,502.29632600258435,108.79953048448729,55.56602321439528,55.682830493363134,14.41258891958492,0.017863598631170385,0.0258096586932061,5.5599999998685234,13,8638,PASS,PASS,PASS,True
