method,input_source,condition,n,one_step_state_prediction_rmse_mean,five_step_state_prediction_rmse_mean,ten_step_state_prediction_rmse_mean,predicted_omega_rmse_mean,predicted_alpha_rmse_mean,predicted_alpha_p95_error_mean,parameter_update_total_variation_mean,maximum_single_update_mean,parameter_bound_hit_rate_mean,optimizer_failure_count_mean,low_excitation_window_fraction_mean,locally_distinguishable_fraction_mean,m_absolute_error_mean_mean,m_relative_error_mean_mean,m_rmse_mean,m_median_error_mean,m_p95_error_mean,m_maximum_error_mean,m_planner_time_error_mean,m_final_error_mean,m_fraction_inside_10pct_mean,predicted_alpha_rmse_if_m_oracle_mean,predicted_alpha_error_reduction_from_m_mean,k_absolute_error_mean_mean,k_relative_error_mean_mean,k_rmse_mean,k_median_error_mean,k_p95_error_mean,k_maximum_error_mean,k_planner_time_error_mean,k_final_error_mean,k_fraction_inside_10pct_mean,predicted_alpha_rmse_if_k_oracle_mean,predicted_alpha_error_reduction_from_k_mean,b_r_absolute_error_mean_mean,b_r_relative_error_mean_mean,b_r_rmse_mean,b_r_median_error_mean,b_r_p95_error_mean,b_r_maximum_error_mean,b_r_planner_time_error_mean,b_r_final_error_mean,b_r_fraction_inside_10pct_mean,predicted_alpha_rmse_if_b_r_oracle_mean,predicted_alpha_error_reduction_from_b_r_mean
windowed_nls_current,ukf_filtered,clean,3,0.030055700450055498,0.09934749422379108,0.1671747256845981,0.017315707708995466,1.7315707708995465,0.7848801446879272,276.48602959722405,50.18535338111152,0.0,0.0,0.0,1.0,0.02529747568691622,0.021081229739096857,0.05347280122366146,0.005535377383996565,0.0822398549040404,0.25,0.25,0.0822398549040404,0.9684542586750787,0.3399794242143996,1.391591346685147,131.84193811640407,0.2929820847031202,138.8041578067848,112.55066079618581,222.50152972628408,226.11494908888668,90.0,86.5272334027174,0.0,1.6845014819864028,0.04706928891314366,6.115356023976755,0.33974200133204197,6.39760689227185,6.645576805748256,7.792118164706335,7.793723357488129,6.0,7.667550974837951,0.0,1.712691767120661,0.018879003778885517
windowed_nls_huber,ukf_filtered,clean,3,0.032144138828569764,0.11357780338314537,0.19399079415541162,0.020350435369509343,2.0350435369509343,5.301840705364091,287.41047947975756,46.57101507542736,0.0,0.0,0.0,1.0,0.03683534202745925,0.030696118356216037,0.06690867184782308,0.009961082589222459,0.16636693260010005,0.25,0.25,0.16636693260010005,0.8832807570977917,0.3596511248284883,1.675392412122446,131.89475440615183,0.2930994542358929,139.41104180114607,110.34851036481666,214.5674265320289,215.37019260689837,90.0,62.89771352621659,0.0,1.9753190926061404,0.05972444434479396,6.714046082750483,0.3730025601528046,7.421567671176972,7.018933285219504,11.489035742801947,11.86425998696395,6.0,4.49792538109245,0.06309148264984227,2.0214784627383993,0.013565074212535055
windowed_nls_cauchy,ukf_filtered,clean,3,0.03214621835872037,0.11358626071640678,0.19400384083527963,0.0203529117627469,2.03529117627469,5.30484019807917,287.756817125189,47.64264098402659,0.0,0.0,0.0,1.0,0.03683647307157029,0.030697060892975234,0.06691187021425841,0.009960238368562413,0.166365959293447,0.25,0.25,0.166365959293447,0.8832807570977917,0.3595986507852715,1.6756925254894182,132.01727653684142,0.29337172563742536,139.57036278894816,110.33148173958546,214.7567940432389,215.5681040214746,90.0,62.89637709280271,0.0,1.9755387772489819,0.05975239902570806,6.688616638499474,0.3715898132499708,7.4011117633840895,6.9920803866452275,11.494158201144183,11.866843068655461,6.0,4.458152747303927,0.06309148264984227,2.021756743345652,0.013534432929037887
windowed_nls_current,ukf_filtered,initial_theta_offset,3,0.022210701567699585,0.08149177424750316,0.15329339941266523,0.015950554492885526,1.5950554492885527,1.2500050429735847,268.62165712879477,43.14085294221241,0.0,0.0,0.05714285714285714,1.0,0.06451065587565634,0.05375887989638028,0.10091251232751138,0.023449185851336152,0.23708277751052065,0.25,0.25,0.2448869898656405,0.7692307692307693,0.20378016127879525,1.3912752880097574,85.95415076089525,0.19100922391310052,99.53766027194388,77.14853986808572,173.13708188942599,178.84486912060572,90.0,0.6888963382360203,0.23076923076923075,1.6024086142212555,-0.0073531649327027715,2.4038469741342,0.1335470541185667,3.1029520332415697,1.4402587008796175,5.920047532444567,6.0,6.0,0.6831287694105121,0.5726495726495726,1.6024471486487908,-0.007391699360238091
windowed_nls_huber,ukf_filtered,initial_theta_offset,3,0.024580934035498183,0.09564227148882655,0.17985464256657782,0.018849526194127438,1.8849526194127442,4.995048649227449,513.4077285089897,103.77051662444849,0.0,0.0,0.05714285714285714,1.0,0.0861003732676463,0.07175031105637195,0.14687428587208315,0.027023555053900195,0.3919639781565658,0.5515131641799578,0.25,0.5515131641799578,0.7692307692307693,0.21852691266425253,1.6664257067484913,100.93231520259637,0.2242940337835475,120.08506116940698,76.62373618415927,246.22513435433885,251.26685095229516,90.0,94.92461854131875,0.14245014245014245,1.9050636320334202,-0.02011101262067605,6.0880125645367995,0.33822292025204437,8.883529217492502,2.648032008862195,21.059983042076333,21.772334457264833,6.0,6.797104364890657,0.31339031339031337,1.8836476244713303,0.001304994941413895
windowed_nls_cauchy,ukf_filtered,initial_theta_offset,3,0.024562043086278917,0.09552711348583205,0.17963302048399502,0.018827027969639767,1.8827027969639767,4.975702141375889,513.4376209727741,102.22824327385653,0.0,0.0,0.05714285714285714,1.0,0.08610436604108158,0.07175363836756796,0.1469661236124101,0.02699178976825789,0.392149102976719,0.5531485085629828,0.25,0.5531485085629828,0.7692307692307693,0.21834704110819647,1.6643557558557802,100.85735372612805,0.224127452724729,119.9365644737677,76.62553988638234,245.44390703279512,251.0184514662552,90.0,95.43391090321416,0.14245014245014245,1.9025133718564913,-0.019810574892514587,6.121666455586289,0.3400925808659048,8.94439553311943,2.6586266293270597,21.25782094774857,22.003237659560984,6.0,6.830538071008004,0.31339031339031337,1.881441169935117,0.0012616270288596798
windowed_nls_current,ukf_filtered,noise,3,0.0321052670775959,0.09546414329204811,0.16737386381876865,0.017456559710322138,1.7456559710322137,1.6829594605957678,304.99726585432603,50.45108029793787,0.0,0.0,0.0,1.0,0.038482816992078096,0.03206901416006508,0.08235106254283368,0.005551583205470297,0.23164718534340586,0.3395531890874884,0.25,0.2920741243868668,0.8884050565822972,0.37172650678223557,1.3739294642499782,166.42172401181472,0.36982605335958824,169.57176680733428,157.07457759638308,226.90630610712267,241.3114268052675,90.0,220.2397884680972,0.0,1.6903848142743494,0.05527115675786409,3.8630240878780433,0.21461244932655799,4.679760528090349,3.1017882996157695,9.10317237444298,9.598395682164238,6.0,9.596989298117052,0.2851689357228129,1.7360660358755824,0.009589935156631238
windowed_nls_huber,ukf_filtered,noise,3,0.03278767842538892,0.10692878219705178,0.1945582929944786,0.0205550482381321,2.05550482381321,5.447139068950172,325.8286768593795,80.5408881997836,0.0,0.0,0.0,1.0,0.0382876703328664,0.03190639194405533,0.0779971099349179,0.007778968080472071,0.21797021204247768,0.33299519705766273,0.25,0.2592730609704576,0.878334563128118,0.38313726021902333,1.6723675635941866,169.03487533564453,0.37563305630143223,172.17508981999345,154.536918251279,222.58362978276156,238.55611620652505,90.0,213.5344103645755,0.0,1.990049220060482,0.06545560375272792,9.793710461180465,0.5440950256211369,13.14857274756852,6.106780230962795,26.18623855818122,26.593119279025462,6.0,24.333120442913387,0.15279971976850124,2.0502977401691322,0.005207083644077848
windowed_nls_cauchy,ukf_filtered,noise,3,0.03278981810494292,0.10692195351572413,0.19452127433045197,0.020553953881262188,2.0553953881262186,5.4669006965610505,323.61217170276024,79.85912452552525,0.0,0.0,0.0,1.0,0.03801082974407236,0.03167569145339364,0.07730120474793871,0.007475377887800727,0.21374202284905033,0.3273579862362074,0.25,0.25568421435406374,0.878334563128118,0.38341942393558553,1.671975964190633,168.99963064242547,0.3755547347609454,172.12501238881228,155.1611894745486,222.40318899786564,237.5664610361257,90.0,212.59113820954792,0.0,1.9893160384575281,0.06607934966869038,9.83683498839001,0.5464908326883339,13.16568973340292,6.133027988831789,26.200557986552354,26.600278992950198,6.0,24.643020733473687,0.15279971976850124,2.0503202171589376,0.00507517096728094
windowed_nls_current,ukf_filtered,noise_bias,3,0.031042173138938506,0.09528260420467068,0.1708756773268089,0.017763106987793018,1.7763106987793018,1.5516569439742665,271.7887433382527,65.92923901561528,0.0,0.0,0.0,1.0,0.02666952204638991,0.022224601705324924,0.06032698974200985,0.005583875498886985,0.14751162977752608,0.2521459948746693,0.25,0.18536397786486633,0.9299336527465595,0.3602804454412405,1.4160302533380615,160.087449296799,0.3557498873262201,163.06881175124406,150.28683239284604,213.6999837395377,214.3127205583694,90.0,186.1187952796704,0.0,1.726118460276238,0.050192238503063834,4.168760033195269,0.23159777962195938,4.934779351850767,3.8249841296207983,8.938987084991343,9.747309459549905,6.0,9.747309459549905,0.22840893655988892,1.7680227682385914,0.00828793054071042
windowed_nls_huber,ukf_filtered,noise_bias,3,0.03205017688122947,0.10755757909790115,0.19845535505102152,0.02093612332154809,2.093612332154809,5.562502723525469,282.27588793195633,93.65607948389595,0.0,0.0,0.0,1.0,0.028803132311409612,0.02400261025950801,0.05992850933781221,0.007022503758870036,0.1418190598957433,0.25034061690372916,0.25,0.12759974610086292,0.917234621940052,0.3706051031974876,1.7230072289573215,160.27407268969174,0.3561646059770928,162.9871439837256,149.1293209102563,204.4034438796883,209.16522759018935,90.0,172.66395419450737,0.0,2.03159307706269,0.06201925509211866,10.387270106099566,0.5770705614499759,13.318806531963789,7.355635830355259,25.968864527433855,26.553588446266605,6.0,26.553588446266605,0.14041146908176363,2.088189881285867,0.005422450868941997
windowed_nls_cauchy,ukf_filtered,noise_bias,3,0.03205736708875301,0.10755282407157733,0.19840601904514835,0.020935015133589252,2.093501513358925,5.580116547697005,282.637133811437,94.38259168255001,0.0,0.0,0.0,1.0,0.028577880535160773,0.023814900445967315,0.05979955280259305,0.007862156709463516,0.1412412900813482,0.25,0.25,0.12678448737010764,0.917234621940052,0.3713353219806114,1.7221661913783137,160.54580109837156,0.35676844688527015,163.31210627657757,149.09238267745704,204.78456557850416,210.55292350200247,90.0,172.44550127900354,0.0,2.0307270698079463,0.06277444355097894,10.389514516090218,0.577195250893901,13.294311445019815,7.588972591673476,26.009656138335288,26.574115103302233,6.0,26.574115103302233,0.1519855431558377,2.0882038758654278,0.005297637493497653
windowed_nls_current,ukf_filtered,stronger_noise,3,0.03560042704751446,0.09600083292815524,0.16821117013011444,0.019478711918254996,1.9478711918254994,2.3310989475113786,417.84074239827584,98.81974389137277,0.0519047619047619,0.0,0.0,1.0,0.03472205529680955,0.02893504608067463,0.071151760897368,0.00934438231954123,0.1650284107775395,0.2777172665596853,0.25,0.2218500502493246,0.9034360585032696,0.4212763214946573,1.526594870330842,204.12683480044032,0.4536151884454229,207.74954736642212,191.80459965066197,265.9858460081295,273.3016312416474,90.0,237.04519957312309,0.0,1.8832422884304976,0.06462890339500198,13.298641929058087,0.7388134405032272,14.879097158455366,13.298022345793242,23.56750619316719,24.63982049704498,6.0,24.63982049704498,0.05180346161903257,1.9644758641582005,-0.01660467233270113
windowed_nls_huber,ukf_filtered,stronger_noise,3,0.03671344093994943,0.1081506364983257,0.1958060920271462,0.02169433091475352,2.1694330914753515,4.6534079020074595,402.20399797668256,94.73469575188024,0.0,0.0,0.0,1.0,0.04309856573319884,0.03591547144433237,0.07302524832539142,0.017592018715926933,0.18276338286566587,0.25,0.25,0.17861664983594439,0.8874549626143882,0.4376616815081705,1.7317714099671815,208.92905047781628,0.46428677883959185,212.33725379518296,198.83374922488917,275.78423643189893,282.44858186130995,90.0,227.64843131590644,0.0,2.0793002103231486,0.0901328811522033,17.757853581551355,0.9865474211972974,19.055694058744077,17.565434232425943,26.877337509376,26.950197248464814,6.0,26.747285397130653,0.011737089201877935,2.196427517333571,-0.026994425858219467
windowed_nls_cauchy,ukf_filtered,stronger_noise,3,0.036703856066617684,0.10796826322333218,0.19547531024246576,0.021667610587379815,2.166761058737982,4.67724663725449,399.352433040388,93.82241867697796,0.0,0.0,0.0,1.0,0.04263767429374941,0.03553139524479118,0.07245165583605018,0.01702991779372624,0.18111722856369794,0.25,0.25,0.18043867512142633,0.8808412060006315,0.4378794646309208,1.728881594107061,208.6767210236077,0.46372604671912826,212.02645110243995,199.59007614531424,274.7626083762901,281.031659135959,90.0,228.18460574347577,0.0,2.0744543431220066,0.09230671561597521,17.798627075019464,0.9888126152788592,19.077008189470423,17.55528144596207,26.86407610544029,26.928370044952118,6.0,26.903720549316645,0.011737089201877935,2.1940298263700093,-0.027268767632027496
windowed_nls_current,ukf_filtered,mass_mismatch,3,0.03426224315296176,0.14964250511836058,0.33267979032432077,0.028773749765297976,2.8773749765297976,0.6847408217368134,434.1841842776098,78.51163775025884,0.0,0.0,0.32142857142857145,1.0,0.16973525888568533,0.14144604907140448,0.2404460706544811,0.09171604848090498,0.42531248948333666,0.5499999999999999,0.5499999999999999,0.4280883275387535,0.5525846702317291,0.23537959716498233,2.641995379364815,81.26562978641647,0.18059028841425884,100.49179904453827,73.04290377990185,174.47273137441184,236.89017868595963,90.0,39.3773596967398,0.411764705882353,2.882640427109345,-0.005265450579547082,8.676850377050057,0.4820472431694475,9.021830968431363,8.042510964025958,14.26849266445572,14.923809804142827,6.0,8.043477985791757,0.017825311942959002,2.8801254354601955,-0.0027504589303979365
windowed_nls_huber,ukf_filtered,mass_mismatch,3,0.040313817435672056,0.181419491067237,0.3824137554526961,0.036044801317964316,3.6044801317964317,6.258354044732464,549.1851942322847,105.1487239863405,0.07142857142857142,0.0,0.32142857142857145,1.0,0.3039019298748473,0.25325160822903936,0.45085830448424574,0.10190463736673117,0.7999870922613616,0.7999983865323385,0.5499999999999999,0.7999983865323385,0.5169340463458111,0.23914476859992448,3.365335363196507,123.08903591204081,0.2735311909156463,134.73682843747636,144.61747577995243,223.86118595210334,236.3419318429046,90.0,151.34430940895277,0.08912655971479501,3.6346534871862617,-0.030173355389830014,14.926337579349202,0.8292409766305112,17.077167758367448,12.552178371670465,26.998970537054532,26.99987131700388,6.0,26.99987131700388,0.017825311942959002,3.5967892409355766,0.00769089086085506
windowed_nls_cauchy,ukf_filtered,mass_mismatch,3,0.0402235931860109,0.18095473415065996,0.38168307603179114,0.03594469439753037,3.5944694397530372,6.202073862279952,548.908498479526,105.18468111640009,0.07142857142857142,0.0,0.32142857142857145,1.0,0.3038677392407989,0.25322311603399905,0.4508472329021112,0.10193960008997105,0.7999871021113695,0.7999983877634177,0.5499999999999999,0.7999983877634177,0.5169340463458111,0.23860626209841254,3.3558631776546246,123.09155087977693,0.2735367797328376,134.74700829499133,144.6232793086541,225.74791778171289,236.2717247335896,90.0,151.3440077075379,0.08912655971479501,3.6243598408765436,-0.029890401123506383,14.942131302605127,0.830118405700285,17.105229881513765,12.628805672253115,26.998968971017916,26.999871121160595,6.0,26.999871121160595,0.017825311942959002,3.586355993305885,0.008113446447152395
windowed_nls_current,ukf_filtered,parameter_mismatch_low_k,3,0.04056633955269902,0.13280697398090893,0.16666048059060545,0.017185754952734503,1.7185754952734502,1.2823273679547387,233.37446492040263,30.347701114315857,0.0,0.0,0.0588235294117647,1.0,0.04336580346262969,0.036138169552191415,0.07496182312521346,0.009679854107222496,0.1549138102364902,0.25,0.25,0.1599013228237678,0.847953216374269,0.4537069974448918,1.2648684978285585,173.09636457294403,0.38465858793987556,179.39605591522874,155.32460062612512,260.9662843809045,261.68473403199744,180.0,111.79683597992823,0.0,1.6326629060057858,0.08591258926766443,9.448948556600671,0.5249415864778151,10.336594267113092,11.345494444630097,13.623894534898277,13.628808918665788,6.0,13.622983550005024,0.0,1.6952067264929374,0.02336876878051286
windowed_nls_huber,ukf_filtered,parameter_mismatch_low_k,3,0.04270288447364929,0.14989168623122387,0.19554865711489133,0.020333041130483082,2.0333041130483083,5.634274698664676,338.34088774073996,43.39706120708818,0.0,0.0,0.0588235294117647,1.0,0.07105820570482811,0.059215171420690084,0.1332685715125826,0.017135886860172755,0.3120492370686023,0.6258431605717212,0.25,0.6258431605717212,0.7894736842105262,0.48763266482163087,1.5456714482266776,167.37009165458255,0.37193353701018345,176.15484174653935,154.00937704277226,254.2598184562944,254.8655107423168,180.0,4.2556244528349225,0.03508771929824561,1.93587186171165,0.09743225133665834,10.68454408335928,0.5935857824088487,11.600277525491142,11.255859838444133,15.91187151930948,15.955935759654741,6.0,6.123188562436152,0.029239766081871343,2.009335701931368,0.02396841111694048
windowed_nls_cauchy,ukf_filtered,parameter_mismatch_low_k,3,0.04268492067780238,0.1497532872865556,0.19531630793018004,0.020310815228563373,2.0310815228563373,5.614755382217029,339.31360026472953,43.38802679962753,0.0,0.0,0.0588235294117647,1.0,0.07103862373376728,0.059198853111472716,0.13326270175805088,0.017135159072982686,0.3120842699548463,0.6258791776606809,0.25,0.6258791776606809,0.7894736842105262,0.4867486529152865,1.5443328699410508,167.61902751558594,0.37248672781241327,176.47829163343349,154.00876069753747,254.9073913335902,255.3800775001722,180.0,4.264795106619772,0.03508771929824561,1.9337210506150582,0.09736047224127908,10.558815964091291,0.5866008868939607,11.528533856652215,11.194768304282485,15.911588964825448,15.955794482412722,6.0,6.098552305614287,0.029239766081871343,2.0073541820402365,0.023727340816100728
windowed_nls_current,ukf_filtered,parameter_mismatch_high_k,3,0.01728426301955429,0.08418289424254104,0.1694087602471375,0.017182799205606294,1.7182799205606294,1.1220311989839582,168.0792110343882,45.53990199194762,0.0,0.0,0.0,1.0,0.010803809463118144,0.009003174552598454,0.045865070354189914,0.0011439769560070978,0.032991613765281924,0.25,0.25,0.005546594021436091,0.9669966996699669,0.057606722845265114,1.6606731977153644,16.371284405922715,0.03638063201316159,37.40101755858472,4.491399123915869,114.1639389991642,150.0,150.0,3.7088561467089107,0.900990099009901,1.7377015408769667,-0.019421620316337318,7.084749096693135,0.39359717203850747,7.097454449295063,6.99866465256148,7.726347679100759,7.801441959060948,6.0,6.705765271925355,0.0,1.7065248661804884,0.011755054380140795
windowed_nls_huber,ukf_filtered,parameter_mismatch_high_k,3,0.02043306825486109,0.10000444784111562,0.1989934683261073,0.0203540641050147,2.0354064105014698,5.427767308830678,167.8145389455676,61.834415486263566,0.0,0.0,0.0,1.0,0.018650708014942265,0.015542256679118552,0.05380880066638385,0.0010883343556786773,0.13577244486470907,0.25,0.25,0.011944720657786068,0.933993399339934,0.05741660681375745,1.9779898036877122,13.326692620819614,0.029614872490710254,32.954991794383034,4.369138940751554,88.20194632883613,150.0,150.0,1.346182332050887,0.933993399339934,2.057257884042451,-0.02185147354098138,6.3808483373338705,0.3544915742963261,6.777708129673171,6.64073571384228,9.485911930395691,9.547211307845469,6.0,0.12208696754491655,0.07590759075907591,2.0288383515942443,0.006568058907225449
windowed_nls_cauchy,ukf_filtered,parameter_mismatch_high_k,3,0.020410179619933865,0.09987853259300843,0.19874909770522342,0.020331517505351022,2.033151750535102,5.408175610921087,167.9224093932846,63.986406319597876,0.0,0.0,0.0,1.0,0.018616396249569452,0.015513663541307876,0.053750172427449804,0.0011473220694961928,0.13528393274147477,0.25,0.25,0.01194287351932144,0.933993399339934,0.056932894904504795,1.9762188556305975,13.255155896123682,0.029455901991385963,32.68220595622473,4.370339142254863,86.04090400823179,150.0,150.0,1.3463878743297641,0.933993399339934,2.054769892424606,-0.02161814188950384,6.2881623359387,0.3493423519965944,6.656185705636834,6.64181240858376,9.098405283558822,9.15359562466336,6.0,0.13595332449157382,0.07590759075907591,2.0264036129918566,0.006748137543245658
windowed_nls_current,true_state_diagnostic,clean,3,0.016949310533538226,0.08210551648381298,0.1651415385393724,0.016927423183745263,1.692742318374526,0.06498014198442759,105.45270723362627,22.82670452133767,0.0,0.0,0.0,1.0,0.00804757022729561,0.00670630852274634,0.04440426758990265,6.104286347197174e-05,0.001591517705654244,0.25,0.25,7.988299741690241e-06,0.9684542586750787,0.022844415154759268,1.669897903219767,9.554616500227688,0.021232481111617085,22.513223585947554,1.2155365671716822,67.39247214140318,90.0,90.0,0.004784074060523835,0.9369085173501577,1.6820508764001456,0.010691441974380433,1.6406131869639686,0.09114517705355381,2.2346143612327687,0.8379876122751782,5.1402051055160936,6.0,6.0,0.5210583151339101,0.6845425867507885,1.6784389074773645,0.014303410897161584
windowed_nls_huber,true_state_diagnostic,clean,3,0.019762042015781973,0.09588069133365411,0.19061447987198046,0.01974007273224465,1.974007273224465,5.149104473016537,90.20012468675911,45.10168842592484,0.0,0.0,0.0,1.0,0.015772864426361846,0.013144053688634876,0.051271930412594764,7.629381918672351e-06,0.12499991905078844,0.25,0.25,1.1643974673347657e-10,0.9369085173501577,0.020327544514316162,1.953679728710149,5.678161469222691,0.01261813659827265,18.45774632466013,0.002746365100051662,44.998345678178794,90.0,90.0,4.19085495195759e-08,0.9684542586750787,1.96141964361919,0.012587629605275374,0.3785876577693856,0.021032647653854753,1.2305731809697258,0.00018330045833891973,3.000369664729318,6.0,6.0,3.889610411533795e-09,0.9369085173501577,1.9623489642812757,0.011658308943189422
windowed_nls_cauchy,true_state_diagnostic,clean,3,0.019762042015903834,0.09588069133396178,0.19061447987247296,0.019740072732360045,1.9740072732360041,5.1491044731266085,90.20012468675894,45.10168836807841,0.0,0.0,0.0,1.0,0.015772864426438833,0.013144053688699026,0.05127193041271864,7.6293819184503064e-06,0.1249999190519866,0.25,0.25,1.164399687780815e-10,0.9369085173501577,0.020327544516985378,1.9536797287190188,5.678161472885125,0.012618136606411388,18.457746330653695,0.002746365102893833,44.99834573663611,90.0,90.0,4.190849267615704e-08,0.9684542586750787,1.9614196436265725,0.01258762960943205,0.3785876572846112,0.021032647626922838,1.2305731802052617,0.0001833004579978592,3.0003696574935503,6.0,6.0,3.88926935102063e-09,0.9369085173501577,1.9623489642911602,0.011658308944844098
windowed_nls_current,true_state_diagnostic,initial_theta_offset,3,0.015658121986709433,0.07549201408076027,0.14987295095611217,0.01563238871359555,1.5632388713595546,0.1282742042901967,109.26985221397494,38.573870772574914,0.0,0.0,0.05714285714285714,1.0,0.007553073856760244,0.0062942282139668735,0.04221657434496387,1.5224157085436119e-05,0.006420651525967491,0.25,0.25,9.433141783254939e-07,0.9715099715099716,0.026728626622702572,1.5365102447368522,8.750249940916827,0.01944499986870406,24.70539717890195,0.15415151516930337,87.32437508629636,90.0,90.0,0.00033945287555070536,0.9145299145299145,1.5662854845547394,-0.003046613195184511,1.4254482236771178,0.07919156798206206,2.464249269332661,0.11579135583972189,5.890896878047092,6.0,6.0,0.06872400449359617,0.7150997150997153,1.565205094778933,-0.0019662234193784656
windowed_nls_huber,true_state_diagnostic,initial_theta_offset,3,0.01812385526009633,0.08756314628680402,0.17216303780583297,0.01810815240436323,1.810815240436323,4.489356140933282,90.20012758604724,45.17267002523946,0.0,0.0,0.05714285714285714,1.0,0.014245046908736242,0.011870872423946868,0.04872549508203792,1.907360084762999e-06,0.12500046053029368,0.25,0.25,7.278400104837601e-12,0.9430199430199431,0.01052816734611948,1.8002870730902034,5.1232287460342105,0.011384952768964915,17.53338546387223,0.0006850172219401429,44.92683770819656,90.0,90.0,2.6125235308427364e-09,0.9715099715099716,1.816320466551738,-0.005505226115415374,0.34233582199631635,0.01901865677757313,1.170077124646145,4.59714048446358e-05,3.0059169448646905,6.0,6.0,6.796696538913238e-10,0.9430199430199431,1.8134130346917539,-0.0025977942554309408
windowed_nls_cauchy,true_state_diagnostic,initial_theta_offset,3,0.018123855258938427,0.08756314628357031,0.17216303780243755,0.018108152403295434,1.8108152403295434,4.4893561402934665,90.20012758593714,45.17266856653086,0.0,0.0,0.05714285714285714,1.0,0.014245046908195091,0.01187087242349591,0.04872549508118008,1.9073600845409544e-06,0.1250004605220274,0.25,0.25,7.278400104837601e-12,0.9430199430199431,0.01052816744099363,1.8002870728885496,5.123228843030032,0.01138495298451118,17.533385617533213,0.0006850172521808418,44.926839177710576,90.0,90.0,2.6125235308427364e-09,0.9715099715099716,1.8163204665529058,-0.00550522622336258,0.342335813809252,0.019018656322736225,1.1700771121735971,4.5971402222733104e-05,3.005916830679345,6.0,6.0,6.801954555157863e-10,0.9430199430199431,1.813413034547202,-0.002597794217658711
windowed_nls_current,true_state_diagnostic,noise,3,0.016754280001779896,0.0810490427931904,0.16185545652204336,0.016731691793307753,1.673169179330775,0.05860738798433789,103.21514131528728,24.145753982138928,0.0,0.0,0.019047619047619046,1.0,0.00782533590392843,0.006521113253273691,0.04384277455069096,3.277388083759251e-05,0.0015459265452329636,0.25,0.25,1.2999379260432893e-06,0.9692094858257999,0.023260955434616138,1.649908223896159,8.80926519246549,0.01957614487214553,21.898143611666995,0.5006912982029803,65.8731881867027,90.0,90.0,0.0008769195600090521,0.9384189716516,1.6621449231419865,0.011024256188788476,1.275048874162998,0.070836048564611,2.0425957101701475,0.3610135997258392,5.076852392169573,6.0,6.0,0.2061352646651192,0.7536758866064002,1.6584508440418748,0.01471833528890043
windowed_nls_huber,true_state_diagnostic,noise,3,0.019445907385365117,0.09421947509358913,0.186423649977852,0.019423209258497606,1.9423209258497607,4.900771913585098,90.20012466706538,45.101473674293494,0.0,0.0,0.019047619047619046,1.0,0.015395251485154748,0.01282937623762896,0.050623829464061694,6.9936021171261116e-06,0.12499992384333998,0.25,0.25,1.6735879349027982e-10,0.9384189716516,0.020903396453925322,1.9214175293958353,5.542240013171728,0.012316088918159399,18.224455986807314,0.002517655738453565,44.99856338179362,90.0,90.0,6.024367849022383e-08,0.9692094858257999,1.9295562192646163,0.01276470658514417,0.36951954072183857,0.020528863373435475,1.215013248807345,0.00016796873332699155,3.000332539870083,6.0,6.0,4.3357992751680285e-09,0.9384189716516,1.9304869034872407,0.011834022362519884
windowed_nls_cauchy,true_state_diagnostic,noise,3,0.019445907385513706,0.09421947509379668,0.1864236499780363,0.019423209258633996,1.9423209258633995,4.900771913723713,90.20012466706505,45.10147355611613,0.0,0.0,0.019047619047619046,1.0,0.015395251485184972,0.012829376237654143,0.050623829464116865,6.993602117422171e-06,0.12499992384388518,0.25,0.25,1.6735879349027982e-10,0.9384189716516,0.020903396458379877,1.9214175294050195,5.542240020757371,0.012316088935016381,18.224455998920977,0.0025176557480979986,44.99856350080503,90.0,90.0,6.024367849022383e-08,0.9692094858257999,1.9295562192698046,0.012764706593595188,0.3695195401454939,0.02052886334141633,1.2150132479134488,0.00016796873249210384,3.000332531298801,6.0,6.0,4.335792169740671e-09,0.9384189716516,1.9304869034981704,0.011834022365229272
windowed_nls_current,true_state_diagnostic,noise_bias,3,0.017176883010434307,0.08320264255230632,0.16638442815242407,0.017151300356656726,1.7151300356656727,0.05084234559062608,101.09945394153637,27.196249582016264,0.0,0.0,0.0,1.0,0.008250263503220156,0.006875219586016797,0.04506209856714246,3.235550286132908e-05,0.0014546292670138221,0.25,0.25,1.5031583389853627e-06,0.9674931867274822,0.024952364959362372,1.6901776707063103,8.722525514292567,0.01938339003176126,21.77750213702357,0.56243208269179,62.82531329823505,90.0,90.0,0.000940678863988372,0.9349863734549645,1.7030460046050235,0.012084031060649222,1.2484467554268557,0.06935815307926975,1.9965665532846255,0.3771613271381125,4.946378548000433,6.0,6.0,0.20136100331208576,0.7608782330183016,1.6987005392922054,0.016429496373467318
windowed_nls_huber,true_state_diagnostic,noise_bias,3,0.01996189001218312,0.09682076479162299,0.19177033457710843,0.019936016994179143,1.9936016994179144,5.039009514769659,90.20012459331879,45.10139720429223,0.0,0.0,0.0,1.0,0.016253401209389933,0.013544501007824944,0.052031966772734604,8.900948581450999e-06,0.12499993003593457,0.25,0.25,3.68667985028992e-10,0.9349863734549645,0.023246496627766264,1.970355202790148,5.85117335604582,0.0130026074578796,18.731388913157797,0.00320426588511206,44.998643070160824,90.0,90.0,1.3270622882070407e-07,0.9674931867274822,1.9796802775917168,0.013921421826197378,0.3901117727474898,0.021672876263749436,1.248803552335054,0.00021377348630006546,3.0002868080988243,6.0,6.0,9.395253168046716e-09,0.9349863734549645,1.9805361408122077,0.013065558605706759
windowed_nls_cauchy,true_state_diagnostic,noise_bias,3,0.019961890012313202,0.09682076479195924,0.19177033457763973,0.019936016994302575,1.9936016994302574,5.039009514893576,90.20012459331862,45.101397156748874,0.0,0.0,0.0,1.0,0.016253401209469442,0.013544501007891202,0.05203196677287621,8.90094858130297e-06,0.12499993003729785,0.25,0.25,3.68667985028992e-10,0.9349863734549645,0.023246496629944307,1.970355202800313,5.851173359519325,0.013002607465598498,18.731388918205155,0.003204265891686949,44.99864311823912,90.0,90.0,1.327062098728978e-07,0.9674931867274822,1.9796802776005487,0.013921421829708791,0.390111772281001,0.02167287623783339,1.2488035516382643,0.00021377348563689225,3.000286801659407,6.0,6.0,9.395276852804576e-09,0.9349863734549645,1.9805361408221325,0.013065558608124897
windowed_nls_current,true_state_diagnostic,stronger_noise,3,0.016209471631480902,0.07834264289036016,0.15589348472608242,0.016186019157532185,1.6186019157532183,0.05302048775897863,99.58448542471346,26.154334696629906,0.0,0.0,0.0,1.0,0.007418306822684871,0.006181922352237394,0.042416649515678584,2.13394436986795e-05,0.0012546804902870228,0.25,0.25,6.365222153677703e-05,0.9707913908836053,0.023501938266191156,1.5950999774870274,7.740584701962991,0.017201299337695538,20.686553302501533,0.2279407999957357,55.05539820559684,90.0,90.0,0.028746844274735395,0.9415827817672108,1.6073547598449232,0.011247155908295317,1.0139236427712663,0.05632909126507035,1.8641338542076848,0.1931820477911058,4.7506590176225805,6.0,6.0,0.03592972292689822,0.7955397361852379,1.6037128538518288,0.0148890619013895
windowed_nls_huber,true_state_diagnostic,stronger_noise,3,0.018776375279803876,0.09088539433230626,0.17935225678716962,0.018752861372185157,1.8752861372185157,4.076944992781763,90.2001245862143,45.101215782585335,0.0,0.0,0.0,1.0,0.014604299620110258,0.012170249683425213,0.04897723334127724,7.631871316397346e-06,0.10416660322806066,0.25,0.25,3.88355347880065e-10,0.9415827817672108,0.021371649187709247,1.8539144880308065,5.257509398912672,0.011683354219805939,17.631706343540095,0.0027475449920946935,37.498997172518294,90.0,90.0,1.3980678659208934e-07,0.9707913908836053,1.8623153891086248,0.012970748109891073,0.35053107526236965,0.019473948625687205,1.1754888736691183,0.0001832729286235235,2.5002824159829,6.0,6.0,9.350426211085505e-09,0.9415827817672108,1.8633222704860668,0.011963866732448869
windowed_nls_cauchy,true_state_diagnostic,stronger_noise,3,0.01877637527989608,0.09088539433257276,0.17935225678762332,0.018752861372273735,1.8752861372273735,4.076944992868719,90.20012458621419,45.10121575988899,0.0,0.0,0.0,1.0,0.014604299620168895,0.012170249683474077,0.04897723334140222,7.631871316175301e-06,0.10416660322913078,0.25,0.25,3.88355347880065e-10,0.9415827817672108,0.021371649188538008,1.8539144880388356,5.257509401477403,0.011683354225505342,17.631706346549205,0.002747544998972747,37.4989972016833,90.0,90.0,1.3980676764428304e-07,0.9707913908836053,1.862315389116236,0.012970748111137484,0.3505310748706612,0.019473948603925626,1.1754888730901805,0.0001832729281794343,2.50028241087986,6.0,6.0,9.35042857956129e-09,0.9415827817672108,1.863322270492915,0.01196386673445852
windowed_nls_current,true_state_diagnostic,mass_mismatch,3,0.028141127679969985,0.14357977840258213,0.3275066052461264,0.028113644223475356,2.811364422347536,0.043091942589090215,108.0103827625465,52.09715911879986,0.0,0.0,0.32142857142857145,0.9464285714285715,0.010259957367805633,0.00854996447317136,0.0734717447398914,2.6867325697566002e-08,0.0035962264338902372,0.5499999999999999,0.5499999999999999,2.6867325697566002e-08,0.9821746880570409,0.025823865208430344,2.7855405571391056,4.726187950937912,0.010502639890973138,18.61112169133401,0.00021650898185043843,58.85966469844129,90.0,90.0,1.2023578960906889e-05,0.9465240641711231,2.808581089303782,0.0027833330437538883,0.5461414533932685,0.03034119185518158,1.4660134030140899,0.0011349462879728378,4.550242749705173,6.0,6.0,0.0011089237015902143,0.893048128342246,2.8065539444719367,0.004810477875599073
windowed_nls_huber,true_state_diagnostic,mass_mismatch,3,0.03405014563951252,0.16968455551981085,0.36654018859552545,0.03401368420106371,3.4013684201063703,5.230556224165294,90.20145512818364,45.066578095868145,0.0,0.0,0.32142857142857145,1.0,0.019607837603202033,0.016339864669335027,0.08479115470185729,2.048912151053628e-09,0.13749992563666624,0.5499999999999999,0.5499999999999999,4.989342272665453e-13,0.9465240641711231,0.01223848054369187,3.3891299395626775,3.209755085284264,0.007132789078409478,13.87753920919136,3.355035005370155e-07,22.516862210227657,90.0,90.0,8.117240213323385e-11,0.964349376114082,3.402542580917545,-0.0011741608111752733,0.21394364355620366,0.01188575797534465,0.9250729413014726,2.2394218035515223e-08,1.5005675748129441,6.0,6.0,5.009326287108706e-12,0.964349376114082,3.3991990931990532,0.0021693269073166377
windowed_nls_cauchy,true_state_diagnostic,mass_mismatch,3,0.03405014563965951,0.16968455551920059,0.36654018859459586,0.03401368420116661,3.40136842011666,5.2305562243303045,90.20145512818404,45.066578229908636,0.0,0.0,0.32142857142857145,1.0,0.01960783760306818,0.016339864669223485,0.08479115470165084,2.048912151053628e-09,0.137499925635034,0.5499999999999999,0.5499999999999999,4.989342272665453e-13,0.9465240641711231,0.012238480499095728,3.3891299396175647,3.2097550797795917,0.007132789066176873,13.877539198089293,3.355035005370155e-07,22.516862121509575,90.0,90.0,8.117240213323385e-11,0.964349376114082,3.402542580914965,-0.0011741607983046798,0.2139436429890129,0.011885757943834048,0.9250729400992098,2.2394218035515223e-08,1.500567567201653,6.0,6.0,5.009326287108706e-12,0.964349376114082,3.3991990931980265,0.002169326918633807
windowed_nls_current,true_state_diagnostic,parameter_mismatch_low_k,3,0.016451576994661987,0.07935284090582322,0.15839901332199038,0.016410618099810235,1.6410618099810235,0.08429574329163447,191.93560154480932,46.22166533394874,0.0,0.0,0.0588235294117647,1.0,0.007536063124228872,0.006280052603524061,0.04275375460584388,4.0801346183005904e-05,0.003134679225288206,0.25,0.25,3.914194662613113e-06,0.9707602339181286,0.03481356606024276,1.6062482439207806,17.749643839047636,0.03944365297566143,45.318922797853894,0.3237242298019396,144.83386866076944,180.0,180.0,0.0023965537444610163,0.8830409356725145,1.6204443373898545,0.020617472591169195,1.284916578491312,0.07138425436062842,1.9391833007365105,0.42110706635968853,4.788087212818581,6.0,6.0,0.32760961157100965,0.7660818713450293,1.6262911630489942,0.014770646932029008
windowed_nls_huber,true_state_diagnostic,parameter_mismatch_low_k,3,0.019116429910835217,0.09230932549760423,0.18246838814041602,0.019078372271326315,1.9078372271326316,5.085821422885484,180.1001457421966,90.04715408304939,0.0,0.0,0.0588235294117647,1.0,0.014619874927905285,0.012183229106587737,0.04936239473488338,1.9073436232641683e-06,0.12499989508971399,0.25,0.25,1.4588552588179482e-11,0.9415204678362573,0.030228894438700953,1.8776083326939306,10.526570214643204,0.023392378254762685,35.541268658073534,0.0013734178345430337,90.0029142449801,180.0,180.0,1.0484484391781734e-08,0.9122807017543858,1.8836269996478296,0.02421022748480195,0.3509015817773542,0.01949453232096412,1.1847239949101367,4.58190857699492e-05,3.000185166747327,6.0,6.0,2.937653675871843e-09,0.9415204678362573,1.8957037617319592,0.012133465400672394
windowed_nls_cauchy,true_state_diagnostic,parameter_mismatch_low_k,3,0.019116429910792192,0.09230932549796017,0.1824683881413838,0.01907837227130331,1.9078372271303305,5.085821422866099,180.1001457421966,90.04715425463611,0.0,0.0,0.0588235294117647,1.0,0.014619874928062897,0.012183229106719082,0.04936239473513212,1.9073436234862129e-06,0.12499989509201037,0.25,0.25,1.4588552588179482e-11,0.9415204678362573,0.030228894429956323,1.8776083327003745,10.526570203661658,0.023392378230359247,35.54126864026251,0.0013734178272102326,90.00291407321731,180.0,180.0,1.0484484391781734e-08,0.9122807017543858,1.8836269996579817,0.024210227472349022,0.3509015819145851,0.01949453232858806,1.1847239951485335,4.5819086935239284e-05,3.0001851691650394,6.0,6.0,2.93858093414201e-09,0.9415204678362573,1.8957037617305599,0.012133465399770893
windowed_nls_current,true_state_diagnostic,parameter_mismatch_high_k,3,0.017074469162426407,0.08341945843537879,0.16808007116115697,0.01705668915646634,1.705668915646634,0.05947340890974864,151.05023797840713,38.00235056914426,0.0,0.0,0.0,1.0,0.008655664494590133,0.007213053745491779,0.045428992119165644,9.491933882621595e-05,0.004947803500858106,0.25,0.25,1.440372190608663e-05,0.9669966996699669,0.029101008079039464,1.676567907567594,21.015002504239742,0.0467000055649772,44.852813607822675,1.8501477715269061,138.52636806405417,150.0,150.0,0.007364463486908335,0.834983498349835,1.7237078958467513,-0.018038980200117294,2.060386603798279,0.11446592243323776,2.6467530530712686,1.1885599816187558,5.881336889970672,6.0,6.0,0.6824882575576829,0.570957095709571,1.6940329321908039,0.011635983455829946
windowed_nls_huber,true_state_diagnostic,parameter_mismatch_high_k,3,0.019821378405434006,0.09715675402855399,0.19370146223420237,0.019815973289317997,1.9815973289317996,4.971514879392983,150.1201600668018,75.04674730957942,0.0,0.0,0.0,1.0,0.016501651583719617,0.013751376319766346,0.052443064683341624,7.629396574948544e-06,0.12499998885245,0.25,0.25,2.3281754302217905e-10,0.933993399339934,0.01754540747708462,1.964051921454715,9.90199260954504,0.022004428021211202,31.467306631820332,0.004579725400162715,75.01331022621207,150.0,150.0,1.3978490187582793e-07,0.933993399339934,2.00220805082818,-0.020610721896380246,0.3961122397690438,0.022006235542724652,1.258730716882732,0.0001834025927145433,3.000831196020009,6.0,6.0,7.910049504289418e-09,0.933993399339934,1.9725732650039334,0.009024063927866255
windowed_nls_cauchy,true_state_diagnostic,parameter_mismatch_high_k,3,0.019821378405660228,0.09715675402871922,0.19370146223404397,0.01981597328954584,1.981597328954584,4.97151487962266,150.12016006680173,75.04674754964917,0.0,0.0,0.0,1.0,0.016501651583697208,0.013751376319747677,0.05244306468334541,7.62939657383832e-06,0.12499998885263874,0.25,0.25,2.3281754302217905e-10,0.933993399339934,0.017545407446215345,1.9640519215083685,9.90199259205887,0.022004427982353043,31.467306605876605,0.004579725392204637,75.01330998654032,150.0,150.0,1.3978490187582793e-07,0.933993399339934,2.00220805083302,-0.020610721878436156,0.39611223877305307,0.02200623548739183,1.258730715314788,0.00018340259766347344,3.0008311812614856,6.0,6.0,7.909939370165375e-09,0.933993399339934,1.9725732650206222,0.009024063933961601
