case,candidate_index,fit_end_time_s,validation_ready_time_s,promotion_time_s,parameter_identification_status,control_model_status,legacy_estimator_accepted,legacy_estimator_reason,rank,rrqr_rank,condition_number,candidate_residual_rms_nms,active_bound_count,maximum_unconstrained_violation_fraction_of_span,maximum_normalized_parameter_std,validation_candidate_total_mse_nms2,validation_prior_total_mse_nms2,validation_last_valid_total_mse_nms2,oracle_proposed_model_error_nm,oracle_prior_error_nm,oracle_last_valid_error_nm,oracle_improvement_vs_last_valid_nm,oracle_improvement_vs_prior_nm,proposed_model_distance_to_truth_span_l2,reference_model_distance_to_truth_span_l2,truth_distance_change_from_last_valid_span_l2,proposed_model_distance_to_prior_span_l2
ideal_200hz,0,5.380000000000131,6.880000000000131,6.880000000000632,identified_boundary_pressured,promoted,False,bound_hit,11,11,11136.55538249854,0.015761550708569157,1,0.6891727612507097,7.731077594672828,8.739334452415582,10.117812789660103,10.117812789660103,4.392063434662333,4.71652121215846,4.71652121215846,0.3244577774961268,0.3244577774961268,0.4509287563919224,0.46038359121476413,-0.009454834822841707,0.07285471085276593
ideal_200hz,1,5.880000000000298,7.380000000000298,7.880000000000966,identified_boundary_pressured,promoted,False,bound_hit,11,11,6085.515416115967,0.015697510637953684,1,0.8149538698126029,3.854924604864911,7.796413973967241,10.4593067267892,9.09525334079714,4.104771473900853,4.739339179382285,4.4259041718581305,0.3211326979572773,0.634567705481432,0.46416777065788317,0.4509287563919224,0.013239014265960747,0.1417942220888809
ideal_200hz,2,6.380000000000465,7.880000000000465,8.380000000000795,identified_boundary_pressured,promoted,False,bound_hit,11,11,3834.090506731251,0.015031444437608706,2,0.6219063804523014,2.0888774964173877,6.987009306374398,10.679632527665284,8.114647009827124,3.835493239697446,4.725442301093363,4.126956225884028,0.29146298618658184,0.8899490613959169,0.4793581586332554,0.46416777065788317,0.015190387975372255,0.20453914610633853
ideal_200hz,3,6.880000000000632,8.380000000000631,8.380000000000795,identified_boundary_pressured,promoted,False,bound_hit,11,11,4102.314831335865,0.013342081107448212,1,0.3443412023261109,1.7617293070278501,5.930160549789296,10.679632527665284,6.987009306374398,3.541741088641737,4.725442301093363,3.835493239697446,0.29375215105570884,1.1837012124516257,0.49025221067396524,0.4793581586332554,0.010894052040709812,0.2611611344792459
ideal_200hz,4,7.380000000000799,8.880000000000798,8.880000000000518,identified_boundary_pressured,promoted,False,bound_hit,11,11,4102.314831335865,0.01305772393643054,1,0.3533418926818871,1.7241819140978447,4.817210943927157,10.333306494933918,5.844953382623185,3.1547329741010253,4.59808157185481,3.4669993041322518,0.3122663300312265,1.443348597753785,0.49328530828263556,0.49025221067396524,0.003033097608670321,0.30934676189658783
ideal_200hz,5,7.880000000000966,9.380000000000965,9.38000000000024,identified_boundary_pressured,promoted,False,bound_hit,11,11,3601.9754836336915,0.013096370595224267,1,0.44952095554432514,1.347569389106434,3.615151803556818,9.594284811279167,4.467250805418862,2.7175852941756635,4.407896581428847,3.015683910266532,0.2980986160908685,1.6903112872531838,0.4692981575956923,0.49328530828263556,-0.023987150686943237,0.33106811551121457
ideal_200hz,6,8.380000000000795,9.880000000000795,10.399999999999675,identified_boundary_pressured,promoted,False,bound_hit,11,11,1538.6282636272242,0.013440183072037976,1,0.575445976229654,0.5579498112753567,2.658367498461953,8.878504703970187,3.30629819061571,2.359031722723795,4.265915937288466,2.6236087819718343,0.2645770592480394,1.9068842145646712,0.4408366144292162,0.4692981575956923,-0.028461543166476144,0.34816366395319553
ideal_200hz,7,8.880000000000518,10.380000000000518,10.899999999999398,identified_boundary_pressured,promoted,False,bound_hit,11,11,846.3552044073479,0.013910736942343871,1,0.5677150518539014,0.30241589101114863,1.7560730561377285,8.688891569864623,2.1852550448128163,1.9358788765929071,4.230228401802865,2.1517015300915694,0.21582265349866225,2.2943495252099577,0.3892851252371992,0.4119511109869603,-0.022665985749761086,0.39285628470648226
ideal_200hz,8,9.38000000000024,10.88000000000024,10.87999999999941,identified_boundary_pressured,promoted,False,bound_hit,11,11,721.1484629892269,0.01387364630137092,1,0.5313784343066164,0.22154498361642852,2.1852550448128163,8.688891569864623,2.682925804661541,2.1517015300915694,4.230228401802865,2.3782798924719697,0.2265783623804003,2.0785268717112957,0.4119511109869603,0.4408366144292162,-0.028885503442255878,0.3695958051569857
ideal_200hz,9,9.879999999999963,11.379999999999963,13.899999999997736,identified_boundary_pressured,promoted,False,bound_hit,11,11,685.3749817649332,0.013590088892157787,1,0.5497626766892744,0.20132795288860986,1.1279592424606135,6.637201649646158,1.3645350466423571,1.5695134286717172,3.748278475800081,1.722496010624587,0.15298258195286984,2.1787650471283637,0.37329710259798465,0.3892851252371992,-0.01598802263921456,0.4180286815281485
ideal_200hz,10,10.379999999999686,11.879999999999686,14.399999999997458,identified_boundary_pressured,promoted,False,bound_hit,11,11,574.8600259935994,0.01306787323320556,1,0.5628625338486056,0.16013119173229118,0.51844286468897,4.53872594569464,0.6146332343889926,1.0889184303431083,3.1672525323784386,1.183327200432652,0.09440877008954374,2.0783341020353303,0.34001850568092096,0.34713197663214196,-0.0071134709512210015,0.4554952022377406
ideal_200hz,11,10.87999999999941,12.37999999999941,14.399999999997458,identified_boundary_pressured,promoted,False,bound_hit,11,11,543.7443587743173,0.013146091939695688,1,0.6275013921666588,0.15687824227930386,0.42956973228585543,4.53872594569464,0.51844286468897,0.9935059603023242,3.1672525323784386,1.0889184303431083,0.09541247004078413,2.1737465720761144,0.3294398385292073,0.34001850568092096,-0.010578667151713683,0.476111541774971
ideal_200hz,12,11.379999999999132,12.879999999999132,14.399999999997458,identified_boundary_pressured,promoted,False,bound_hit,11,11,544.547704782942,0.013234846245216607,1,0.6463633431415945,0.1576538752079951,0.35452355172362926,4.53872594569464,0.42956973228585543,0.9049544988921484,3.1672525323784386,0.9935059603023242,0.08855146141017578,2.26229803348629,0.32251651465598097,0.3294398385292073,-0.006923323873226306,0.4968788906775144
ideal_200hz,13,11.879999999998855,13.379999999998855,14.399999999997458,identified_boundary_pressured,promoted,False,bound_hit,11,11,495.82503985371596,0.03223857158841597,2,0.9641642185449831,0.3803472874769278,0.2937967759088771,4.731712657792745,0.3695973200567997,0.8099965050051474,3.1673568454388703,0.905062678872577,0.09506617386742955,2.357360340433723,0.31486948713427376,0.32251651465598097,-0.007647027521707206,0.510172824048757
ideal_200hz,14,12.379999999998578,13.879999999998578,14.399999999997458,identified_boundary_pressured,promoted,False,bound_hit,11,11,495.82503985371596,0.03221082990043738,2,0.9558899861147518,0.38001999395079417,0.23527864973148202,4.92503001892176,0.3058493534509016,0.7139017866668972,3.1673568454388703,0.8099965050051474,0.09609471833825023,2.453455058771973,0.3113377948798152,0.31486948713427376,-0.0035316922544585405,0.5243783665228301
ideal_200hz,15,12.8799999999983,14.3799999999983,14.37999999999747,identified_boundary_pressured,promoted,False,bound_hit,11,11,495.82503985371596,0.032194364462003744,2,0.9497015183698188,0.3798257364345087,0.6670031694276078,4.92503001892176,0.8168085117653499,1.1834356487284803,3.1673568454388703,1.306574524021245,0.12313887529276468,1.98392119671039,0.34713197663214196,0.37329710259798465,-0.026165125965842695,0.4295556499722886
ideal_200hz,16,13.379999999998024,14.879999999998024,16.879999999997647,identified_boundary_pressured,promoted,False,bound_hit,11,11,495.82503985371596,0.03218489319453069,2,0.945093305124919,0.3797139954138974,0.23950231077807713,6.621906758837728,0.31251638894946254,0.7588325616508632,3.702354528129142,0.8564021262353583,0.09756956458449506,2.943521966478279,0.3116195921841161,0.3113377948798152,0.00028179730430089034,0.5393322860586385
ideal_200hz,17,13.879999999997747,15.379999999997747,17.379999999998258,identified_boundary_pressured,promoted,False,bound_hit,11,11,419.9582118697494,0.035702455382058594,1,0.756970325219634,0.4131480330322806,0.23060872136085275,8.307234113278817,0.2903256643262738,0.7321316455367834,4.121469630896771,0.8142056229727316,0.08207397743594813,3.389337985359987,0.31505349173236663,0.3116195921841161,0.0034338995482505186,0.5554754609739811
ideal_200hz,18,14.37999999999747,15.87999999999747,17.379999999998258,identified_boundary_pressured,promoted,False,bound_hit,11,11,422.2364732706448,0.03504351290845344,1,0.793333485127949,0.40372377713809815,0.18276313464104516,8.307234113278817,0.23060872136085275,0.6584679511970425,4.121469630896771,0.7321316455367834,0.07366369433974096,3.4630016796997283,0.3213070417793658,0.31505349173236663,0.006253550046999179,0.5708366178709977
ideal_200hz,19,14.879999999997192,16.379999999997192,17.379999999998258,identified_boundary_pressured,promoted,False,bound_hit,11,11,425.233330548486,0.03467170714203509,1,0.8007461785278933,0.3989057090457411,0.13927990289883457,7.98411659942464,0.1763422939001363,0.5940700772308531,4.123156750259532,0.6604914286338204,0.06642135140296723,3.5290866730286785,0.3287227364663035,0.3213070417793658,0.007415694686937702,0.5852966303196914
ideal_200hz,20,15.379999999996915,16.879999999996915,17.379999999998258,identified_boundary_pressured,promoted,False,bound_hit,11,11,425.233330548486,0.034662764311136345,1,0.8018334789145829,0.3988028197854595,0.10958681880022793,7.98411659942464,0.13927990289883457,0.5343379974949032,4.123156750259532,0.5940700772308531,0.05973207973594996,3.5888187527646283,0.33669014192943497,0.3287227364663035,0.00796740546313146,0.5987934716314839
ideal_200hz,21,15.879999999996638,17.379999999996638,17.379999999998258,identified_boundary_pressured,promoted,False,bound_hit,11,11,425.233330548486,0.03464425666401592,1,0.8029773369925759,0.3985898851852941,0.08213363385642203,7.654355053806517,0.10475128643046844,0.4808896937190975,4.123156750259532,0.5343379974949032,0.05344830377580567,3.642267056540434,0.3446775928202204,0.33669014192943497,0.007987450890785452,0.6111276084657556
ideal_200hz,22,16.379999999997036,17.879999999997036,17.87999999999887,identified_boundary_pressured,promoted,False,bound_hit,11,11,425.233330548486,0.034633757474911965,1,0.8038068554076433,0.39846908967739597,0.04680991879800975,7.561511772746334,0.06139856115113223,0.37740279890514533,4.0920051143378755,0.42145966077488517,0.04405686186973984,3.7146023154327303,0.3524625099686047,0.3446775928202204,0.007784917148384252,0.6223862965685454
ideal_200hz,23,16.879999999997647,18.379999999997647,18.37999999999948,identified_boundary_pressured,promoted,False,bound_hit,11,11,390.7321852439675,0.03537061675028327,1,0.6069361620011798,0.3931861332138894,0.03153798697855474,7.973385677898456,0.040948777033053246,0.4715127671976788,4.319356214540802,0.5038461573803384,0.03233339018265963,3.847843447343123,0.3664130435238574,0.3524625099686047,0.01395053355525272,0.6379349795274852
ideal_200hz,24,17.379999999998258,18.879999999998258,18.88000000000009,identified_boundary_pressured,promoted,False,bound_hit,11,11,350.4997800439677,0.034441301817209086,1,0.48055476788246726,0.36572141786858503,0.046194715329650304,9.175621344020087,0.056903766961626835,0.5440195139721311,4.657275682222498,0.5764457527672728,0.032426238795141726,4.113256168250367,0.38268205373322667,0.3664130435238574,0.016269010209369272,0.6546427024929765
ideal_200hz,25,17.87999999999887,19.37999999999887,19.380000000000702,identified_boundary_pressured,promoted,False,bound_hit,11,11,323.3243913011247,0.03405422750537673,2,0.15979256699897945,0.2958088704138644,0.04945345116581429,9.925074914107824,0.06083964726199412,0.4407992559965344,4.732007847087728,0.4746241975677483,0.03382494157121391,4.291208591091194,0.3970262873009268,0.38268205373322667,0.014344233567700149,0.6697849750328676
ideal_200hz,26,18.37999999999948,19.87999999999948,19.880000000001314,identified_boundary_pressured,promoted,False,bound_hit,11,11,322.33776356894583,0.0333040577422037,2,0.13539912057509987,0.2834892280379401,0.033816495107712646,9.806749283843178,0.04205318489716364,0.3233524861344718,4.6564832640516585,0.3535695913841526,0.030217105249680798,4.333130777917186,0.4112336630298954,0.3970262873009268,0.014207375728968574,0.6839922329917955
ideal_200hz,27,18.88000000000009,20.38000000000009,20.380000000001925,identified_boundary_pressured,promoted,False,bound_hit,11,11,331.82765787693427,0.03258372988139765,2,0.09925132250320523,0.26499920555157436,0.03443144357579872,9.826377742552191,0.0409750334796386,0.3167739241969264,4.653302892907296,0.3411095601032266,0.024335635906300168,4.336528968710369,0.42527841267679933,0.4112336630298954,0.014044749646903942,0.6977488917569653
ideal_200hz,28,19.380000000000702,20.880000000000702,20.880000000002536,identified_boundary_pressured,promoted,False,bound_hit,11,11,338.11039487908835,0.0319818740730076,2,0.09789931116579685,0.25733975481140287,0.033370236524694466,9.968537159344699,0.0390136801030332,0.40189036977603293,4.736792832356535,0.421199546233101,0.01930917645706809,4.334902462580502,0.43874531776538755,0.42527841267679933,0.013466905088588221,0.710855633932363
ideal_200hz,29,19.880000000001314,21.380000000001314,,identified_boundary_pressured,pending_insufficient_future_validation,False,bound_hit,11,11,340.7460075477788,0.0313472301278813,2,0.12294331944412282,0.2471483663105355,,,,nan,nan,nan,nan,nan,nan,,,nan
ideal_200hz,30,20.380000000001925,21.880000000001925,,identified_boundary_pressured,pending_insufficient_future_validation,False,bound_hit,11,11,340.57148543539165,0.031196786056985948,2,0.09283852396785193,0.24008319397813344,,,,nan,nan,nan,nan,nan,nan,,,nan
ideal_200hz,31,20.880000000002536,22.380000000002536,,identified_boundary_pressured,pending_insufficient_future_validation,False,bound_hit,11,11,344.35895673180244,0.03102943437620287,2,0.13093550293051406,0.23747519636058648,,,,nan,nan,nan,nan,nan,nan,,,nan
ideal_200hz,32,21.380000000003147,22.880000000003147,,identified_boundary_pressured,pending_insufficient_future_validation,False,bound_hit,11,11,344.35895673180244,0.03102953182580099,2,0.13106594385853268,0.23747594216414084,,,,nan,nan,nan,nan,nan,nan,,,nan
ideal_200hz,33,21.880000000003758,23.380000000003758,,identified_boundary_pressured,pending_insufficient_future_validation,False,bound_hit,11,11,344.35895673180244,0.03102953182580099,2,0.13106594385853268,0.23747594216414084,,,,nan,nan,nan,nan,nan,nan,,,nan
ideal_200hz,34,22.38000000000437,23.88000000000437,,identified_boundary_pressured,pending_insufficient_future_validation,False,bound_hit,11,11,344.35895673180244,0.03102953182580099,2,0.13106594385853268,0.23747594216414084,,,,nan,nan,nan,nan,nan,nan,,,nan
ideal_200hz,35,22.88000000000498,24.38000000000498,,identified_boundary_pressured,pending_insufficient_future_validation,False,bound_hit,11,11,344.35895673180244,0.03102953182580099,2,0.13106594385853268,0.23747594216414084,,,,nan,nan,nan,nan,nan,nan,,,nan
noise_200hz,0,5.380000000000131,6.880000000000131,6.880000000000632,identified_boundary_pressured,promoted,False,bound_hit,11,11,6513.780311950414,0.04019362079742894,2,1.7776286699976196,11.287401021674045,9.998846825233898,11.672388207436182,11.672388207436182,4.385603381802359,4.728967734892647,4.728967734892647,0.3433643530902879,0.3433643530902879,0.4822195707359471,0.46038359121476413,0.02183597952118299,0.07224794032457596
noise_200hz,1,5.880000000000298,7.380000000000298,7.380000000000799,identified_boundary_pressured,promoted,False,bound_hit,11,11,6513.780311950414,0.040093688491910154,2,1.8470538329431652,11.25933746370061,8.60692125828351,11.742911641492945,10.090503273474297,4.092683589705251,4.7612302460286635,4.422104460340369,0.3294208706351185,0.6685466563234126,0.5109673796515619,0.4822195707359471,0.028747808915614792,0.14071866620514842
noise_200hz,2,6.380000000000465,7.880000000000465,8.380000000000795,identified_boundary_pressured,promoted,False,bound_hit,11,11,4092.7586867844643,0.039661300186453606,2,1.3108207878847489,6.317933122341135,7.784533485628945,11.9378971770774,9.005589020541255,3.7817395725978518,4.695376523098543,4.077673241571834,0.29593366897398266,0.9136369505006909,0.5394497902576596,0.5109673796515619,0.028482410606097686,0.2044847695381858
noise_200hz,3,6.880000000000632,8.380000000000631,8.880000000000518,identified_boundary_pressured,promoted,False,bound_hit,11,11,4059.9170662682823,0.0363813192961484,2,0.939096597427824,5.086404531097083,6.696012110349764,11.537093804565473,7.801794901119772,3.4355212915049753,4.549869716180022,3.7230729918088676,0.2875517003038923,1.1143484246750468,0.5592406264681505,0.5394497902576596,0.019790836210490936,0.2562941994743752
noise_200hz,4,7.380000000000799,8.880000000000798,8.880000000000518,identified_boundary_pressured,promoted,False,bound_hit,11,11,4227.698737867983,0.035372286964165986,2,1.0545922694998857,4.667225132103024,5.677035058511068,11.537093804565473,6.696012110349764,3.1489884305134623,4.549869716180022,3.4355212915049753,0.286532860991513,1.4008812856665598,0.5803038771489084,0.5592406264681505,0.021063250680757872,0.30904616011308933
noise_200hz,5,7.880000000000966,9.380000000000965,10.399999999999675,identified_boundary_pressured,promoted,False,bound_hit,11,11,4264.796998085577,0.035367313243264205,3,1.1625785250896932,4.487728452020145,3.724767910338691,9.664082388710046,4.6082996296077186,2.7567319848150853,4.420107319509612,3.0629583329499512,0.30622634813486593,1.663375334694527,0.5882720768967993,0.5803038771489084,0.00796819974789087,0.3516037472403917
noise_200hz,6,8.380000000000795,9.880000000000795,10.899999999999398,identified_boundary_pressured,promoted,False,bound_hit,11,11,1525.969344973897,0.03504512462007857,3,1.1916134634248825,1.5967953206930987,1.7792887103743773,8.674853735110002,2.358450100556122,2.0439395615467637,4.288529514205179,2.3156552147849596,0.2717156532381959,2.2445899526584157,0.563605342331108,0.5553339174427563,0.008271424888351753,0.4000174648368682
noise_200hz,7,8.880000000000518,10.380000000000518,10.899999999999398,identified_boundary_pressured,promoted,False,bound_hit,11,11,854.0624923851078,0.03699519185777305,2,0.90569358489503,0.8581701920441801,1.2474835322984594,9.022699596199493,1.855643837352154,1.729656200441472,4.288529514205179,2.0439395615467637,0.31428336110529176,2.5588733137637076,0.5428263435431986,0.563605342331108,-0.020778998787909453,0.4160555623546575
noise_200hz,8,9.38000000000024,10.88000000000024,10.87999999999941,identified_boundary_pressured,promoted,False,bound_hit,11,11,854.0624923851078,0.0369213969690227,1,0.938402666022412,0.8564583865183637,2.4590216828985203,9.022699596199493,3.4456785749036793,2.3156552147849596,4.288529514205179,2.70220973982525,0.3865545250402902,1.9728742994202197,0.5553339174427563,0.5882720768967993,-0.03293815945404299,0.35845058100579646
noise_200hz,9,9.879999999999963,11.379999999999963,17.899999999998894,identified_boundary_pressured,promoted,False,bound_hit,11,11,854.0624923851078,0.03689364138472263,1,0.9669153247673736,0.8558145456862725,0.636217251182588,8.252482468969237,0.9473726507822232,1.4008073578997509,4.302903472029429,1.6272718262604382,0.22646446836068734,2.9020961141296775,0.5246177578708702,0.5428263435431986,-0.018208585672328415,0.4329465732423013
noise_200hz,10,10.379999999999686,11.879999999999686,18.37999999999948,identified_boundary_pressured,promoted,False,bound_hit,11,11,651.956316437556,0.03840500224198311,1,1.1055365424923658,0.6211951958272153,0.18809867106074313,7.926769092001171,0.3522263664049041,1.204646450520393,4.510725181710378,1.3895302070196935,0.18488375649930044,3.3060787311899853,0.5023887367173054,0.5246177578708702,-0.022229021153564732,0.4359825748800703
noise_200hz,11,10.87999999999941,12.37999999999941,18.37999999999948,identified_boundary_pressured,promoted,False,bound_hit,11,11,546.6263862835295,0.03829152910169035,2,1.1628415613559866,0.4784589367052866,0.09808317530829981,7.926769092001171,0.18809867106074313,1.079886577916445,4.510725181710378,1.204646450520393,0.12475987260394805,3.430838603793933,0.4813464212001531,0.5023887367173054,-0.021042315517152355,0.4386916020677565
noise_200hz,12,11.379999999999132,12.879999999999132,18.37999999999948,identified_boundary_pressured,promoted,False,bound_hit,11,11,542.2978128958299,0.03869677925203466,2,1.0621912477013382,0.4608848003252231,0.05071699311845639,8.208451892015427,0.09963049717960826,0.985736853667973,4.496389228590816,1.0702298540650166,0.08449300039704355,3.5106523749228433,0.46581928270250156,0.4813464212001531,-0.015527138497651527,0.4453017531248329
noise_200hz,13,11.879999999998855,13.379999999998855,18.37999999999948,identified_boundary_pressured,promoted,False,bound_hit,11,11,542.2978128958299,0.03852000499252201,2,1.0597510149832428,0.45877939075696195,0.03226653091773983,8.208451892015427,0.05071699311845639,0.9371733892077749,4.496389228590816,0.985736853667973,0.0485634644601981,3.5592158393830413,0.4553270514741568,0.46581928270250156,-0.01049223122834475,0.45611050493741695
noise_200hz,14,12.379999999998578,13.879999999998578,18.37999999999948,identified_boundary_pressured,valid_unpromoted_not_heldout_better,False,bound_hit,11,11,542.2978128958299,0.0383473014809384,2,1.0569994091876758,0.45672246444448356,0.0341210942888475,8.208451892015427,0.03226653091773983,0.9181049491067412,4.496389228590816,0.9371733892077749,0.0190684401010337,3.578284279484075,0.4496093871891932,0.4553270514741568,-0.0057176642849636194,0.4703480618856218
noise_200hz,15,12.8799999999983,14.3799999999983,18.37999999999948,identified_boundary_pressured,valid_unpromoted_not_heldout_better,False,bound_hit,11,11,542.2978128958299,0.0383473014809384,2,1.0569994091876758,0.45672246444448356,0.03225574466556991,7.831630511067829,0.029501160468123067,0.9051167927162026,4.474177457204292,0.9226690395058363,0.01755224678963374,3.56906066448809,0.4496093871891932,0.4553270514741568,-0.0057176642849636194,0.4703480618856218
noise_200hz,16,13.379999999998024,14.879999999998024,18.37999999999948,identified_boundary_pressured,valid_unpromoted_not_heldout_better,False,bound_hit,11,11,542.2978128958299,0.038196875681236475,2,1.053863530913509,0.4549308692264981,0.03189283152670214,7.831630511067829,0.029501160468123067,0.9039157384116151,4.474177457204292,0.9226690395058363,0.018753301094221242,3.5702617187926773,0.44914568475130057,0.4553270514741568,-0.006181366722856241,0.47032223250225347
noise_200hz,17,13.879999999997747,15.379999999997747,18.37999999999948,identified_boundary_pressured,valid_unpromoted_not_heldout_better,False,bound_hit,11,11,542.2978128958299,0.038095011351999816,2,1.0518440014525539,0.45371764885136745,0.0310955758367967,7.501573839040921,0.02856976539567831,0.9030520443147786,4.474177457204292,0.9226690395058363,0.01961699519105775,3.5711254128895136,0.44881179155702694,0.4553270514741568,-0.0065152599171298675,0.4703041891047229
noise_200hz,18,14.37999999999747,15.87999999999747,18.37999999999948,identified_boundary_pressured,valid_unpromoted_not_heldout_better,False,bound_hit,11,11,542.2978128958299,0.038015022055916246,2,1.0500555092488597,0.45276496360297713,0.030904176522834614,7.501573839040921,0.02856976539567831,0.9023999418383757,4.474177457204292,0.9226690395058363,0.020269097667460656,3.5717775153659166,0.44854473893253477,0.4553270514741568,-0.0067823125416220376,0.4702792176105117
noise_200hz,19,14.879999999997192,16.379999999997192,18.37999999999948,identified_boundary_pressured,valid_unpromoted_not_heldout_better,False,bound_hit,11,11,542.2978128958299,0.03795747436193047,2,1.048984236822738,0.4520795614076402,0.03074866510872938,7.501573839040921,0.02856976539567831,0.9018801147431408,4.474177457204292,0.9226690395058363,0.02078892476269556,3.5722973424611517,0.4482958707250869,0.4553270514741568,-0.0070311807490698874,0.47025500493930456
noise_200hz,20,15.379999999996915,16.879999999996915,18.37999999999948,identified_boundary_pressured,valid_unpromoted_not_heldout_better,False,bound_hit,11,11,542.2978128958299,0.03794591114211359,2,1.0490232140556999,0.45194184161908346,0.03067194606978669,7.501573839040921,0.02856976539567831,0.9015652902707539,4.474177457204292,0.9226690395058363,0.021103749235082403,3.5726121669335384,0.448202155807988,0.4553270514741568,-0.007124895666168807,0.4702837925491333
noise_200hz,21,15.879999999996638,17.379999999996638,18.37999999999948,identified_boundary_pressured,valid_unpromoted_not_heldout_better,False,bound_hit,11,11,542.2978128958299,0.03794591114211359,2,1.0490232140556999,0.45194184161908346,0.03067194606978669,7.501573839040921,0.02856976539567831,0.9015652902707539,4.474177457204292,0.9226690395058363,0.021103749235082403,3.5726121669335384,0.448202155807988,0.4553270514741568,-0.007124895666168807,0.4702837925491333
noise_200hz,22,16.379999999997036,17.879999999997036,18.37999999999948,identified_boundary_pressured,valid_unpromoted_not_heldout_better,False,bound_hit,11,11,542.2978128958299,0.037933033014084,2,1.0490376295331405,0.4517884610644171,0.03059920746127551,7.501573839040921,0.02856976539567831,0.9012864849950886,4.474177457204292,0.9226690395058363,0.021382554510747775,3.572890972209204,0.44809181259525493,0.4553270514741568,-0.007235238878901873,0.4702986512496622
noise_200hz,23,16.879999999997647,18.379999999997647,18.37999999999948,identified_boundary_pressured,valid_unpromoted_not_heldout_better,False,bound_hit,11,11,542.2978128958299,0.037904596512521614,2,1.048220980708442,0.4514497778045217,0.0305172791299757,7.501573839040921,0.02856976539567831,0.90100086425149,4.474177457204292,0.9226690395058363,0.02166817525434639,3.5731765929528025,0.44797364271979256,0.4553270514741568,-0.0073534087543642435,0.47029280473823537
noise_200hz,24,17.379999999998258,18.879999999998258,18.88000000000009,identified_boundary_pressured,promoted,False,bound_hit,11,11,542.2978128958299,0.037926819602555534,2,1.0490060882187826,0.45171445834411356,0.14359403281074173,8.800871641412243,0.16156622572717005,1.0105266003026012,4.738814246402592,1.0533762896834158,0.04284968938081457,3.728287646099991,0.4479915860468552,0.4553270514741568,-0.007335465427301624,0.47033978119612324
noise_200hz,25,17.87999999999887,19.37999999999887,19.880000000001314,identified_boundary_pressured,promoted,False,bound_hit,11,11,486.67896880394505,0.04289231494910037,2,0.7292087265344037,0.480423106713952,0.18944637792371827,9.813273263059967,0.19700078258992101,0.9484682605940689,4.790983775634902,0.9571326896999304,0.008664429105861515,3.8425155150408328,0.436979629736166,0.4479915860468552,-0.011011956310689186,0.48620977415275235
noise_200hz,26,18.37999999999948,19.87999999999948,20.380000000001925,identified_boundary_pressured,valid_unpromoted_not_heldout_better,False,bound_hit,11,11,416.36970332177236,0.044705978620108285,2,0.6047856064859266,0.42944732849930795,0.15259429970208618,9.525887113025977,0.13624650642393712,0.8375686814845694,4.715760396552309,0.8123855703998768,-0.025183111084692622,3.8781917150677394,0.43035216067855725,0.436979629736166,-0.006627469057608748,0.5044462193785902
noise_200hz,27,18.88000000000009,20.38000000000009,20.380000000001925,identified_boundary_pressured,valid_unpromoted_not_heldout_better,False,bound_hit,11,11,391.150860712569,0.04386436978349927,2,0.6282684669909301,0.37021035538078034,0.15260036007717218,9.525887113025977,0.13624650642393712,0.8366112199520289,4.715760396552309,0.8123855703998768,-0.024225649552152118,3.8791491766002797,0.4294301394789637,0.436979629736166,-0.007549490257202307,0.5040451695521123
noise_200hz,28,19.380000000000702,20.880000000000702,20.880000000002536,identified_boundary_pressured,valid_unpromoted_not_heldout_better,False,bound_hit,11,11,391.150860712569,0.043862662811413544,2,0.6287043594764827,0.3701959487280551,0.1868416910929701,9.784984723775022,0.17231280266406948,0.928702061670576,4.808880009506516,0.9093780056053462,-0.0193240560652298,3.8801779478359397,0.4293935956607442,0.436979629736166,-0.007586034075421799,0.5040725799731395
noise_200hz,29,19.880000000001314,21.380000000001314,21.380000000003147,identified_boundary_pressured,valid_unpromoted_not_heldout_better,False,bound_hit,11,11,388.7663423326971,0.043548906423475024,2,0.6313282621763205,0.36309165996197873,0.23614070523465241,10.079950432765857,0.22720669007353073,1.0103230757146604,4.861216531403663,0.9981486756437686,-0.012174400070891767,3.8508934556890027,0.4287288307121486,0.436979629736166,-0.008250799024017375,0.5039609417303974
noise_200hz,30,20.380000000001925,21.880000000001925,,identified_boundary_pressured,pending_insufficient_future_validation,False,bound_hit,11,11,393.8795281853344,0.04313030607839118,2,0.7047083154159187,0.3527198911437071,,,,nan,nan,nan,nan,nan,nan,,,nan
noise_200hz,31,20.880000000002536,22.380000000002536,,identified_boundary_pressured,pending_insufficient_future_validation,False,bound_hit,11,11,404.9368632302295,0.0428114151088401,2,0.7958668827731129,0.3462572601257549,,,,nan,nan,nan,nan,nan,nan,,,nan
noise_200hz,32,21.380000000003147,22.880000000003147,,identified_boundary_pressured,pending_insufficient_future_validation,False,bound_hit,11,11,409.7396151343902,0.044011741753735796,3,1.0799951862117814,0.34109479867222126,,,,nan,nan,nan,nan,nan,nan,,,nan
noise_200hz,33,21.880000000003758,23.380000000003758,,identified_boundary_pressured,pending_insufficient_future_validation,False,bound_hit,11,11,409.6075208441272,0.04381286038021226,3,1.0999414222883144,0.33492588496002434,,,,nan,nan,nan,nan,nan,nan,,,nan
noise_200hz,34,22.38000000000437,23.88000000000437,,identified_boundary_pressured,pending_insufficient_future_validation,False,bound_hit,11,11,409.6075208441272,0.04381286038021226,3,1.0999414222883144,0.33492588496002434,,,,nan,nan,nan,nan,nan,nan,,,nan
noise_200hz,35,22.88000000000498,24.38000000000498,,identified_boundary_pressured,pending_insufficient_future_validation,False,bound_hit,11,11,409.6075208441272,0.04381286038021226,3,1.0999414222883144,0.33492588496002434,,,,nan,nan,nan,nan,nan,nan,,,nan
noise_bias_drift_200hz,0,5.380000000000131,6.880000000000131,6.880000000000632,identified_boundary_pressured,promoted,False,bound_hit,11,11,6513.780311950414,0.048532105642532256,2,2.399830037757661,13.629061725351013,12.371609367989533,14.47411491182136,14.47411491182136,4.3499773946401845,4.728967734892647,4.728967734892647,0.3789903402524626,0.3789903402524626,0.4700588009731886,0.46038359121476413,0.009675209758424452,0.06391097299304324
noise_bias_drift_200hz,1,5.880000000000298,7.380000000000298,7.380000000000799,identified_boundary_pressured,promoted,False,bound_hit,11,11,6513.780311950414,0.04845679001780498,2,2.464021827420409,13.607911163579557,10.6212303754147,14.54178591447915,12.464502473948498,4.028219415293257,4.7612302460286635,4.386862306550311,0.3586428912570545,0.7330108307354068,0.4872270968146822,0.4700588009731886,0.017168295841493597,0.12582340798757685
noise_bias_drift_200hz,2,6.380000000000465,7.880000000000465,8.380000000000795,identified_boundary_pressured,promoted,False,bound_hit,11,11,4092.7586867844643,0.04868254570728461,3,1.3840469718317385,7.754992059211204,9.26009745787811,14.47267884066495,10.790329754440439,3.6779982268959146,4.695376523098543,4.0098461264338265,0.33184789953791194,1.017378296202628,0.4873502659183901,0.4872270968146822,0.00012316910370790968,0.17910872261534522
noise_bias_drift_200hz,3,6.880000000000632,8.380000000000631,8.880000000000518,identified_boundary_pressured,promoted,False,"bound_hit,non_positive_definite_mass_matrix",11,11,4059.9170662682823,0.0474709805959995,3,1.5577606625929141,6.636829435283176,7.1752995662795005,13.472038124669005,8.791351357045489,3.2356523195024836,4.549869716180022,3.616187834674074,0.38053551517159034,1.3142173966775386,0.474496859167968,0.4873502659183901,-0.01285340675042207,0.22614020764738466
noise_bias_drift_200hz,4,7.380000000000799,8.880000000000798,8.880000000000518,identified_boundary_pressured,promoted,False,"bound_hit,non_positive_definite_mass_matrix",11,11,4227.698737867983,0.045940030256713615,3,1.6045167886626732,6.061594603733663,5.8709077127752725,13.472038124669005,7.1752995662795005,2.8856713980360333,4.549869716180022,3.2356523195024836,0.3499809214664502,1.6641983181439888,0.4552447625506312,0.474496859167968,-0.019252096617336845,0.2640269660922344
noise_bias_drift_200hz,5,7.880000000000966,9.380000000000965,10.399999999999675,identified_boundary_pressured,promoted,False,bound_hit,11,11,4264.796998085577,0.04609852798891393,3,1.711052272890093,5.849403211070788,3.627823675765929,10.785070454948418,4.504343521041932,2.5385410495807212,4.420107319509612,2.855095660471713,0.3165546108909916,1.881566269928891,0.4346063996129747,0.4552447625506312,-0.020638362937656474,0.3004945569799386
noise_bias_drift_200hz,6,8.380000000000795,9.880000000000795,10.899999999999398,identified_boundary_pressured,promoted,False,bound_hit,11,11,1525.969344973897,0.045204221695600066,3,1.740996910353314,2.05968420605222,1.8897628025655253,9.294451297699727,2.4109565562679114,2.013719614776447,4.288529514205179,2.2615074056214506,0.24778779084500346,2.2748098994287322,0.3958603848564854,0.4043046587186577,-0.00844427386217228,0.37816574912877626
noise_bias_drift_200hz,7,8.880000000000518,10.380000000000518,10.899999999999398,identified_boundary_pressured,promoted,False,bound_hit,11,11,854.0624923851078,0.045337756671664425,3,1.4292029699126556,1.051691027832843,1.557897076743827,9.666710645383823,1.9674281251051275,1.8049232322186524,4.288529514205179,2.013719614776447,0.20879638255779476,2.483606281986527,0.3853516603513981,0.3958603848564854,-0.010508724505087275,0.41854463492614563
noise_bias_drift_200hz,8,9.38000000000024,10.88000000000024,10.87999999999941,identified_boundary_pressured,promoted,False,bound_hit,11,11,854.0624923851078,0.04555450757450421,3,1.4602862431588335,1.0567189559114665,2.5102889480594817,9.666710645383823,3.172645778830187,2.2615074056214506,4.288529514205179,2.538385570318903,0.2768781646974525,2.0270221085837288,0.4043046587186577,0.4346063996129747,-0.03030174089431703,0.33107884909652385
noise_bias_drift_200hz,9,9.879999999999963,11.379999999999963,17.899999999998894,identified_boundary_pressured,promoted,False,bound_hit,11,11,854.0624923851078,0.04575976929031072,3,1.4873756404809082,1.0614803715773236,0.9360058412156119,8.800169562741987,1.2101219040126552,1.5544286493081547,4.302903472029429,1.732004990816578,0.17757634150842327,2.748474822721274,0.38544569833355014,0.3853516603513981,9.403798215201764e-05,0.46234483052033354
noise_bias_drift_200hz,10,10.379999999999686,11.879999999999686,18.37999999999948,identified_boundary_pressured,promoted,False,bound_hit,11,11,651.956316437556,0.049465369791594424,4,1.6265723769240263,0.8000949949370045,0.3659166309632372,8.689308131634105,0.6520028780786066,1.2847036869906336,4.510725181710378,1.5466740221949895,0.26197033520435586,3.2260214947197445,0.38970197331190354,0.38544569833355014,0.004256274978353403,0.5047448221834462
noise_bias_drift_200hz,11,10.87999999999941,12.37999999999941,18.37999999999948,identified_boundary_pressured,promoted,False,bound_hit,11,11,546.6263862835295,0.051460515756722655,3,1.688111155733117,0.6430075849381598,0.1988156490062933,8.689308131634105,0.3659166309632372,1.0864210716920815,4.510725181710378,1.2847036869906336,0.19828261529855218,3.424304110018297,0.4017607565044297,0.38970197331190354,0.012058783192526179,0.5479780719772088
noise_bias_drift_200hz,12,11.379999999999132,12.879999999999132,18.37999999999948,identified_boundary_pressured,promoted,False,bound_hit,11,11,542.2978128958299,0.05220359321982114,3,1.5728207156366327,0.621753104584573,0.11339822563925948,8.988885197833525,0.20295354945804783,0.9424253870460718,4.496389228590816,1.076825141047415,0.13439975400134319,3.5539638415447445,0.42250886061402326,0.4017607565044297,0.020748104109593546,0.5911093562276004
noise_bias_drift_200hz,13,11.879999999998855,13.379999999998855,18.37999999999948,identified_boundary_pressured,promoted,False,bound_hit,11,11,542.2978128958299,0.05192430509552716,3,1.5698076639044214,0.6184267385694563,0.06778997849794378,8.988885197833525,0.11339822563925948,0.8510539848273156,4.496389228590816,0.9424253870460718,0.09137140221875617,3.6453352437635007,0.4487342972856996,0.42250886061402326,0.026225436671676317,0.6337275610534995
noise_bias_drift_200hz,14,12.379999999998578,13.879999999998578,18.37999999999948,identified_boundary_pressured,promoted,False,bound_hit,11,11,542.2978128958299,0.05163966279885059,3,1.566456216121271,0.6150366035090302,0.04901201798502716,8.988885197833525,0.06778997849794378,0.794817096041119,4.496389228590816,0.8510539848273156,0.05623688878619659,3.701572132549697,0.47872707666216424,0.4487342972856996,0.029992779376464662,0.6755426074572904
noise_bias_drift_200hz,15,12.8799999999983,14.3799999999983,18.37999999999948,identified_boundary_pressured,promoted,False,bound_hit,11,11,542.2978128958299,0.05163966279885059,3,1.566456216121271,0.6150366035090302,0.04427787380463809,8.566756377954832,0.04727084908549599,0.7580808219895374,4.474177457204292,0.7868659583064095,0.028785136316872073,3.716096635214755,0.5110989986705029,0.47872707666216424,0.03237192200833866,0.7164184745222681
noise_bias_drift_200hz,16,13.379999999998024,14.879999999998024,18.37999999999948,identified_boundary_pressured,valid_unpromoted_not_heldout_better,False,bound_hit,11,11,542.2978128958299,0.05138472660574878,3,1.5627926389333173,0.6120002728705515,0.048140894023026695,8.566756377954832,0.04427787380463809,0.7472369605824308,4.474177457204292,0.7580808219895374,0.01084386140710658,3.7269404966218613,0.5451328942684018,0.5110989986705029,0.03403389559789893,0.7563639180922797
noise_bias_drift_200hz,17,13.879999999997747,15.379999999997747,18.37999999999948,identified_boundary_pressured,valid_unpromoted_not_heldout_better,False,bound_hit,11,11,542.2978128958299,0.051202470289028704,3,1.5603691689594525,0.6098295711283612,0.04732806263382644,8.212181705236702,0.04363444583704479,0.7475168749759654,4.474177457204292,0.7580808219895374,0.010563947013571995,3.7266605822283267,0.5452333608202927,0.5110989986705029,0.03413436214978982,0.7563838565578649
noise_bias_drift_200hz,18,14.37999999999747,15.87999999999747,18.37999999999948,identified_boundary_pressured,valid_unpromoted_not_heldout_better,False,bound_hit,11,11,542.2978128958299,0.05105278840819664,3,1.5582582022145974,0.6080468361025267,0.04716992684039139,8.212181705236702,0.04363444583704479,0.7477694388343525,4.474177457204292,0.7580808219895374,0.010311383155184872,3.7264080183699395,0.5453151723011347,0.5110989986705029,0.034216173630631785,0.7563922628183929
noise_bias_drift_200hz,19,14.879999999997192,16.379999999997192,18.37999999999948,identified_boundary_pressured,valid_unpromoted_not_heldout_better,False,bound_hit,11,11,542.2978128958299,0.05093742507175409,3,1.5569155767809726,0.6066728404029136,0.04702613863793856,8.212181705236702,0.04363444583704479,0.7480009760105498,4.474177457204292,0.7580808219895374,0.01007984597898759,3.7261764811937423,0.5453743547662595,0.5110989986705029,0.034275356095756604,0.7563954067572508
noise_bias_drift_200hz,20,15.379999999996915,16.879999999996915,18.37999999999948,identified_boundary_pressured,valid_unpromoted_not_heldout_better,False,bound_hit,11,11,542.2978128958299,0.050918397565366424,3,1.5568582473142978,0.6064462197731952,0.04708874184110396,8.212181705236702,0.04363444583704479,0.7480231363190591,4.474177457204292,0.7580808219895374,0.010057685670478267,3.7261543208852332,0.5453914444612901,0.5110989986705029,0.03429244579078716,0.7564202119485263
noise_bias_drift_200hz,21,15.879999999996638,17.379999999996638,18.37999999999948,identified_boundary_pressured,valid_unpromoted_not_heldout_better,False,bound_hit,11,11,542.2978128958299,0.050918397565366424,3,1.5568582473142978,0.6064462197731952,0.04708874184110396,8.212181705236702,0.04363444583704479,0.7480231363190591,4.474177457204292,0.7580808219895374,0.010057685670478267,3.7261543208852332,0.5453914444612901,0.5110989986705029,0.03429244579078716,0.7564202119485263
noise_bias_drift_200hz,22,16.379999999997036,17.879999999997036,18.37999999999948,identified_boundary_pressured,valid_unpromoted_not_heldout_better,False,bound_hit,11,11,542.2978128958299,0.050893042490337013,3,1.5567707078133655,0.6061442367937837,0.04710566414720016,8.212181705236702,0.04363444583704479,0.7480770876821558,4.474177457204292,0.7580808219895374,0.010003734307381662,3.7261003695221366,0.5454074100393669,0.5110989986705029,0.03430841136886398,0.756436104361156
noise_bias_drift_200hz,23,16.879999999997647,18.379999999997647,18.37999999999948,identified_boundary_pressured,valid_unpromoted_not_heldout_better,False,bound_hit,11,11,542.2978128958299,0.05083736407400194,3,1.5558306517318046,0.6054810979928027,0.04705323279564747,8.212181705236702,0.04363444583704479,0.7481856794299244,4.474177457204292,0.7580808219895374,0.00989514255961299,3.725991777774368,0.5454391794974095,0.5110989986705029,0.0343401808269066,0.7564417010835465
noise_bias_drift_200hz,24,17.379999999998258,18.879999999998258,18.88000000000009,identified_boundary_pressured,promoted,False,bound_hit,11,11,542.2978128958299,0.05088783888415004,3,1.5566725034433229,0.6060822610158298,0.08010902483766429,9.979636855915004,0.09939755565258487,0.716641035068939,4.738814246402592,0.7408139744212576,0.02417293935231868,4.022173211333653,0.545418029426008,0.5110989986705029,0.03431903075550513,0.756468099603898
noise_bias_drift_200hz,25,17.87999999999887,19.37999999999887,19.880000000001314,identified_boundary_pressured,promoted,False,bound_hit,11,11,486.67896880394505,0.05401540610528129,4,1.4076289230277652,0.6050092946092969,0.07548521833659527,11.344743470100916,0.11169823930678185,0.6515190871332972,4.790983775634902,0.6478314487499574,-0.003687638383339853,4.139464688501604,0.571014342791683,0.545418029426008,0.025596313365674916,0.7964095661716932
noise_bias_drift_200hz,26,18.37999999999948,19.87999999999948,20.380000000001925,identified_boundary_pressured,promoted,False,bound_hit,11,11,416.36970332177236,0.05659272317634363,3,1.3473198255942496,0.5436318481495032,0.06845924460198598,11.357302791230637,0.08472775436259498,0.5778763116666521,4.715760396552309,0.5644984238400161,-0.013377887826635959,4.137884084885656,0.6007175621154068,0.571014342791683,0.029703219323723884,0.833998588949715
noise_bias_drift_200hz,27,18.88000000000009,20.38000000000009,20.380000000001925,identified_boundary_pressured,promoted,False,bound_hit,11,11,391.150860712569,0.056313004037175804,3,1.3815212961858383,0.4752754306071112,0.05686182622465732,11.357302791230637,0.06845924460198598,0.5755209130437245,4.715760396552309,0.5778763116666521,0.0023553986229275514,4.1402394835085845,0.6334071621999294,0.6007175621154068,0.032689600084522596,0.8677396247018193
noise_bias_drift_200hz,28,19.380000000000702,20.880000000000702,20.880000000002536,identified_boundary_pressured,promoted,False,bound_hit,11,11,391.150860712569,0.05633629422085428,3,1.3822500604619044,0.47547199714207006,0.08421967996209861,12.185832834733532,0.09490890046356776,0.6037753153160149,4.808880009506516,0.6053487298846663,0.0015734145686513434,4.205104694190501,0.6641789004096147,0.6334071621999294,0.030771738209685262,0.8990484401271499
noise_bias_drift_200hz,29,19.880000000001314,21.380000000001314,21.380000000003147,identified_boundary_pressured,promoted,False,bound_hit,11,11,388.7663423326971,0.05597015489460386,3,1.3531732391335651,0.4666545756946048,0.12062737252797005,13.129645443883152,0.13205460243133624,0.6260735678808413,4.861216531403663,0.6254583594685827,-0.0006152084122585944,4.235142963522822,0.6925627360111297,0.6641789004096147,0.02838383560151503,0.9277686178629824
noise_bias_drift_200hz,30,20.380000000001925,21.880000000001925,,identified_boundary_pressured,pending_insufficient_future_validation,False,bound_hit,11,11,393.8795281853344,0.05426484390809517,2,1.3382039069285971,0.44377820554774833,,,,nan,nan,nan,nan,nan,nan,,,nan
noise_bias_drift_200hz,31,20.880000000002536,22.380000000002536,,identified_boundary_pressured,pending_insufficient_future_validation,False,bound_hit,11,11,404.9368632302295,0.057292510568220496,2,1.5288566169291424,0.4633798645675126,,,,nan,nan,nan,nan,nan,nan,,,nan
noise_bias_drift_200hz,32,21.380000000003147,22.880000000003147,,identified_boundary_pressured,pending_insufficient_future_validation,False,bound_hit,11,11,409.7396151343902,0.06413060243342855,3,2.049620200140172,0.4970177060511771,,,,nan,nan,nan,nan,nan,nan,,,nan
noise_bias_drift_200hz,33,21.880000000003758,23.380000000003758,,identified_boundary_pressured,pending_insufficient_future_validation,False,bound_hit,11,11,409.6075208441272,0.06459020228354381,3,2.12739680983906,0.4937575513634632,,,,nan,nan,nan,nan,nan,nan,,,nan
noise_bias_drift_200hz,34,22.38000000000437,23.88000000000437,,identified_boundary_pressured,pending_insufficient_future_validation,False,bound_hit,11,11,409.6075208441272,0.06459020228354381,3,2.12739680983906,0.4937575513634632,,,,nan,nan,nan,nan,nan,nan,,,nan
noise_bias_drift_200hz,35,22.88000000000498,24.38000000000498,,identified_boundary_pressured,pending_insufficient_future_validation,False,bound_hit,11,11,409.6075208441272,0.06459020228354381,3,2.12739680983906,0.4937575513634632,,,,nan,nan,nan,nan,nan,nan,,,nan
noise_bias_delay_200hz,0,5.350000000000121,6.850000000000121,6.850000000000622,identified_boundary_pressured,promoted,False,"bound_hit,non_positive_definite_mass_matrix",11,11,7123.980464585032,0.05022898931461505,3,3.033277789503541,13.853944046673034,11.698153084661065,14.24281643104881,14.24281643104881,4.1945353839414,4.6904471210919345,4.6904471210919345,0.4959117371505348,0.4959117371505348,0.4538027638911286,0.46038359121476413,-0.006580827323635519,0.08358544392036336
noise_bias_delay_200hz,1,5.850000000000288,7.350000000000288,7.350000000000789,identified_boundary_pressured,promoted,False,bound_hit,11,11,4946.848329839995,0.048643034767881524,4,2.820642539966861,8.60845375212576,9.668304905244714,14.196175709566768,11.667284823724799,3.8241950304495473,4.749365616729489,4.25599226736486,0.4317972369153127,0.9251705862799415,0.4522512545483121,0.4538027638911286,-0.0015515093428165039,0.1610656228789723
noise_bias_delay_200hz,2,6.350000000000455,7.850000000000455,8.350000000000811,identified_boundary_pressured,promoted,False,"bound_hit,non_positive_definite_mass_matrix",11,11,3953.329529519248,0.047285801251757874,4,1.7068048328781484,6.2873013578044965,7.790050070799257,14.192925040244063,9.502606271601547,3.3817903852923905,4.751958016662835,3.792073667674017,0.4102832823816267,1.3701676313704443,0.4611440656774069,0.4522512545483121,0.008892811129094791,0.23557969472388549
noise_bias_delay_200hz,3,6.850000000000622,8.350000000000623,10.349999999999703,identified_boundary_pressured,promoted,False,"bound_hit,non_positive_definite_mass_matrix",11,11,3791.5647302958087,0.045251778175797945,5,0.8001872975937387,5.240911786713673,4.508808430069347,11.724276442079486,5.818310782878639,2.660530058503407,4.483000894104623,3.06513118827177,0.4046011297683627,1.8224708356012158,0.4795044837468362,0.4611440656774069,0.018360418069429285,0.30859805177595023
noise_bias_delay_200hz,4,7.350000000000789,8.85000000000079,10.369999999999692,identified_boundary_pressured,promoted,False,bound_hit,11,11,3876.705708829982,0.04279764584943366,5,0.935934778210198,4.67125294270693,3.4241364057095343,11.724276442079486,4.508808430069347,2.2817831317132944,4.483000894104623,2.660530058503407,0.3787469267901127,2.2012177623913285,0.5035373950515544,0.4795044837468362,0.024032911304718185,0.37878316067829
noise_bias_delay_200hz,5,7.850000000000956,9.350000000000957,,identified_boundary_pressured,pending_insufficient_future_validation,False,bound_hit,11,11,3840.630015628404,0.042030514610335155,5,0.8572392324209059,4.464047335920854,,,,nan,nan,nan,nan,nan,nan,,,nan
noise_bias_delay_200hz,6,8.350000000000811,9.850000000000811,,identified_boundary_pressured,pending_insufficient_future_validation,False,"bound_hit,non_positive_definite_mass_matrix",11,11,2129.302109654734,0.043093124176691845,2,0.652739003165797,2.397761010714931,,,,nan,nan,nan,nan,nan,nan,,,nan
noise_bias_delay_200hz,7,8.850000000000534,10.350000000000534,,identified_boundary_pressured,pending_insufficient_future_validation,False,bound_hit,11,11,1027.3555670997234,0.04311335970944822,3,1.0355893838330696,1.1750535852893906,,,,nan,nan,nan,nan,nan,nan,,,nan
noise_bias_delay_200hz,8,9.350000000000257,10.850000000000257,,identified_boundary_pressured,pending_insufficient_future_validation,False,bound_hit,11,11,646.7071633035958,0.04406369601114103,4,1.5840750569572268,0.725746407768172,,,,nan,nan,nan,nan,nan,nan,,,nan
noise_bias_delay_200hz,9,9.84999999999998,11.34999999999998,,identified_boundary_pressured,pending_insufficient_future_validation,False,bound_hit,11,11,646.7071633035958,0.044009789981819696,4,1.5817470318671047,0.7248585542588541,,,,nan,nan,nan,nan,nan,nan,,,nan
noise_bias_delay_200hz,10,10.349999999999703,11.849999999999703,,identified_boundary_pressured,pending_insufficient_future_validation,False,bound_hit,11,11,523.9771231082783,0.04455471408470957,3,0.9066639505651675,0.5474290941546075,,,,nan,nan,nan,nan,nan,nan,,,nan
noise_bias_delay_200hz,11,10.849999999999426,12.349999999999426,,identified_boundary_pressured,pending_insufficient_future_validation,False,bound_hit,11,11,508.9144429649347,0.04460398186336855,2,0.9539199410988982,0.526318102275372,,,,nan,nan,nan,nan,nan,nan,,,nan
noise_bias_delay_200hz,12,11.349999999999149,12.849999999999149,,identified_boundary_pressured,pending_insufficient_future_validation,False,bound_hit,11,11,508.9144429649347,0.044536330859938404,2,0.9511831652129321,0.5255198339088516,,,,nan,nan,nan,nan,nan,nan,,,nan
noise_bias_delay_200hz,13,11.849999999998872,13.349999999998872,,identified_boundary_pressured,pending_insufficient_future_validation,False,bound_hit,11,11,508.9144429649347,0.0445049941581917,2,0.9503025564501764,0.5251500670695274,,,,nan,nan,nan,nan,nan,nan,,,nan
noise_bias_delay_200hz,14,12.349999999998595,13.849999999998595,,identified_boundary_pressured,pending_insufficient_future_validation,False,bound_hit,11,11,508.9144429649347,0.04442943284828138,2,0.9470531336806207,0.5242584586620255,,,,nan,nan,nan,nan,nan,nan,,,nan
noise_bias_delay_200hz,15,12.849999999998317,14.349999999998317,,identified_boundary_pressured,pending_insufficient_future_validation,False,bound_hit,11,11,508.9144429649347,0.04442943284828138,2,0.9470531336806207,0.5242584586620255,,,,nan,nan,nan,nan,nan,nan,,,nan
noise_bias_delay_100hz,0,3.829999999999689,5.329999999999689,7.330000000000783,identified_boundary_pressured,promoted,False,"bound_hit,non_positive_definite_mass_matrix",11,11,11022.749212763321,0.0336903743775553,6,0.5525032725632186,15.809029715239893,12.924803034791136,15.385410356034791,15.385410356034791,4.259213797121287,4.715245624346647,4.715245624346647,0.4560318272253596,0.4560318272253596,0.47207800084800583,0.46038359121476413,0.011694409633241698,0.07957439057803806
noise_bias_delay_100hz,1,4.329999999999781,5.829999999999781,7.330000000000783,identified_boundary_pressured,promoted,False,"bound_hit,non_positive_definite_mass_matrix",11,11,8357.29692351432,0.03683495348880439,5,0.4961148336481894,11.655715445405233,10.726623226398928,15.385410356034791,12.924803034791136,3.8151897103247863,4.715245624346647,4.259213797121287,0.44402408679650085,0.9000559140218605,0.49890918386892624,0.47207800084800583,0.026831183020920413,0.16063272639893658
noise_bias_delay_100hz,2,4.829999999999948,6.329999999999948,7.330000000000783,identified_boundary_pressured,promoted,False,"bound_hit,non_positive_definite_mass_matrix",11,11,6465.772114482337,0.04978746178434924,4,1.1540103822201708,10.89976796753952,9.203736700401471,16.112736669423363,11.241470366373935,3.3900065906517365,4.720361288506802,3.8195422820186957,0.42953569136695924,1.3303546978550655,0.5369631796020005,0.49890918386892624,0.03805399573307422,0.24283997097291976
noise_bias_delay_100hz,3,5.330000000000115,6.830000000000115,7.330000000000783,identified_boundary_pressured,promoted,False,"bound_hit,non_positive_definite_mass_matrix",11,11,5942.604660500916,0.06098819015062255,4,3.1900623100248886,12.150814192036709,7.651377976256731,16.112736669423363,9.203736700401471,3.0494889984370475,4.720361288506802,3.3900065906517365,0.340517592214689,1.6708722900697546,0.5747838335346586,0.5369631796020005,0.0378206539326581,0.30893795116682
noise_bias_delay_100hz,4,5.830000000000282,7.330000000000282,8.830000000000545,identified_boundary_pressured,promoted,False,"bound_hit,non_positive_definite_mass_matrix",11,11,4467.107764911406,0.06685704657881558,3,3.941375270332624,9.568899054832603,6.7732094884797505,15.666428033874256,7.87609896908042,2.83988528881916,4.629949613632543,3.1143918505480555,0.27450656172889554,1.790064324813383,0.5918603975120074,0.5747838335346586,0.017076563977348802,0.3535046316435774
noise_bias_delay_100hz,5,6.330000000000449,7.830000000000449,8.830000000000545,identified_boundary_pressured,promoted,False,bound_hit,11,11,3931.4875327677846,0.07214226385878011,4,2.8429265114840567,8.113133970595191,5.675858638257115,15.666428033874256,6.7732094884797505,2.5446506530931234,4.629949613632543,2.83988528881916,0.2952346357260365,2.0852989605394194,0.5904346229637801,0.5918603975120074,-0.0014257745482272322,0.3913627182789165
noise_bias_delay_100hz,6,6.830000000000616,8.330000000000616,10.329999999999714,identified_boundary_pressured,promoted,False,bound_hit,11,11,3968.2321444716995,0.07382292438648555,3,2.7678620971826615,8.06978487649459,3.6828144462951267,12.676249390530621,4.679740175932087,2.2665378497392834,4.375107676115118,2.5990218725046557,0.33248402276537226,2.108569826375835,0.5559879728715466,0.5904346229637801,-0.03444665009223358,0.4017572554146248
noise_bias_delay_100hz,7,7.330000000000783,8.830000000000783,10.349999999999703,identified_boundary_pressured,promoted,False,bound_hit,11,11,3803.021274125643,0.07302483066613148,4,2.35629602679306,7.254583890282584,2.77761316036215,12.676249390530621,3.6828144462951267,1.9028122030160197,4.375107676115118,2.2665378497392834,0.3637256467232637,2.4722954730990985,0.5210333503972641,0.5559879728715466,-0.03495462247428249,0.41785148446912324
noise_bias_delay_100hz,8,7.8300000000009495,9.33000000000095,10.349999999999703,identified_boundary_pressured,promoted,False,bound_hit,11,11,3497.468988482656,0.07209857446597454,4,2.426206720945946,6.4448916003560575,2.0746248219427965,12.676249390530621,2.77761316036215,1.5739308785705113,4.375107676115118,1.9028122030160197,0.32888132444550844,2.801176797544607,0.49504168498253526,0.5210333503972641,-0.025991665414728804,0.4439859455026305
noise_bias_delay_100hz,9,8.330000000000823,9.830000000000823,11.349999999999149,identified_boundary_pressured,promoted,False,bound_hit,11,11,3497.468988482656,0.07226301168704168,4,2.4378735968033585,6.459590643613031,1.210128112534217,10.289222273108411,1.7060955502101072,1.6800036991236649,4.245739824905033,1.9197514026399451,0.23974770351628027,2.565736125781368,0.48027922566353337,0.49504168498253526,-0.014762459319001886,0.4772872882251883
noise_bias_delay_100hz,10,8.830000000000545,10.330000000000545,11.349999999999149,identified_boundary_pressured,promoted,False,bound_hit,11,11,926.0543730304574,0.071386278275807,3,2.4012827376425787,1.8556495659844143,0.9522208662037643,10.289222273108411,1.210128112534217,1.5324832084313464,4.245739824905033,1.6800036991236649,0.14752049069231843,2.713256616473686,0.4697750198847749,0.48027922566353337,-0.01050420577875849,0.5042421595896733
noise_bias_delay_100hz,11,9.330000000000268,10.830000000000268,11.349999999999149,identified_boundary_pressured,promoted,False,bound_hit,11,11,808.4279038423131,0.07154631305967438,4,2.41192179188279,1.5358397688971572,0.6794558592430829,10.762853816409823,1.011186689568112,1.3802983832637474,4.269358275729196,1.5487516417811384,0.168453258517391,2.8890598924654487,0.46621302485724986,0.4697750198847749,-0.0035619950275250223,0.5371172289914825
noise_bias_delay_100hz,12,9.829999999999991,11.329999999999991,,identified_boundary_pressured,pending_insufficient_future_validation,False,bound_hit,11,11,808.4279038423131,0.07131506221409965,4,2.402955349031875,1.5308756522287197,,,,nan,nan,nan,nan,nan,nan,,,nan
noise_bias_delay_100hz,13,10.329999999999714,11.829999999999714,,identified_boundary_pressured,pending_insufficient_future_validation,False,bound_hit,11,11,559.5238693306267,0.07054296377493001,4,2.3430390644307595,0.8910727307132184,,,,nan,nan,nan,nan,nan,nan,,,nan
noise_bias_delay_100hz,14,10.829999999999437,12.329999999999437,,identified_boundary_pressured,pending_insufficient_future_validation,False,bound_hit,11,11,555.4963821576781,0.06994312991463632,4,2.367141768113427,0.8727026300009249,,,,nan,nan,nan,nan,nan,nan,,,nan
noise_bias_delay_100hz,15,11.32999999999916,12.82999999999916,,identified_boundary_pressured,pending_insufficient_future_validation,False,bound_hit,11,11,531.6877043834181,0.08029984725524342,3,2.5176520601718835,0.9247396102132697,,,,nan,nan,nan,nan,nan,nan,,,nan
noise_bias_delay_100hz,16,11.829999999998883,13.329999999998883,,identified_boundary_pressured,pending_insufficient_future_validation,False,bound_hit,11,11,479.1848845781452,0.10209797974940474,3,4.122679532534271,0.9601291087630184,,,,nan,nan,nan,nan,nan,nan,,,nan
noise_bias_delay_100hz,17,12.329999999998606,13.829999999998606,,identified_boundary_pressured,pending_insufficient_future_validation,False,bound_hit,11,11,479.1848845781452,0.10207716283832878,3,4.126055351673312,0.9599333465909595,,,,nan,nan,nan,nan,nan,nan,,,nan
