condition,evaluation_count,level,restart,generation,status,candidate_J_F_n_s,best_known_J_F_n_s,path_degrees_of_freedom
sync_120,1,1,0,0,VALID,1529.600078270632,1488.9721181459286,2
sync_120,2,1,0,0,VALID,1488.9721181459286,1488.9721181459286,2
sync_120,3,1,0,0,VALID,1488.9721181459286,1488.9721181459286,2
sync_120,4,1,0,0,VALID,1542.6034905842741,1488.9721181459286,2
sync_120,5,1,0,0,INFEASIBLE,,1488.9721181459286,2
sync_120,6,1,0,0,INFEASIBLE,,1488.9721181459286,2
sync_120,7,1,0,0,INFEASIBLE,,1488.9721181459286,2
sync_120,8,1,0,0,VALID,1598.8286901951165,1488.9721181459286,2
sync_120,9,1,0,1,VALID,1529.2990169962507,1488.9721181459286,2
sync_120,10,1,0,1,VALID,1485.9997648862675,1485.9997648862675,2
sync_120,11,1,0,1,VALID,1508.903802394634,1485.9997648862675,2
sync_120,12,1,0,1,VALID,1506.956232207003,1485.9997648862675,2
sync_120,13,1,0,1,VALID,1519.5846433001338,1485.9997648862675,2
sync_120,14,1,0,1,VALID,1526.5681480199696,1485.9997648862675,2
sync_120,15,1,0,1,VALID,1535.7050465411337,1485.9997648862675,2
sync_120,16,1,0,1,INFEASIBLE,,1485.9997648862675,2
sync_120,17,1,1,0,VALID,1488.9721181459286,1485.9997648862675,2
sync_120,18,1,1,0,VALID,1529.600078270632,1485.9997648862675,2
sync_120,19,1,1,0,VALID,1488.9721181459286,1485.9997648862675,2
sync_120,20,1,1,0,VALID,1542.6034905842741,1485.9997648862675,2
sync_120,21,1,1,0,INFEASIBLE,,1485.9997648862675,2
sync_120,22,1,1,0,INFEASIBLE,,1485.9997648862675,2
sync_120,23,1,1,0,VALID,1529.880509365483,1485.9997648862675,2
sync_120,24,1,1,0,VALID,1523.5969281506236,1485.9997648862675,2
variable_start_120,1,1,0,0,VALID,1482.1767594435482,1482.1767594435482,2
variable_start_120,2,1,0,0,VALID,1521.9383935276433,1482.1767594435482,2
variable_start_120,3,1,0,0,VALID,1534.7003328922838,1482.1767594435482,2
variable_start_120,4,1,0,0,VALID,1482.1767594435482,1482.1767594435482,2
variable_start_120,5,1,0,0,VALID,1500.2667415566757,1482.1767594435482,2
variable_start_120,6,1,0,0,VALID,1504.922532819106,1482.1767594435482,2
variable_start_120,7,1,0,0,VALID,1488.0088834248072,1482.1767594435482,2
variable_start_120,8,1,0,0,VALID,1540.5267386986036,1482.1767594435482,2
variable_start_120,9,1,1,0,VALID,1482.1767594435482,1482.1767594435482,2
variable_start_120,10,1,1,0,VALID,1521.9383935276433,1482.1767594435482,2
variable_start_120,11,1,1,0,VALID,1534.7003328922838,1482.1767594435482,2
variable_start_120,12,1,1,0,VALID,1482.1767594435482,1482.1767594435482,2
variable_start_120,13,1,1,0,INFEASIBLE,,1482.1767594435482,2
variable_start_120,14,1,1,0,INFEASIBLE,,1482.1767594435482,2
variable_start_120,15,1,1,0,VALID,1503.2246629076324,1482.1767594435482,2
variable_start_120,16,1,1,0,VALID,1523.4312357364724,1482.1767594435482,2
balanced_high,1,1,0,0,VALID,1207.1277930903273,1196.0304624776027,2
balanced_high,2,1,0,0,VALID,1196.0304624776027,1196.0304624776027,2
balanced_high,3,1,0,0,VALID,1207.4433639202612,1196.0304624776027,2
balanced_high,4,1,0,0,VALID,1196.0304624776027,1196.0304624776027,2
balanced_high,5,1,0,0,VALID,1207.0594940454353,1196.0304624776027,2
balanced_high,6,1,0,0,VALID,1191.4100728617786,1191.4100728617786,2
balanced_high,7,1,0,0,INFEASIBLE,,1191.4100728617786,2
balanced_high,8,1,0,0,VALID,1206.6139773092596,1191.4100728617786,2
balanced_high,9,1,1,0,VALID,1196.0304624776027,1191.4100728617786,2
balanced_high,10,1,1,0,VALID,1207.1277930903273,1191.4100728617786,2
balanced_high,11,1,1,0,VALID,1207.4433639202612,1191.4100728617786,2
balanced_high,12,1,1,0,VALID,1196.0304624776027,1191.4100728617786,2
balanced_high,13,1,1,0,INFEASIBLE,,1191.4100728617786,2
balanced_high,14,1,1,0,INFEASIBLE,,1191.4100728617786,2
balanced_high,15,1,1,0,INFEASIBLE,,1191.4100728617786,2
balanced_high,16,1,1,0,VALID,1203.9175590456007,1191.4100728617786,2
hip_ordinary,1,1,0,0,VALID,766.8209505354864,761.440631233328,2
hip_ordinary,2,1,0,0,VALID,763.3915932645589,761.440631233328,2
hip_ordinary,3,1,0,0,VALID,763.3915932645589,761.440631233328,2
hip_ordinary,4,1,0,0,VALID,767.5433469804822,761.440631233328,2
hip_ordinary,5,1,0,0,INFEASIBLE,,761.440631233328,2
hip_ordinary,6,1,0,0,VALID,768.0564669077032,761.440631233328,2
hip_ordinary,7,1,0,0,VALID,768.2824540405113,761.440631233328,2
hip_ordinary,8,1,0,0,INFEASIBLE,,761.440631233328,2
hip_ordinary,9,1,1,0,VALID,766.8209505354864,761.440631233328,2
hip_ordinary,10,1,1,0,VALID,763.3915932645589,761.440631233328,2
hip_ordinary,11,1,1,0,VALID,763.3915932645589,761.440631233328,2
hip_ordinary,12,1,1,0,VALID,767.8362239594278,761.440631233328,2
hip_ordinary,13,1,1,0,INFEASIBLE,,761.440631233328,2
hip_ordinary,14,1,1,0,INFEASIBLE,,761.440631233328,2
hip_ordinary,15,1,1,0,VALID,766.545258148308,761.440631233328,2
hip_ordinary,16,1,1,0,VALID,766.0569653873652,761.440631233328,2
low_ordinary_early,1,1,0,0,VALID,600.5050387770773,598.4145983930391,2
low_ordinary_early,2,1,0,0,VALID,599.0827734380309,598.4145983930391,2
low_ordinary_early,3,1,0,0,VALID,588.3192684590034,588.3192684590034,2
low_ordinary_early,4,1,0,0,VALID,600.5050387770773,588.3192684590034,2
low_ordinary_early,5,1,0,0,INVALID,,588.3192684590034,2
low_ordinary_early,6,1,0,0,INVALID,,588.3192684590034,2
low_ordinary_early,7,1,0,0,INFEASIBLE,,588.3192684590034,2
low_ordinary_early,8,1,0,0,VALID,600.7076893768424,588.3192684590034,2
low_ordinary_early,9,1,1,0,VALID,600.5050387770773,588.3192684590034,2
low_ordinary_early,10,1,1,0,VALID,599.0827734380309,588.3192684590034,2
low_ordinary_early,11,1,1,0,VALID,600.5050387770773,588.3192684590034,2
low_ordinary_early,12,1,1,0,VALID,599.1415026324701,588.3192684590034,2
low_ordinary_early,13,1,1,0,VALID,599.1053999444757,588.3192684590034,2
low_ordinary_early,14,1,1,0,VALID,601.2919973939759,588.3192684590034,2
low_ordinary_early,15,1,1,0,INFEASIBLE,,588.3192684590034,2
low_ordinary_early,16,1,1,0,VALID,600.4042079676624,588.3192684590034,2
low_ordinary_late,1,1,0,0,VALID,600.8659338092045,599.3258075289965,2
low_ordinary_late,2,1,0,0,VALID,600.4652341951532,599.3258075289965,2
low_ordinary_late,3,1,0,0,VALID,589.5510813095037,589.5510813095037,2
low_ordinary_late,4,1,0,0,VALID,600.8659338092045,589.5510813095037,2
low_ordinary_late,5,1,0,0,VALID,603.1900289934722,589.5510813095037,2
low_ordinary_late,6,1,0,0,VALID,604.1118795159928,589.5510813095037,2
low_ordinary_late,7,1,0,0,VALID,603.0972212271411,589.5510813095037,2
low_ordinary_late,8,1,0,0,VALID,602.4388146591439,589.5510813095037,2
low_ordinary_late,9,1,1,0,VALID,600.4652341951532,589.5510813095037,2
low_ordinary_late,10,1,1,0,VALID,600.8659338092045,589.5510813095037,2
low_ordinary_late,11,1,1,0,VALID,588.8675973910204,588.8675973910204,2
low_ordinary_late,12,1,1,0,VALID,600.8659338092045,588.8675973910204,2
low_ordinary_late,13,1,1,0,INFEASIBLE,,588.8675973910204,2
low_ordinary_late,14,1,1,0,VALID,602.2140357527448,588.8675973910204,2
low_ordinary_late,15,1,1,0,VALID,591.1824083774137,588.8675973910204,2
low_ordinary_late,16,1,1,0,VALID,602.0772618410506,588.8675973910204,2
