condition,arm,evaluation,phase,level,restart,generation,run_id,status,rankable,timing_isolated,candidate_J_F_n_s,best_J_F_n_s,v2_only_best_J_F_n_s,prior_incumbent_J_F_n_s
low_ordinary_early,MATCHED,1,A,1,,,A_low_ordinary_early_MATCHED_baseline_0,VALID,True,True,599.0827734380309,598.4145983930391,599.0827734380309,598.4145983930391
low_ordinary_early,MATCHED,2,A,1,,,A_low_ordinary_early_MATCHED_baseline_1,VALID,True,True,599.0827734380309,598.4145983930391,599.0827734380309,598.4145983930391
low_ordinary_early,MATCHED,3,A,1,,,A_low_ordinary_early_MATCHED_fixed_0,VALID,False,False,600.5050387770773,598.4145983930391,599.0827734380309,598.4145983930391
low_ordinary_early,MATCHED,4,A,1,,,A_low_ordinary_early_MATCHED_fixed_1,VALID,False,False,600.5050387770773,598.4145983930391,599.0827734380309,598.4145983930391
low_ordinary_early,MATCHED,5,A,1,,,A_low_ordinary_early_MATCHED_small,VALID,False,False,598.4211946647134,598.4145983930391,599.0827734380309,598.4145983930391
low_ordinary_early,MATCHED,6,A,1,,,A_low_ordinary_early_MATCHED_diverse,VALID,False,False,598.6363172575926,598.4145983930391,599.0827734380309,598.4145983930391
low_ordinary_early,MATCHED,7,B,1,0,0,B_low_ordinary_early_MATCHED_L1_R0_G0_C0,VALID,True,True,599.0827734380309,598.4145983930391,599.0827734380309,598.4145983930391
low_ordinary_early,MATCHED,8,B,1,0,0,B_low_ordinary_early_MATCHED_L1_R0_G0_C1,VALID,True,True,600.0316438893924,598.4145983930391,599.0827734380309,598.4145983930391
low_ordinary_early,MATCHED,9,B,1,0,0,B_low_ordinary_early_MATCHED_L1_R0_G0_C2,VALID,True,True,599.6062460632991,598.4145983930391,599.0827734380309,598.4145983930391
low_ordinary_early,MATCHED,10,B,1,0,1,B_low_ordinary_early_MATCHED_L1_R0_G1_C0,VALID,True,True,599.8095562538188,598.4145983930391,599.0827734380309,598.4145983930391
low_ordinary_early,MATCHED,11,B,1,0,1,B_low_ordinary_early_MATCHED_L1_R0_G1_C1,VALID,True,True,599.0827734380309,598.4145983930391,599.0827734380309,598.4145983930391
low_ordinary_early,MATCHED,12,B,1,0,1,B_low_ordinary_early_MATCHED_L1_R0_G1_C2,VALID,True,True,598.8685466316596,598.4145983930391,598.8685466316596,598.4145983930391
low_ordinary_early,MATCHED,13,B,1,1,0,B_low_ordinary_early_MATCHED_L1_R1_G0_C0,VALID,True,True,598.4145983930391,598.4145983930391,598.4145983930391,598.4145983930391
low_ordinary_early,MATCHED,14,B,1,1,0,B_low_ordinary_early_MATCHED_L1_R1_G0_C1,INFEASIBLE,False,False,,598.4145983930391,598.4145983930391,598.4145983930391
low_ordinary_early,MATCHED,15,B,1,1,0,B_low_ordinary_early_MATCHED_L1_R1_G0_C2,VALID,True,True,599.2566846529508,598.4145983930391,598.4145983930391,598.4145983930391
low_ordinary_early,MATCHED,16,B,1,1,1,B_low_ordinary_early_MATCHED_L1_R1_G1_C0,VALID,True,True,598.5978750827387,598.4145983930391,598.4145983930391,598.4145983930391
low_ordinary_early,MATCHED,17,B,1,1,1,B_low_ordinary_early_MATCHED_L1_R1_G1_C1,VALID,True,True,598.4145983930391,598.4145983930391,598.4145983930391,598.4145983930391
low_ordinary_early,MATCHED,18,B,1,1,1,B_low_ordinary_early_MATCHED_L1_R1_G1_C2,INFEASIBLE,False,False,,598.4145983930391,598.4145983930391,598.4145983930391
low_ordinary_early,MATCHED,19,B,1,2,0,B_low_ordinary_early_MATCHED_L1_R2_G0_C0,VALID,True,True,600.0063452269477,598.4145983930391,598.4145983930391,598.4145983930391
low_ordinary_early,MATCHED,20,B,1,2,0,B_low_ordinary_early_MATCHED_L1_R2_G0_C1,VALID,False,False,587.31821404532,598.4145983930391,598.4145983930391,598.4145983930391
low_ordinary_early,MATCHED,21,B,1,2,0,B_low_ordinary_early_MATCHED_L1_R2_G0_C2,VALID,True,True,601.4092207877586,598.4145983930391,598.4145983930391,598.4145983930391
low_ordinary_early,MATCHED,22,B,1,2,1,B_low_ordinary_early_MATCHED_L1_R2_G1_C0,VALID,True,True,599.5331900862086,598.4145983930391,598.4145983930391,598.4145983930391
low_ordinary_early,MATCHED,23,B,1,2,1,B_low_ordinary_early_MATCHED_L1_R2_G1_C1,VALID,True,True,600.0063452269477,598.4145983930391,598.4145983930391,598.4145983930391
low_ordinary_early,MATCHED,24,B,1,2,1,B_low_ordinary_early_MATCHED_L1_R2_G1_C2,VALID,True,True,598.963775322271,598.4145983930391,598.4145983930391,598.4145983930391
low_ordinary_early,MATCHED,25,B,2,0,0,B_low_ordinary_early_MATCHED_L2_R0_G0_C0,VALID,True,True,599.0827734380309,598.4145983930391,598.4145983930391,598.4145983930391
low_ordinary_early,MATCHED,26,B,2,0,0,B_low_ordinary_early_MATCHED_L2_R0_G0_C1,VALID,True,True,598.4145983930391,598.4145983930391,598.4145983930391,598.4145983930391
low_ordinary_early,MATCHED,27,B,2,0,0,B_low_ordinary_early_MATCHED_L2_R0_G0_C2,INFEASIBLE,False,False,,598.4145983930391,598.4145983930391,598.4145983930391
low_ordinary_early,MATCHED,28,B,2,0,1,B_low_ordinary_early_MATCHED_L2_R0_G1_C0,VALID,True,True,599.3251522973279,598.4145983930391,598.4145983930391,598.4145983930391
low_ordinary_early,MATCHED,29,B,2,0,1,B_low_ordinary_early_MATCHED_L2_R0_G1_C1,VALID,True,True,598.4145983930391,598.4145983930391,598.4145983930391,598.4145983930391
low_ordinary_early,MATCHED,30,B,2,0,1,B_low_ordinary_early_MATCHED_L2_R0_G1_C2,VALID,False,False,590.4871322281243,598.4145983930391,598.4145983930391,598.4145983930391
low_ordinary_early,MATCHED,31,B,2,1,0,B_low_ordinary_early_MATCHED_L2_R1_G0_C0,VALID,True,True,598.4145983930391,598.4145983930391,598.4145983930391,598.4145983930391
low_ordinary_early,MATCHED,32,B,2,1,0,B_low_ordinary_early_MATCHED_L2_R1_G0_C1,VALID,True,True,598.4145983930391,598.4145983930391,598.4145983930391,598.4145983930391
low_ordinary_early,MATCHED,33,B,2,1,0,B_low_ordinary_early_MATCHED_L2_R1_G0_C2,INFEASIBLE,False,False,,598.4145983930391,598.4145983930391,598.4145983930391
low_ordinary_early,MATCHED,34,B,2,1,1,B_low_ordinary_early_MATCHED_L2_R1_G1_C0,VALID,True,True,598.4145983930391,598.4145983930391,598.4145983930391,598.4145983930391
low_ordinary_early,MATCHED,35,B,2,1,1,B_low_ordinary_early_MATCHED_L2_R1_G1_C1,VALID,True,True,598.4145983930391,598.4145983930391,598.4145983930391,598.4145983930391
low_ordinary_early,MATCHED,36,B,2,1,1,B_low_ordinary_early_MATCHED_L2_R1_G1_C2,INFEASIBLE,False,False,,598.4145983930391,598.4145983930391,598.4145983930391
low_ordinary_early,MATCHED,37,B,2,2,0,B_low_ordinary_early_MATCHED_L2_R2_G0_C0,VALID,True,True,600.037434163554,598.4145983930391,598.4145983930391,598.4145983930391
low_ordinary_early,MATCHED,38,B,2,2,0,B_low_ordinary_early_MATCHED_L2_R2_G0_C1,VALID,True,True,598.4145983930391,598.4145983930391,598.4145983930391,598.4145983930391
low_ordinary_early,MATCHED,39,B,2,2,0,B_low_ordinary_early_MATCHED_L2_R2_G0_C2,INFEASIBLE,False,False,,598.4145983930391,598.4145983930391,598.4145983930391
low_ordinary_early,MATCHED,40,B,2,2,1,B_low_ordinary_early_MATCHED_L2_R2_G1_C0,VALID,True,True,599.4250236849159,598.4145983930391,598.4145983930391,598.4145983930391
low_ordinary_early,MATCHED,41,B,2,2,1,B_low_ordinary_early_MATCHED_L2_R2_G1_C1,VALID,True,True,598.4145983930391,598.4145983930391,598.4145983930391,598.4145983930391
low_ordinary_early,MATCHED,42,B,2,2,1,B_low_ordinary_early_MATCHED_L2_R2_G1_C2,VALID,True,True,600.9732221690422,598.4145983930391,598.4145983930391,598.4145983930391
low_ordinary_early,MATCHED,43,B,3,0,0,B_low_ordinary_early_MATCHED_L3_R0_G0_C0,VALID,True,True,599.0827734380309,598.4145983930391,598.4145983930391,598.4145983930391
low_ordinary_early,MATCHED,44,B,3,0,0,B_low_ordinary_early_MATCHED_L3_R0_G0_C1,VALID,True,True,598.4145983930391,598.4145983930391,598.4145983930391,598.4145983930391
low_ordinary_early,MATCHED,45,B,3,0,0,B_low_ordinary_early_MATCHED_L3_R0_G0_C2,INFEASIBLE,False,False,,598.4145983930391,598.4145983930391,598.4145983930391
low_ordinary_early,MATCHED,46,B,3,0,1,B_low_ordinary_early_MATCHED_L3_R0_G1_C0,VALID,True,True,599.3251522973279,598.4145983930391,598.4145983930391,598.4145983930391
low_ordinary_early,MATCHED,47,B,3,0,1,B_low_ordinary_early_MATCHED_L3_R0_G1_C1,VALID,True,True,598.4145983930391,598.4145983930391,598.4145983930391,598.4145983930391
low_ordinary_early,MATCHED,48,B,3,0,1,B_low_ordinary_early_MATCHED_L3_R0_G1_C2,INFEASIBLE,False,False,,598.4145983930391,598.4145983930391,598.4145983930391
low_ordinary_early,MATCHED,49,B,3,1,0,B_low_ordinary_early_MATCHED_L3_R1_G0_C0,VALID,True,True,598.4145983930391,598.4145983930391,598.4145983930391,598.4145983930391
low_ordinary_early,MATCHED,50,B,3,1,0,B_low_ordinary_early_MATCHED_L3_R1_G0_C1,VALID,True,True,598.4145983930391,598.4145983930391,598.4145983930391,598.4145983930391
low_ordinary_early,MATCHED,51,B,3,1,0,B_low_ordinary_early_MATCHED_L3_R1_G0_C2,INFEASIBLE,False,False,,598.4145983930391,598.4145983930391,598.4145983930391
low_ordinary_early,MATCHED,52,B,3,1,1,B_low_ordinary_early_MATCHED_L3_R1_G1_C0,VALID,True,True,598.4145983930391,598.4145983930391,598.4145983930391,598.4145983930391
low_ordinary_early,MATCHED,53,B,3,1,1,B_low_ordinary_early_MATCHED_L3_R1_G1_C1,VALID,True,True,598.4145983930391,598.4145983930391,598.4145983930391,598.4145983930391
low_ordinary_early,MATCHED,54,B,3,1,1,B_low_ordinary_early_MATCHED_L3_R1_G1_C2,INVALID,False,False,,598.4145983930391,598.4145983930391,598.4145983930391
low_ordinary_early,MATCHED,55,B,3,2,0,B_low_ordinary_early_MATCHED_L3_R2_G0_C0,VALID,True,True,598.9267144910965,598.4145983930391,598.4145983930391,598.4145983930391
low_ordinary_early,MATCHED,56,B,3,2,0,B_low_ordinary_early_MATCHED_L3_R2_G0_C1,VALID,True,True,598.4145983930391,598.4145983930391,598.4145983930391,598.4145983930391
low_ordinary_early,MATCHED,57,B,3,2,0,B_low_ordinary_early_MATCHED_L3_R2_G0_C2,INFEASIBLE,False,False,,598.4145983930391,598.4145983930391,598.4145983930391
low_ordinary_early,MATCHED,58,B,3,2,1,B_low_ordinary_early_MATCHED_L3_R2_G1_C0,VALID,True,True,599.7085362367048,598.4145983930391,598.4145983930391,598.4145983930391
low_ordinary_early,MATCHED,59,B,3,2,1,B_low_ordinary_early_MATCHED_L3_R2_G1_C1,VALID,True,True,598.4145983930391,598.4145983930391,598.4145983930391,598.4145983930391
low_ordinary_early,MATCHED,60,B,3,2,1,B_low_ordinary_early_MATCHED_L3_R2_G1_C2,INFEASIBLE,False,False,,598.4145983930391,598.4145983930391,598.4145983930391
low_ordinary_early,NATIVE,1,A,1,,,A_low_ordinary_early_NATIVE_baseline_0,VALID,True,True,501.52181763151714,499.067100978013,501.52181763151714,499.067100978013
low_ordinary_early,NATIVE,2,A,1,,,A_low_ordinary_early_NATIVE_baseline_1,VALID,True,True,501.52181763151714,499.067100978013,501.52181763151714,499.067100978013
low_ordinary_early,NATIVE,3,A,1,,,A_low_ordinary_early_NATIVE_fixed_0,VALID,True,False,510.6979148790616,499.067100978013,501.52181763151714,499.067100978013
low_ordinary_early,NATIVE,4,A,1,,,A_low_ordinary_early_NATIVE_fixed_1,VALID,True,False,510.6979148790616,499.067100978013,501.52181763151714,499.067100978013
low_ordinary_early,NATIVE,5,A,1,,,A_low_ordinary_early_NATIVE_small,VALID,True,False,501.6996369076822,499.067100978013,501.52181763151714,499.067100978013
low_ordinary_early,NATIVE,6,A,1,,,A_low_ordinary_early_NATIVE_diverse,VALID,True,False,497.7812379269225,497.7812379269225,497.7812379269225,499.067100978013
low_ordinary_early,NATIVE,7,B,1,0,0,B_low_ordinary_early_NATIVE_L1_R0_G0_C0,VALID,True,True,501.52181763151714,497.7812379269225,497.7812379269225,499.067100978013
low_ordinary_early,NATIVE,8,B,1,0,0,B_low_ordinary_early_NATIVE_L1_R0_G0_C1,VALID,True,False,505.61776409525794,497.7812379269225,497.7812379269225,499.067100978013
low_ordinary_early,NATIVE,9,B,1,0,0,B_low_ordinary_early_NATIVE_L1_R0_G0_C2,VALID,True,False,508.1324447018386,497.7812379269225,497.7812379269225,499.067100978013
low_ordinary_early,NATIVE,10,B,1,0,1,B_low_ordinary_early_NATIVE_L1_R0_G1_C0,VALID,True,False,501.1540278045767,497.7812379269225,497.7812379269225,499.067100978013
low_ordinary_early,NATIVE,11,B,1,0,1,B_low_ordinary_early_NATIVE_L1_R0_G1_C1,VALID,True,True,501.52181763151714,497.7812379269225,497.7812379269225,499.067100978013
low_ordinary_early,NATIVE,12,B,1,0,1,B_low_ordinary_early_NATIVE_L1_R0_G1_C2,VALID,True,False,504.6886243038273,497.7812379269225,497.7812379269225,499.067100978013
low_ordinary_early,NATIVE,13,B,1,1,0,B_low_ordinary_early_NATIVE_L1_R1_G0_C0,VALID,True,False,510.6979148790616,497.7812379269225,497.7812379269225,499.067100978013
low_ordinary_early,NATIVE,14,B,1,1,0,B_low_ordinary_early_NATIVE_L1_R1_G0_C1,VALID,True,False,511.7132480112796,497.7812379269225,497.7812379269225,499.067100978013
low_ordinary_early,NATIVE,15,B,1,1,0,B_low_ordinary_early_NATIVE_L1_R1_G0_C2,VALID,True,False,510.29361053986247,497.7812379269225,497.7812379269225,499.067100978013
low_ordinary_early,NATIVE,16,B,1,1,1,B_low_ordinary_early_NATIVE_L1_R1_G1_C0,VALID,True,False,510.1119317774986,497.7812379269225,497.7812379269225,499.067100978013
low_ordinary_early,NATIVE,17,B,1,1,1,B_low_ordinary_early_NATIVE_L1_R1_G1_C1,VALID,True,False,510.29361053986247,497.7812379269225,497.7812379269225,499.067100978013
low_ordinary_early,NATIVE,18,B,1,1,1,B_low_ordinary_early_NATIVE_L1_R1_G1_C2,VALID,True,False,507.05552087585977,497.7812379269225,497.7812379269225,499.067100978013
low_ordinary_early,NATIVE,19,B,1,2,0,B_low_ordinary_early_NATIVE_L1_R2_G0_C0,VALID,True,False,497.7812379269225,497.7812379269225,497.7812379269225,499.067100978013
low_ordinary_early,NATIVE,20,B,1,2,0,B_low_ordinary_early_NATIVE_L1_R2_G0_C1,VALID,True,False,515.1420405262744,497.7812379269225,497.7812379269225,499.067100978013
low_ordinary_early,NATIVE,21,B,1,2,0,B_low_ordinary_early_NATIVE_L1_R2_G0_C2,VALID,True,False,499.9617298772124,497.7812379269225,497.7812379269225,499.067100978013
low_ordinary_early,NATIVE,22,B,1,2,1,B_low_ordinary_early_NATIVE_L1_R2_G1_C0,VALID,True,False,497.510513281321,497.510513281321,497.510513281321,499.067100978013
low_ordinary_early,NATIVE,23,B,1,2,1,B_low_ordinary_early_NATIVE_L1_R2_G1_C1,VALID,True,False,497.7812379269225,497.510513281321,497.510513281321,499.067100978013
low_ordinary_early,NATIVE,24,B,1,2,1,B_low_ordinary_early_NATIVE_L1_R2_G1_C2,VALID,True,False,499.2685612553241,497.510513281321,497.510513281321,499.067100978013
low_ordinary_early,NATIVE,25,B,2,0,0,B_low_ordinary_early_NATIVE_L2_R0_G0_C0,VALID,True,True,501.52181763151714,497.510513281321,497.510513281321,499.067100978013
low_ordinary_early,NATIVE,26,B,2,0,0,B_low_ordinary_early_NATIVE_L2_R0_G0_C1,VALID,True,False,497.510513281321,497.510513281321,497.510513281321,499.067100978013
low_ordinary_early,NATIVE,27,B,2,0,0,B_low_ordinary_early_NATIVE_L2_R0_G0_C2,VALID,True,False,517.200835217569,497.510513281321,497.510513281321,499.067100978013
low_ordinary_early,NATIVE,28,B,2,0,1,B_low_ordinary_early_NATIVE_L2_R0_G1_C0,VALID,True,False,500.2955277391919,497.510513281321,497.510513281321,499.067100978013
low_ordinary_early,NATIVE,29,B,2,0,1,B_low_ordinary_early_NATIVE_L2_R0_G1_C1,VALID,True,False,497.510513281321,497.510513281321,497.510513281321,499.067100978013
low_ordinary_early,NATIVE,30,B,2,0,1,B_low_ordinary_early_NATIVE_L2_R0_G1_C2,VALID,True,False,502.6418464439977,497.510513281321,497.510513281321,499.067100978013
low_ordinary_early,NATIVE,31,B,2,1,0,B_low_ordinary_early_NATIVE_L2_R1_G0_C0,VALID,True,False,510.6979148790616,497.510513281321,497.510513281321,499.067100978013
low_ordinary_early,NATIVE,32,B,2,1,0,B_low_ordinary_early_NATIVE_L2_R1_G0_C1,VALID,True,False,497.510513281321,497.510513281321,497.510513281321,499.067100978013
low_ordinary_early,NATIVE,33,B,2,1,0,B_low_ordinary_early_NATIVE_L2_R1_G0_C2,VALID,True,False,522.5394533180423,497.510513281321,497.510513281321,499.067100978013
low_ordinary_early,NATIVE,34,B,2,1,1,B_low_ordinary_early_NATIVE_L2_R1_G1_C0,VALID,True,False,507.7740262775028,497.510513281321,497.510513281321,499.067100978013
low_ordinary_early,NATIVE,35,B,2,1,1,B_low_ordinary_early_NATIVE_L2_R1_G1_C1,VALID,True,False,497.510513281321,497.510513281321,497.510513281321,499.067100978013
low_ordinary_early,NATIVE,36,B,2,1,1,B_low_ordinary_early_NATIVE_L2_R1_G1_C2,VALID,True,False,510.99105941734405,497.510513281321,497.510513281321,499.067100978013
low_ordinary_early,NATIVE,37,B,2,2,0,B_low_ordinary_early_NATIVE_L2_R2_G0_C0,VALID,True,False,497.7812379269225,497.510513281321,497.510513281321,499.067100978013
low_ordinary_early,NATIVE,38,B,2,2,0,B_low_ordinary_early_NATIVE_L2_R2_G0_C1,VALID,True,False,497.510513281321,497.510513281321,497.510513281321,499.067100978013
low_ordinary_early,NATIVE,39,B,2,2,0,B_low_ordinary_early_NATIVE_L2_R2_G0_C2,INFEASIBLE,False,False,,497.510513281321,497.510513281321,499.067100978013
low_ordinary_early,NATIVE,40,B,2,2,1,B_low_ordinary_early_NATIVE_L2_R2_G1_C0,VALID,True,False,497.0203226174243,497.0203226174243,497.0203226174243,499.067100978013
low_ordinary_early,NATIVE,41,B,2,2,1,B_low_ordinary_early_NATIVE_L2_R2_G1_C1,VALID,True,False,497.510513281321,497.0203226174243,497.0203226174243,499.067100978013
low_ordinary_early,NATIVE,42,B,2,2,1,B_low_ordinary_early_NATIVE_L2_R2_G1_C2,VALID,True,False,506.342623462184,497.0203226174243,497.0203226174243,499.067100978013
low_ordinary_early,NATIVE,43,B,3,0,0,B_low_ordinary_early_NATIVE_L3_R0_G0_C0,VALID,True,True,501.52181763151714,497.0203226174243,497.0203226174243,499.067100978013
low_ordinary_early,NATIVE,44,B,3,0,0,B_low_ordinary_early_NATIVE_L3_R0_G0_C1,VALID,True,False,497.0203226174243,497.0203226174243,497.0203226174243,499.067100978013
low_ordinary_early,NATIVE,45,B,3,0,0,B_low_ordinary_early_NATIVE_L3_R0_G0_C2,INFEASIBLE,False,False,,497.0203226174243,497.0203226174243,499.067100978013
low_ordinary_early,NATIVE,46,B,3,0,1,B_low_ordinary_early_NATIVE_L3_R0_G1_C0,VALID,True,False,500.31236780769825,497.0203226174243,497.0203226174243,499.067100978013
low_ordinary_early,NATIVE,47,B,3,0,1,B_low_ordinary_early_NATIVE_L3_R0_G1_C1,VALID,True,False,497.0203226174243,497.0203226174243,497.0203226174243,499.067100978013
low_ordinary_early,NATIVE,48,B,3,0,1,B_low_ordinary_early_NATIVE_L3_R0_G1_C2,INFEASIBLE,False,False,,497.0203226174243,497.0203226174243,499.067100978013
low_ordinary_early,NATIVE,49,B,3,1,0,B_low_ordinary_early_NATIVE_L3_R1_G0_C0,VALID,True,False,510.6979148790616,497.0203226174243,497.0203226174243,499.067100978013
low_ordinary_early,NATIVE,50,B,3,1,0,B_low_ordinary_early_NATIVE_L3_R1_G0_C1,VALID,True,False,497.0203226174243,497.0203226174243,497.0203226174243,499.067100978013
low_ordinary_early,NATIVE,51,B,3,1,0,B_low_ordinary_early_NATIVE_L3_R1_G0_C2,INFEASIBLE,False,False,,497.0203226174243,497.0203226174243,499.067100978013
low_ordinary_early,NATIVE,52,B,3,1,1,B_low_ordinary_early_NATIVE_L3_R1_G1_C0,VALID,True,False,507.7807732830199,497.0203226174243,497.0203226174243,499.067100978013
low_ordinary_early,NATIVE,53,B,3,1,1,B_low_ordinary_early_NATIVE_L3_R1_G1_C1,VALID,True,False,497.0203226174243,497.0203226174243,497.0203226174243,499.067100978013
low_ordinary_early,NATIVE,54,B,3,1,1,B_low_ordinary_early_NATIVE_L3_R1_G1_C2,INFEASIBLE,False,False,,497.0203226174243,497.0203226174243,499.067100978013
low_ordinary_early,NATIVE,55,B,3,2,0,B_low_ordinary_early_NATIVE_L3_R2_G0_C0,VALID,True,False,497.7812379269225,497.0203226174243,497.0203226174243,499.067100978013
low_ordinary_early,NATIVE,56,B,3,2,0,B_low_ordinary_early_NATIVE_L3_R2_G0_C1,VALID,True,False,497.0203226174243,497.0203226174243,497.0203226174243,499.067100978013
low_ordinary_early,NATIVE,57,B,3,2,0,B_low_ordinary_early_NATIVE_L3_R2_G0_C2,INFEASIBLE,False,False,,497.0203226174243,497.0203226174243,499.067100978013
low_ordinary_early,NATIVE,58,B,3,2,1,B_low_ordinary_early_NATIVE_L3_R2_G1_C0,VALID,True,False,497.811473795085,497.0203226174243,497.0203226174243,499.067100978013
low_ordinary_early,NATIVE,59,B,3,2,1,B_low_ordinary_early_NATIVE_L3_R2_G1_C1,VALID,True,False,497.0203226174243,497.0203226174243,497.0203226174243,499.067100978013
low_ordinary_early,NATIVE,60,B,3,2,1,B_low_ordinary_early_NATIVE_L3_R2_G1_C2,INFEASIBLE,False,False,,497.0203226174243,497.0203226174243,499.067100978013
balanced_high,MATCHED,1,A,1,,,A_balanced_high_MATCHED_baseline_0,VALID,True,True,1207.1277930903273,1184.415951626238,1207.1277930903273,1184.415951626238
balanced_high,MATCHED,2,A,1,,,A_balanced_high_MATCHED_baseline_1,VALID,True,True,1207.1277930903273,1184.415951626238,1207.1277930903273,1184.415951626238
balanced_high,MATCHED,3,A,1,,,A_balanced_high_MATCHED_fixed_0,INTERRUPTED,False,False,,1184.415951626238,1207.1277930903273,1184.415951626238
balanced_high,MATCHED,4,A,1,,,A_balanced_high_MATCHED_fixed_1,VALID,True,True,1196.0304624776027,1184.415951626238,1196.0304624776027,1184.415951626238
balanced_high,MATCHED,5,A,1,,,A_balanced_high_MATCHED_small,VALID,False,False,1207.1449820557514,1184.415951626238,1196.0304624776027,1184.415951626238
balanced_high,MATCHED,6,A,1,,,A_balanced_high_MATCHED_diverse,INFEASIBLE,False,False,,1184.415951626238,1196.0304624776027,1184.415951626238
balanced_high,MATCHED,7,A,1,,,A_balanced_high_MATCHED_fixed_0_recovery_01,VALID,True,True,1196.0304624776027,1184.415951626238,1196.0304624776027,1184.415951626238
balanced_high,MATCHED,8,B,1,0,0,B_balanced_high_MATCHED_L1_R0_G0_C0,VALID,True,True,1207.1277930903273,1184.415951626238,1196.0304624776027,1184.415951626238
balanced_high,MATCHED,9,B,1,0,0,B_balanced_high_MATCHED_L1_R0_G0_C1,VALID,True,True,1190.9442634691795,1184.415951626238,1190.9442634691795,1184.415951626238
balanced_high,MATCHED,10,B,1,0,0,B_balanced_high_MATCHED_L1_R0_G0_C2,VALID,True,True,1195.518275805388,1184.415951626238,1190.9442634691795,1184.415951626238
balanced_high,MATCHED,11,B,1,0,1,B_balanced_high_MATCHED_L1_R0_G1_C0,VALID,True,True,1201.2111137683587,1184.415951626238,1190.9442634691795,1184.415951626238
balanced_high,MATCHED,12,B,1,0,1,B_balanced_high_MATCHED_L1_R0_G1_C1,VALID,True,True,1190.9442634691795,1184.415951626238,1190.9442634691795,1184.415951626238
balanced_high,MATCHED,13,B,1,0,1,B_balanced_high_MATCHED_L1_R0_G1_C2,VALID,True,True,1207.7609498943166,1184.415951626238,1190.9442634691795,1184.415951626238
balanced_high,MATCHED,14,B,1,1,0,B_balanced_high_MATCHED_L1_R1_G0_C0,VALID,True,True,1184.415951626238,1184.415951626238,1184.415951626238,1184.415951626238
balanced_high,MATCHED,15,B,1,1,0,B_balanced_high_MATCHED_L1_R1_G0_C1,VALID,True,True,1193.5421871749604,1184.415951626238,1184.415951626238,1184.415951626238
balanced_high,MATCHED,16,B,1,1,0,B_balanced_high_MATCHED_L1_R1_G0_C2,INFEASIBLE,False,False,,1184.415951626238,1184.415951626238,1184.415951626238
balanced_high,MATCHED,17,B,1,1,1,B_balanced_high_MATCHED_L1_R1_G1_C0,VALID,True,True,1188.2149193323335,1184.415951626238,1184.415951626238,1184.415951626238
balanced_high,MATCHED,18,B,1,1,1,B_balanced_high_MATCHED_L1_R1_G1_C1,VALID,True,True,1184.415951626238,1184.415951626238,1184.415951626238,1184.415951626238
balanced_high,MATCHED,19,B,1,1,1,B_balanced_high_MATCHED_L1_R1_G1_C2,VALID,True,True,1179.9764415985874,1179.9764415985874,1179.9764415985874,1184.415951626238
balanced_high,MATCHED,20,B,1,2,0,B_balanced_high_MATCHED_L1_R2_G0_C0,VALID,True,True,1208.5308885036052,1179.9764415985874,1179.9764415985874,1184.415951626238
balanced_high,MATCHED,21,B,1,2,0,B_balanced_high_MATCHED_L1_R2_G0_C1,VALID,True,True,1218.4492094455945,1179.9764415985874,1179.9764415985874,1184.415951626238
balanced_high,MATCHED,22,B,1,2,0,B_balanced_high_MATCHED_L1_R2_G0_C2,INFEASIBLE,False,False,,1179.9764415985874,1179.9764415985874,1184.415951626238
balanced_high,MATCHED,23,B,1,2,1,B_balanced_high_MATCHED_L1_R2_G1_C0,VALID,True,True,1211.2719830991632,1179.9764415985874,1179.9764415985874,1184.415951626238
balanced_high,MATCHED,24,B,1,2,1,B_balanced_high_MATCHED_L1_R2_G1_C1,VALID,True,True,1208.5308885036052,1179.9764415985874,1179.9764415985874,1184.415951626238
balanced_high,MATCHED,25,B,1,2,1,B_balanced_high_MATCHED_L1_R2_G1_C2,VALID,True,True,1211.7887882016435,1179.9764415985874,1179.9764415985874,1184.415951626238
balanced_high,MATCHED,26,B,2,0,0,B_balanced_high_MATCHED_L2_R0_G0_C0,VALID,True,True,1207.1277930903273,1179.9764415985874,1179.9764415985874,1184.415951626238
balanced_high,MATCHED,27,B,2,0,0,B_balanced_high_MATCHED_L2_R0_G0_C1,VALID,True,True,1179.9764415985874,1179.9764415985874,1179.9764415985874,1184.415951626238
balanced_high,MATCHED,28,B,2,0,0,B_balanced_high_MATCHED_L2_R0_G0_C2,INFEASIBLE,False,False,,1179.9764415985874,1179.9764415985874,1184.415951626238
balanced_high,MATCHED,29,B,2,0,1,B_balanced_high_MATCHED_L2_R0_G1_C0,VALID,True,True,1203.2865307637417,1179.9764415985874,1179.9764415985874,1184.415951626238
balanced_high,MATCHED,30,B,2,0,1,B_balanced_high_MATCHED_L2_R0_G1_C1,VALID,True,True,1179.9764415985874,1179.9764415985874,1179.9764415985874,1184.415951626238
balanced_high,MATCHED,31,B,2,0,1,B_balanced_high_MATCHED_L2_R0_G1_C2,VALID,True,True,1198.6981044512027,1179.9764415985874,1179.9764415985874,1184.415951626238
balanced_high,MATCHED,32,B,2,1,0,B_balanced_high_MATCHED_L2_R1_G0_C0,VALID,True,True,1184.415951626238,1179.9764415985874,1179.9764415985874,1184.415951626238
balanced_high,MATCHED,33,B,2,1,0,B_balanced_high_MATCHED_L2_R1_G0_C1,VALID,True,True,1179.9764415985874,1179.9764415985874,1179.9764415985874,1184.415951626238
balanced_high,MATCHED,34,B,2,1,0,B_balanced_high_MATCHED_L2_R1_G0_C2,INFEASIBLE,False,False,,1179.9764415985874,1179.9764415985874,1184.415951626238
balanced_high,MATCHED,35,B,2,1,1,B_balanced_high_MATCHED_L2_R1_G1_C0,VALID,True,True,1183.5492106420902,1179.9764415985874,1179.9764415985874,1184.415951626238
balanced_high,MATCHED,36,B,2,1,1,B_balanced_high_MATCHED_L2_R1_G1_C1,VALID,True,True,1179.9764415985874,1179.9764415985874,1179.9764415985874,1184.415951626238
balanced_high,MATCHED,37,B,2,1,1,B_balanced_high_MATCHED_L2_R1_G1_C2,INFEASIBLE,False,False,,1179.9764415985874,1179.9764415985874,1184.415951626238
balanced_high,MATCHED,38,B,2,2,0,B_balanced_high_MATCHED_L2_R2_G0_C0,VALID,True,True,1206.94477012384,1179.9764415985874,1179.9764415985874,1184.415951626238
balanced_high,MATCHED,39,B,2,2,0,B_balanced_high_MATCHED_L2_R2_G0_C1,VALID,True,True,1179.9764415985874,1179.9764415985874,1179.9764415985874,1184.415951626238
balanced_high,MATCHED,40,B,2,2,0,B_balanced_high_MATCHED_L2_R2_G0_C2,INFEASIBLE,False,False,,1179.9764415985874,1179.9764415985874,1184.415951626238
balanced_high,MATCHED,41,B,2,2,1,B_balanced_high_MATCHED_L2_R2_G1_C0,VALID,True,True,1203.1381952038441,1179.9764415985874,1179.9764415985874,1184.415951626238
balanced_high,MATCHED,42,B,2,2,1,B_balanced_high_MATCHED_L2_R2_G1_C1,VALID,True,True,1179.9764415985874,1179.9764415985874,1179.9764415985874,1184.415951626238
balanced_high,MATCHED,43,B,2,2,1,B_balanced_high_MATCHED_L2_R2_G1_C2,VALID,True,True,1191.9487250278298,1179.9764415985874,1179.9764415985874,1184.415951626238
balanced_high,MATCHED,44,B,3,0,0,B_balanced_high_MATCHED_L3_R0_G0_C0,VALID,True,True,1207.1277930903273,1179.9764415985874,1179.9764415985874,1184.415951626238
balanced_high,MATCHED,45,B,3,0,0,B_balanced_high_MATCHED_L3_R0_G0_C1,VALID,True,True,1179.9764415985874,1179.9764415985874,1179.9764415985874,1184.415951626238
balanced_high,MATCHED,46,B,3,0,0,B_balanced_high_MATCHED_L3_R0_G0_C2,INFEASIBLE,False,False,,1179.9764415985874,1179.9764415985874,1184.415951626238
balanced_high,MATCHED,47,B,3,0,1,B_balanced_high_MATCHED_L3_R0_G1_C0,VALID,True,True,1203.2865307637417,1179.9764415985874,1179.9764415985874,1184.415951626238
balanced_high,MATCHED,48,B,3,0,1,B_balanced_high_MATCHED_L3_R0_G1_C1,VALID,True,True,1179.9764415985874,1179.9764415985874,1179.9764415985874,1184.415951626238
balanced_high,MATCHED,49,B,3,0,1,B_balanced_high_MATCHED_L3_R0_G1_C2,INFEASIBLE,False,False,,1179.9764415985874,1179.9764415985874,1184.415951626238
balanced_high,MATCHED,50,B,3,1,0,B_balanced_high_MATCHED_L3_R1_G0_C0,VALID,True,True,1184.415951626238,1179.9764415985874,1179.9764415985874,1184.415951626238
balanced_high,MATCHED,51,B,3,1,0,B_balanced_high_MATCHED_L3_R1_G0_C1,VALID,True,True,1179.9764415985874,1179.9764415985874,1179.9764415985874,1184.415951626238
balanced_high,MATCHED,52,B,3,1,0,B_balanced_high_MATCHED_L3_R1_G0_C2,INFEASIBLE,False,False,,1179.9764415985874,1179.9764415985874,1184.415951626238
balanced_high,MATCHED,53,B,3,1,1,B_balanced_high_MATCHED_L3_R1_G1_C0,VALID,True,True,1183.5492106420902,1179.9764415985874,1179.9764415985874,1184.415951626238
balanced_high,MATCHED,54,B,3,1,1,B_balanced_high_MATCHED_L3_R1_G1_C1,VALID,True,True,1179.9764415985874,1179.9764415985874,1179.9764415985874,1184.415951626238
balanced_high,MATCHED,55,B,3,1,1,B_balanced_high_MATCHED_L3_R1_G1_C2,INFEASIBLE,False,False,,1179.9764415985874,1179.9764415985874,1184.415951626238
balanced_high,MATCHED,56,B,3,2,0,B_balanced_high_MATCHED_L3_R2_G0_C0,VALID,True,True,1207.5989144324208,1179.9764415985874,1179.9764415985874,1184.415951626238
balanced_high,MATCHED,57,B,3,2,0,B_balanced_high_MATCHED_L3_R2_G0_C1,VALID,True,True,1179.9764415985874,1179.9764415985874,1179.9764415985874,1184.415951626238
balanced_high,MATCHED,58,B,3,2,0,B_balanced_high_MATCHED_L3_R2_G0_C2,INFEASIBLE,False,False,,1179.9764415985874,1179.9764415985874,1184.415951626238
balanced_high,MATCHED,59,B,3,2,1,B_balanced_high_MATCHED_L3_R2_G1_C0,VALID,True,True,1203.6687914691424,1179.9764415985874,1179.9764415985874,1184.415951626238
balanced_high,MATCHED,60,B,3,2,1,B_balanced_high_MATCHED_L3_R2_G1_C1,VALID,True,True,1179.9764415985874,1179.9764415985874,1179.9764415985874,1184.415951626238
balanced_high,MATCHED,61,B,3,2,1,B_balanced_high_MATCHED_L3_R2_G1_C2,VALID,True,True,1200.4606152049657,1179.9764415985874,1179.9764415985874,1184.415951626238
balanced_high,NATIVE,1,A,1,,,A_balanced_high_NATIVE_baseline_0,VALID,True,True,942.0106554393506,936.6772109830182,942.0106554393506,936.6772109830182
balanced_high,NATIVE,2,A,1,,,A_balanced_high_NATIVE_baseline_1,VALID,True,True,942.0106554393506,936.6772109830182,942.0106554393506,936.6772109830182
balanced_high,NATIVE,3,A,1,,,A_balanced_high_NATIVE_fixed_0,VALID,True,False,983.2308343614757,936.6772109830182,942.0106554393506,936.6772109830182
balanced_high,NATIVE,4,A,1,,,A_balanced_high_NATIVE_fixed_1,VALID,True,False,983.2308343614757,936.6772109830182,942.0106554393506,936.6772109830182
balanced_high,NATIVE,5,A,1,,,A_balanced_high_NATIVE_small,VALID,True,False,941.8724095660178,936.6772109830182,941.8724095660178,936.6772109830182
balanced_high,NATIVE,6,A,1,,,A_balanced_high_NATIVE_diverse,VALID,True,False,989.6270624962716,936.6772109830182,941.8724095660178,936.6772109830182
balanced_high,NATIVE,7,B,1,0,0,B_balanced_high_NATIVE_L1_R0_G0_C0,VALID,True,True,942.0106554393506,936.6772109830182,941.8724095660178,936.6772109830182
balanced_high,NATIVE,8,B,1,0,0,B_balanced_high_NATIVE_L1_R0_G0_C1,INFEASIBLE,False,False,,936.6772109830182,941.8724095660178,936.6772109830182
balanced_high,NATIVE,9,B,1,0,0,B_balanced_high_NATIVE_L1_R0_G0_C2,INFEASIBLE,False,False,,936.6772109830182,941.8724095660178,936.6772109830182
balanced_high,NATIVE,10,B,1,0,1,B_balanced_high_NATIVE_L1_R0_G1_C0,VALID,True,True,942.0106554393506,936.6772109830182,941.8724095660178,936.6772109830182
balanced_high,NATIVE,11,B,1,0,1,B_balanced_high_NATIVE_L1_R0_G1_C1,VALID,True,True,942.0106554393506,936.6772109830182,941.8724095660178,936.6772109830182
balanced_high,NATIVE,12,B,1,0,1,B_balanced_high_NATIVE_L1_R0_G1_C2,VALID,True,False,946.1113967635024,936.6772109830182,941.8724095660178,936.6772109830182
balanced_high,NATIVE,13,B,1,1,0,B_balanced_high_NATIVE_L1_R1_G0_C0,VALID,True,False,983.2308343614757,936.6772109830182,941.8724095660178,936.6772109830182
balanced_high,NATIVE,14,B,1,1,0,B_balanced_high_NATIVE_L1_R1_G0_C1,VALID,True,False,943.9527442340295,936.6772109830182,941.8724095660178,936.6772109830182
balanced_high,NATIVE,15,B,1,1,0,B_balanced_high_NATIVE_L1_R1_G0_C2,VALID,True,False,993.2218450746822,936.6772109830182,941.8724095660178,936.6772109830182
balanced_high,NATIVE,16,B,1,1,1,B_balanced_high_NATIVE_L1_R1_G1_C0,VALID,True,False,980.9844480471228,936.6772109830182,941.8724095660178,936.6772109830182
balanced_high,NATIVE,17,B,1,1,1,B_balanced_high_NATIVE_L1_R1_G1_C1,VALID,True,False,943.9527442340295,936.6772109830182,941.8724095660178,936.6772109830182
balanced_high,NATIVE,18,B,1,1,1,B_balanced_high_NATIVE_L1_R1_G1_C2,VALID,True,False,985.8584569945004,936.6772109830182,941.8724095660178,936.6772109830182
balanced_high,NATIVE,19,B,1,2,0,B_balanced_high_NATIVE_L1_R2_G0_C0,VALID,True,False,941.8724095660178,936.6772109830182,941.8724095660178,936.6772109830182
balanced_high,NATIVE,20,B,1,2,0,B_balanced_high_NATIVE_L1_R2_G0_C1,VALID,True,False,958.2266929287939,936.6772109830182,941.8724095660178,936.6772109830182
balanced_high,NATIVE,21,B,1,2,0,B_balanced_high_NATIVE_L1_R2_G0_C2,INFEASIBLE,False,False,,936.6772109830182,941.8724095660178,936.6772109830182
balanced_high,NATIVE,22,B,1,2,1,B_balanced_high_NATIVE_L1_R2_G1_C0,VALID,True,False,943.2521091781792,936.6772109830182,941.8724095660178,936.6772109830182
balanced_high,NATIVE,23,B,1,2,1,B_balanced_high_NATIVE_L1_R2_G1_C1,VALID,True,False,941.8724095660178,936.6772109830182,941.8724095660178,936.6772109830182
balanced_high,NATIVE,24,B,1,2,1,B_balanced_high_NATIVE_L1_R2_G1_C2,VALID,True,False,943.9692047000545,936.6772109830182,941.8724095660178,936.6772109830182
balanced_high,NATIVE,25,B,2,0,0,B_balanced_high_NATIVE_L2_R0_G0_C0,VALID,True,True,942.0106554393506,936.6772109830182,941.8724095660178,936.6772109830182
balanced_high,NATIVE,26,B,2,0,0,B_balanced_high_NATIVE_L2_R0_G0_C1,VALID,True,False,941.8724095660178,936.6772109830182,941.8724095660178,936.6772109830182
balanced_high,NATIVE,27,B,2,0,0,B_balanced_high_NATIVE_L2_R0_G0_C2,VALID,True,False,942.4238074662646,936.6772109830182,941.8724095660178,936.6772109830182
balanced_high,NATIVE,28,B,2,0,1,B_balanced_high_NATIVE_L2_R0_G1_C0,VALID,True,False,941.1236066765641,936.6772109830182,941.1236066765641,936.6772109830182
balanced_high,NATIVE,29,B,2,0,1,B_balanced_high_NATIVE_L2_R0_G1_C1,VALID,True,False,941.8724095660178,936.6772109830182,941.1236066765641,936.6772109830182
balanced_high,NATIVE,30,B,2,0,1,B_balanced_high_NATIVE_L2_R0_G1_C2,VALID,True,False,946.1870620997198,936.6772109830182,941.1236066765641,936.6772109830182
balanced_high,NATIVE,31,B,2,1,0,B_balanced_high_NATIVE_L2_R1_G0_C0,VALID,True,False,983.2308343614757,936.6772109830182,941.1236066765641,936.6772109830182
balanced_high,NATIVE,32,B,2,1,0,B_balanced_high_NATIVE_L2_R1_G0_C1,VALID,True,False,941.1236066765641,936.6772109830182,941.1236066765641,936.6772109830182
balanced_high,NATIVE,33,B,2,1,0,B_balanced_high_NATIVE_L2_R1_G0_C2,VALID,True,False,1012.333042963797,936.6772109830182,941.1236066765641,936.6772109830182
balanced_high,NATIVE,34,B,2,1,1,B_balanced_high_NATIVE_L2_R1_G1_C0,VALID,True,False,981.1004953137561,936.6772109830182,941.1236066765641,936.6772109830182
balanced_high,NATIVE,35,B,2,1,1,B_balanced_high_NATIVE_L2_R1_G1_C1,VALID,True,False,941.1236066765641,936.6772109830182,941.1236066765641,936.6772109830182
balanced_high,NATIVE,36,B,2,1,1,B_balanced_high_NATIVE_L2_R1_G1_C2,VALID,True,False,1000.2402533676043,936.6772109830182,941.1236066765641,936.6772109830182
balanced_high,NATIVE,37,B,2,2,0,B_balanced_high_NATIVE_L2_R2_G0_C0,VALID,True,False,941.8724095660178,936.6772109830182,941.1236066765641,936.6772109830182
balanced_high,NATIVE,38,B,2,2,0,B_balanced_high_NATIVE_L2_R2_G0_C1,VALID,True,False,941.1236066765641,936.6772109830182,941.1236066765641,936.6772109830182
balanced_high,NATIVE,39,B,2,2,0,B_balanced_high_NATIVE_L2_R2_G0_C2,VALID,True,False,986.8190852303927,936.6772109830182,941.1236066765641,936.6772109830182
balanced_high,NATIVE,40,B,2,2,1,B_balanced_high_NATIVE_L2_R2_G1_C0,VALID,True,False,942.3130217712735,936.6772109830182,941.1236066765641,936.6772109830182
balanced_high,NATIVE,41,B,2,2,1,B_balanced_high_NATIVE_L2_R2_G1_C1,VALID,True,False,941.1236066765641,936.6772109830182,941.1236066765641,936.6772109830182
balanced_high,NATIVE,42,B,2,2,1,B_balanced_high_NATIVE_L2_R2_G1_C2,VALID,True,False,938.5814279484096,936.6772109830182,938.5814279484096,936.6772109830182
balanced_high,NATIVE,43,B,3,0,0,B_balanced_high_NATIVE_L3_R0_G0_C0,VALID,True,True,942.0106554393506,936.6772109830182,938.5814279484096,936.6772109830182
balanced_high,NATIVE,44,B,3,0,0,B_balanced_high_NATIVE_L3_R0_G0_C1,VALID,True,False,938.5814279484096,936.6772109830182,938.5814279484096,936.6772109830182
balanced_high,NATIVE,45,B,3,0,0,B_balanced_high_NATIVE_L3_R0_G0_C2,INFEASIBLE,False,False,,936.6772109830182,938.5814279484096,936.6772109830182
balanced_high,NATIVE,46,B,3,0,1,B_balanced_high_NATIVE_L3_R0_G1_C0,VALID,True,False,940.8515140579007,936.6772109830182,938.5814279484096,936.6772109830182
balanced_high,NATIVE,47,B,3,0,1,B_balanced_high_NATIVE_L3_R0_G1_C1,VALID,True,False,938.5814279484096,936.6772109830182,938.5814279484096,936.6772109830182
balanced_high,NATIVE,48,B,3,0,1,B_balanced_high_NATIVE_L3_R0_G1_C2,VALID,True,False,957.8018985614142,936.6772109830182,938.5814279484096,936.6772109830182
balanced_high,NATIVE,49,B,3,1,0,B_balanced_high_NATIVE_L3_R1_G0_C0,VALID,True,False,983.2308343614757,936.6772109830182,938.5814279484096,936.6772109830182
balanced_high,NATIVE,50,B,3,1,0,B_balanced_high_NATIVE_L3_R1_G0_C1,VALID,True,False,938.5814279484096,936.6772109830182,938.5814279484096,936.6772109830182
balanced_high,NATIVE,51,B,3,1,0,B_balanced_high_NATIVE_L3_R1_G0_C2,INFEASIBLE,False,False,,936.6772109830182,938.5814279484096,936.6772109830182
balanced_high,NATIVE,52,B,3,1,1,B_balanced_high_NATIVE_L3_R1_G1_C0,VALID,True,False,979.8031524995315,936.6772109830182,938.5814279484096,936.6772109830182
balanced_high,NATIVE,53,B,3,1,1,B_balanced_high_NATIVE_L3_R1_G1_C1,VALID,True,False,938.5814279484096,936.6772109830182,938.5814279484096,936.6772109830182
balanced_high,NATIVE,54,B,3,1,1,B_balanced_high_NATIVE_L3_R1_G1_C2,INFEASIBLE,False,False,,936.6772109830182,938.5814279484096,936.6772109830182
balanced_high,NATIVE,55,B,3,2,0,B_balanced_high_NATIVE_L3_R2_G0_C0,VALID,True,False,941.8724095660178,936.6772109830182,938.5814279484096,936.6772109830182
balanced_high,NATIVE,56,B,3,2,0,B_balanced_high_NATIVE_L3_R2_G0_C1,VALID,True,False,938.5814279484096,936.6772109830182,938.5814279484096,936.6772109830182
balanced_high,NATIVE,57,B,3,2,0,B_balanced_high_NATIVE_L3_R2_G0_C2,INFEASIBLE,False,False,,936.6772109830182,938.5814279484096,936.6772109830182
balanced_high,NATIVE,58,B,3,2,1,B_balanced_high_NATIVE_L3_R2_G1_C0,VALID,True,False,940.3074660884001,936.6772109830182,938.5814279484096,936.6772109830182
balanced_high,NATIVE,59,B,3,2,1,B_balanced_high_NATIVE_L3_R2_G1_C1,VALID,True,False,938.5814279484096,936.6772109830182,938.5814279484096,936.6772109830182
balanced_high,NATIVE,60,B,3,2,1,B_balanced_high_NATIVE_L3_R2_G1_C2,VALID,True,False,974.953694744791,936.6772109830182,938.5814279484096,936.6772109830182
variable_start_120,MATCHED,1,A,1,,,A_variable_start_120_MATCHED_baseline_0,VALID,True,True,1521.9383935276433,1473.7898271312547,1521.9383935276433,1473.7898271312547
variable_start_120,MATCHED,2,A,1,,,A_variable_start_120_MATCHED_baseline_1,VALID,True,True,1521.9383935276433,1473.7898271312547,1521.9383935276433,1473.7898271312547
variable_start_120,MATCHED,3,A,1,,,A_variable_start_120_MATCHED_fixed_0,VALID,True,True,1482.1767594435482,1473.7898271312547,1482.1767594435482,1473.7898271312547
variable_start_120,MATCHED,4,A,1,,,A_variable_start_120_MATCHED_fixed_1,VALID,True,True,1482.1767594435482,1473.7898271312547,1482.1767594435482,1473.7898271312547
variable_start_120,MATCHED,5,A,1,,,A_variable_start_120_MATCHED_small,VALID,False,False,1522.1248748440717,1473.7898271312547,1482.1767594435482,1473.7898271312547
variable_start_120,MATCHED,6,A,1,,,A_variable_start_120_MATCHED_diverse,VALID,False,False,1537.543881914889,1473.7898271312547,1482.1767594435482,1473.7898271312547
variable_start_120,MATCHED,7,B,1,0,0,B_variable_start_120_MATCHED_L1_R0_G0_C0,VALID,True,True,1521.9383935276433,1473.7898271312547,1482.1767594435482,1473.7898271312547
variable_start_120,MATCHED,8,B,1,0,0,B_variable_start_120_MATCHED_L1_R0_G0_C1,VALID,False,False,1468.111061040589,1473.7898271312547,1482.1767594435482,1473.7898271312547
variable_start_120,MATCHED,9,B,1,0,0,B_variable_start_120_MATCHED_L1_R0_G0_C2,VALID,True,True,1551.630173104466,1473.7898271312547,1482.1767594435482,1473.7898271312547
variable_start_120,MATCHED,10,B,1,0,1,B_variable_start_120_MATCHED_L1_R0_G1_C0,VALID,True,True,1526.4936562491412,1473.7898271312547,1482.1767594435482,1473.7898271312547
variable_start_120,MATCHED,11,B,1,0,1,B_variable_start_120_MATCHED_L1_R0_G1_C1,VALID,True,True,1521.9383935276433,1473.7898271312547,1482.1767594435482,1473.7898271312547
variable_start_120,MATCHED,12,B,1,0,1,B_variable_start_120_MATCHED_L1_R0_G1_C2,VALID,False,False,1535.4913164119475,1473.7898271312547,1482.1767594435482,1473.7898271312547
variable_start_120,MATCHED,13,B,1,1,0,B_variable_start_120_MATCHED_L1_R1_G0_C0,VALID,True,True,1482.1767594435482,1473.7898271312547,1482.1767594435482,1473.7898271312547
variable_start_120,MATCHED,14,B,1,1,0,B_variable_start_120_MATCHED_L1_R1_G0_C1,VALID,True,True,1475.1223902790762,1473.7898271312547,1475.1223902790762,1473.7898271312547
variable_start_120,MATCHED,15,B,1,1,0,B_variable_start_120_MATCHED_L1_R1_G0_C2,VALID,False,False,1482.1972402527954,1473.7898271312547,1475.1223902790762,1473.7898271312547
variable_start_120,MATCHED,16,B,1,1,1,B_variable_start_120_MATCHED_L1_R1_G1_C0,VALID,True,True,1480.325413171066,1473.7898271312547,1475.1223902790762,1473.7898271312547
variable_start_120,MATCHED,17,B,1,1,1,B_variable_start_120_MATCHED_L1_R1_G1_C1,VALID,True,True,1475.1223902790762,1473.7898271312547,1475.1223902790762,1473.7898271312547
variable_start_120,MATCHED,18,B,1,1,1,B_variable_start_120_MATCHED_L1_R1_G1_C2,VALID,False,False,1492.0693063913761,1473.7898271312547,1475.1223902790762,1473.7898271312547
variable_start_120,MATCHED,19,B,1,2,0,B_variable_start_120_MATCHED_L1_R2_G0_C0,VALID,True,True,1515.6569064205346,1473.7898271312547,1475.1223902790762,1473.7898271312547
variable_start_120,MATCHED,20,B,1,2,0,B_variable_start_120_MATCHED_L1_R2_G0_C1,VALID,False,False,1516.1141955904059,1473.7898271312547,1475.1223902790762,1473.7898271312547
variable_start_120,MATCHED,21,B,1,2,0,B_variable_start_120_MATCHED_L1_R2_G0_C2,VALID,False,False,1543.0593534162133,1473.7898271312547,1475.1223902790762,1473.7898271312547
variable_start_120,MATCHED,22,B,1,2,1,B_variable_start_120_MATCHED_L1_R2_G1_C0,VALID,True,True,1515.6569064205346,1473.7898271312547,1475.1223902790762,1473.7898271312547
variable_start_120,MATCHED,23,B,1,2,1,B_variable_start_120_MATCHED_L1_R2_G1_C1,VALID,True,True,1515.6569064205346,1473.7898271312547,1475.1223902790762,1473.7898271312547
variable_start_120,MATCHED,24,B,1,2,1,B_variable_start_120_MATCHED_L1_R2_G1_C2,VALID,True,True,1487.2607520134775,1473.7898271312547,1475.1223902790762,1473.7898271312547
variable_start_120,MATCHED,25,B,2,0,0,B_variable_start_120_MATCHED_L2_R0_G0_C0,VALID,True,True,1521.9383935276433,1473.7898271312547,1475.1223902790762,1473.7898271312547
variable_start_120,MATCHED,26,B,2,0,0,B_variable_start_120_MATCHED_L2_R0_G0_C1,VALID,True,True,1475.1223902790762,1473.7898271312547,1475.1223902790762,1473.7898271312547
variable_start_120,MATCHED,27,B,2,0,0,B_variable_start_120_MATCHED_L2_R0_G0_C2,INFEASIBLE,False,False,,1473.7898271312547,1475.1223902790762,1473.7898271312547
variable_start_120,MATCHED,28,B,2,0,1,B_variable_start_120_MATCHED_L2_R0_G1_C0,VALID,True,True,1510.8661942440572,1473.7898271312547,1475.1223902790762,1473.7898271312547
variable_start_120,MATCHED,29,B,2,0,1,B_variable_start_120_MATCHED_L2_R0_G1_C1,VALID,True,True,1475.1223902790762,1473.7898271312547,1475.1223902790762,1473.7898271312547
variable_start_120,MATCHED,30,B,2,0,1,B_variable_start_120_MATCHED_L2_R0_G1_C2,VALID,False,False,1506.6810760391313,1473.7898271312547,1475.1223902790762,1473.7898271312547
variable_start_120,MATCHED,31,B,2,1,0,B_variable_start_120_MATCHED_L2_R1_G0_C0,VALID,True,True,1473.7898271312547,1473.7898271312547,1473.7898271312547,1473.7898271312547
variable_start_120,MATCHED,32,B,2,1,0,B_variable_start_120_MATCHED_L2_R1_G0_C1,VALID,True,True,1475.1223902790762,1473.7898271312547,1473.7898271312547,1473.7898271312547
variable_start_120,MATCHED,33,B,2,1,0,B_variable_start_120_MATCHED_L2_R1_G0_C2,VALID,False,False,1517.2262068391994,1473.7898271312547,1473.7898271312547,1473.7898271312547
variable_start_120,MATCHED,34,B,2,1,1,B_variable_start_120_MATCHED_L2_R1_G1_C0,VALID,True,True,1473.6210089236497,1473.6210089236497,1473.6210089236497,1473.7898271312547
variable_start_120,MATCHED,35,B,2,1,1,B_variable_start_120_MATCHED_L2_R1_G1_C1,VALID,True,True,1473.7898271312547,1473.6210089236497,1473.6210089236497,1473.7898271312547
variable_start_120,MATCHED,36,B,2,1,1,B_variable_start_120_MATCHED_L2_R1_G1_C2,INFEASIBLE,False,False,,1473.6210089236497,1473.6210089236497,1473.7898271312547
variable_start_120,MATCHED,37,B,2,2,0,B_variable_start_120_MATCHED_L2_R2_G0_C0,VALID,True,True,1520.6254647986189,1473.6210089236497,1473.6210089236497,1473.7898271312547
variable_start_120,MATCHED,38,B,2,2,0,B_variable_start_120_MATCHED_L2_R2_G0_C1,VALID,True,True,1473.6210089236497,1473.6210089236497,1473.6210089236497,1473.7898271312547
variable_start_120,MATCHED,39,B,2,2,0,B_variable_start_120_MATCHED_L2_R2_G0_C2,INFEASIBLE,False,False,,1473.6210089236497,1473.6210089236497,1473.7898271312547
variable_start_120,MATCHED,40,B,2,2,1,B_variable_start_120_MATCHED_L2_R2_G1_C0,VALID,True,True,1509.4984077494437,1473.6210089236497,1473.6210089236497,1473.7898271312547
variable_start_120,MATCHED,41,B,2,2,1,B_variable_start_120_MATCHED_L2_R2_G1_C1,VALID,True,True,1473.6210089236497,1473.6210089236497,1473.6210089236497,1473.7898271312547
variable_start_120,MATCHED,42,B,2,2,1,B_variable_start_120_MATCHED_L2_R2_G1_C2,VALID,False,False,1502.451514391129,1473.6210089236497,1473.6210089236497,1473.7898271312547
variable_start_120,MATCHED,43,B,3,0,0,B_variable_start_120_MATCHED_L3_R0_G0_C0,VALID,True,True,1521.9383935276433,1473.6210089236497,1473.6210089236497,1473.7898271312547
variable_start_120,MATCHED,44,B,3,0,0,B_variable_start_120_MATCHED_L3_R0_G0_C1,VALID,True,True,1473.6210089236497,1473.6210089236497,1473.6210089236497,1473.7898271312547
variable_start_120,MATCHED,45,B,3,0,0,B_variable_start_120_MATCHED_L3_R0_G0_C2,INFEASIBLE,False,False,,1473.6210089236497,1473.6210089236497,1473.7898271312547
variable_start_120,MATCHED,46,B,3,0,1,B_variable_start_120_MATCHED_L3_R0_G1_C0,VALID,True,True,1510.502685553432,1473.6210089236497,1473.6210089236497,1473.7898271312547
variable_start_120,MATCHED,47,B,3,0,1,B_variable_start_120_MATCHED_L3_R0_G1_C1,VALID,True,True,1473.6210089236497,1473.6210089236497,1473.6210089236497,1473.7898271312547
variable_start_120,MATCHED,48,B,3,0,1,B_variable_start_120_MATCHED_L3_R0_G1_C2,INFEASIBLE,False,False,,1473.6210089236497,1473.6210089236497,1473.7898271312547
variable_start_120,MATCHED,49,B,3,1,0,B_variable_start_120_MATCHED_L3_R1_G0_C0,VALID,True,True,1473.7898271312547,1473.6210089236497,1473.6210089236497,1473.7898271312547
variable_start_120,MATCHED,50,B,3,1,0,B_variable_start_120_MATCHED_L3_R1_G0_C1,VALID,True,True,1473.6210089236497,1473.6210089236497,1473.6210089236497,1473.7898271312547
variable_start_120,MATCHED,51,B,3,1,0,B_variable_start_120_MATCHED_L3_R1_G0_C2,INFEASIBLE,False,False,,1473.6210089236497,1473.6210089236497,1473.7898271312547
variable_start_120,MATCHED,52,B,3,1,1,B_variable_start_120_MATCHED_L3_R1_G1_C0,VALID,True,True,1473.7305950249374,1473.6210089236497,1473.6210089236497,1473.7898271312547
variable_start_120,MATCHED,53,B,3,1,1,B_variable_start_120_MATCHED_L3_R1_G1_C1,VALID,True,True,1473.6210089236497,1473.6210089236497,1473.6210089236497,1473.7898271312547
variable_start_120,MATCHED,54,B,3,1,1,B_variable_start_120_MATCHED_L3_R1_G1_C2,INFEASIBLE,False,False,,1473.6210089236497,1473.6210089236497,1473.7898271312547
variable_start_120,MATCHED,55,B,3,2,0,B_variable_start_120_MATCHED_L3_R2_G0_C0,VALID,True,True,1520.9251211574847,1473.6210089236497,1473.6210089236497,1473.7898271312547
variable_start_120,MATCHED,56,B,3,2,0,B_variable_start_120_MATCHED_L3_R2_G0_C1,VALID,True,True,1473.6210089236497,1473.6210089236497,1473.6210089236497,1473.7898271312547
variable_start_120,MATCHED,57,B,3,2,0,B_variable_start_120_MATCHED_L3_R2_G0_C2,INFEASIBLE,False,False,,1473.6210089236497,1473.6210089236497,1473.7898271312547
variable_start_120,MATCHED,58,B,3,2,1,B_variable_start_120_MATCHED_L3_R2_G1_C0,VALID,True,True,1509.7275824247024,1473.6210089236497,1473.6210089236497,1473.7898271312547
variable_start_120,MATCHED,59,B,3,2,1,B_variable_start_120_MATCHED_L3_R2_G1_C1,VALID,True,True,1473.6210089236497,1473.6210089236497,1473.6210089236497,1473.7898271312547
variable_start_120,MATCHED,60,B,3,2,1,B_variable_start_120_MATCHED_L3_R2_G1_C2,INFEASIBLE,False,False,,1473.6210089236497,1473.6210089236497,1473.7898271312547
variable_start_120,NATIVE,1,A,1,,,A_variable_start_120_NATIVE_baseline_0,VALID,True,True,1231.6519556980702,1176.5745040673196,1231.6519556980702,1176.5745040673196
variable_start_120,NATIVE,2,A,1,,,A_variable_start_120_NATIVE_baseline_1,VALID,True,True,1231.6519556980702,1176.5745040673196,1231.6519556980702,1176.5745040673196
variable_start_120,NATIVE,3,A,1,,,A_variable_start_120_NATIVE_fixed_0,VALID,True,False,1217.9087879442277,1176.5745040673196,1217.9087879442277,1176.5745040673196
variable_start_120,NATIVE,4,A,1,,,A_variable_start_120_NATIVE_fixed_1,VALID,True,False,1217.9087879442277,1176.5745040673196,1217.9087879442277,1176.5745040673196
variable_start_120,NATIVE,5,A,1,,,A_variable_start_120_NATIVE_small,VALID,True,False,1232.0309131232152,1176.5745040673196,1217.9087879442277,1176.5745040673196
variable_start_120,NATIVE,6,A,1,,,A_variable_start_120_NATIVE_diverse,VALID,True,False,1220.802769722769,1176.5745040673196,1217.9087879442277,1176.5745040673196
variable_start_120,NATIVE,7,B,1,0,0,B_variable_start_120_NATIVE_L1_R0_G0_C0,VALID,True,True,1231.6519556980702,1176.5745040673196,1217.9087879442277,1176.5745040673196
variable_start_120,NATIVE,8,B,1,0,0,B_variable_start_120_NATIVE_L1_R0_G0_C1,VALID,True,False,1217.5657655180148,1176.5745040673196,1217.5657655180148,1176.5745040673196
variable_start_120,NATIVE,9,B,1,0,0,B_variable_start_120_NATIVE_L1_R0_G0_C2,VALID,True,False,1206.5754200794343,1176.5745040673196,1206.5754200794343,1176.5745040673196
variable_start_120,NATIVE,10,B,1,0,1,B_variable_start_120_NATIVE_L1_R0_G1_C0,VALID,True,False,1227.154751442957,1176.5745040673196,1206.5754200794343,1176.5745040673196
variable_start_120,NATIVE,11,B,1,0,1,B_variable_start_120_NATIVE_L1_R0_G1_C1,VALID,True,False,1206.5754200794343,1176.5745040673196,1206.5754200794343,1176.5745040673196
variable_start_120,NATIVE,12,B,1,0,1,B_variable_start_120_NATIVE_L1_R0_G1_C2,VALID,True,False,1222.2110864138558,1176.5745040673196,1206.5754200794343,1176.5745040673196
variable_start_120,NATIVE,13,B,1,1,0,B_variable_start_120_NATIVE_L1_R1_G0_C0,VALID,True,False,1217.9087879442277,1176.5745040673196,1206.5754200794343,1176.5745040673196
variable_start_120,NATIVE,14,B,1,1,0,B_variable_start_120_NATIVE_L1_R1_G0_C1,VALID,True,False,1193.5982726634466,1176.5745040673196,1193.5982726634466,1176.5745040673196
variable_start_120,NATIVE,15,B,1,1,0,B_variable_start_120_NATIVE_L1_R1_G0_C2,VALID,True,False,1192.8195771747596,1176.5745040673196,1192.8195771747596,1176.5745040673196
variable_start_120,NATIVE,16,B,1,1,1,B_variable_start_120_NATIVE_L1_R1_G1_C0,VALID,True,False,1215.2828870335547,1176.5745040673196,1192.8195771747596,1176.5745040673196
variable_start_120,NATIVE,17,B,1,1,1,B_variable_start_120_NATIVE_L1_R1_G1_C1,VALID,True,False,1192.8195771747596,1176.5745040673196,1192.8195771747596,1176.5745040673196
variable_start_120,NATIVE,18,B,1,1,1,B_variable_start_120_NATIVE_L1_R1_G1_C2,VALID,True,False,1205.2067274825008,1176.5745040673196,1192.8195771747596,1176.5745040673196
variable_start_120,NATIVE,19,B,1,2,0,B_variable_start_120_NATIVE_L1_R2_G0_C0,VALID,True,False,1220.802769722769,1176.5745040673196,1192.8195771747596,1176.5745040673196
variable_start_120,NATIVE,20,B,1,2,0,B_variable_start_120_NATIVE_L1_R2_G0_C1,VALID,True,False,1213.5093379581995,1176.5745040673196,1192.8195771747596,1176.5745040673196
variable_start_120,NATIVE,21,B,1,2,0,B_variable_start_120_NATIVE_L1_R2_G0_C2,VALID,True,False,1239.0660921998078,1176.5745040673196,1192.8195771747596,1176.5745040673196
variable_start_120,NATIVE,22,B,1,2,1,B_variable_start_120_NATIVE_L1_R2_G1_C0,VALID,True,False,1225.253292122452,1176.5745040673196,1192.8195771747596,1176.5745040673196
variable_start_120,NATIVE,23,B,1,2,1,B_variable_start_120_NATIVE_L1_R2_G1_C1,VALID,True,False,1213.5093379581995,1176.5745040673196,1192.8195771747596,1176.5745040673196
variable_start_120,NATIVE,24,B,1,2,1,B_variable_start_120_NATIVE_L1_R2_G1_C2,VALID,True,False,1224.158536431767,1176.5745040673196,1192.8195771747596,1176.5745040673196
variable_start_120,NATIVE,25,B,2,0,0,B_variable_start_120_NATIVE_L2_R0_G0_C0,VALID,True,True,1231.6519556980702,1176.5745040673196,1192.8195771747596,1176.5745040673196
variable_start_120,NATIVE,26,B,2,0,0,B_variable_start_120_NATIVE_L2_R0_G0_C1,VALID,True,False,1192.8195771747596,1176.5745040673196,1192.8195771747596,1176.5745040673196
variable_start_120,NATIVE,27,B,2,0,0,B_variable_start_120_NATIVE_L2_R0_G0_C2,VALID,True,False,1217.9554765935636,1176.5745040673196,1192.8195771747596,1176.5745040673196
variable_start_120,NATIVE,28,B,2,0,1,B_variable_start_120_NATIVE_L2_R0_G1_C0,VALID,True,False,1227.2091504863877,1176.5745040673196,1192.8195771747596,1176.5745040673196
variable_start_120,NATIVE,29,B,2,0,1,B_variable_start_120_NATIVE_L2_R0_G1_C1,VALID,True,False,1192.8195771747596,1176.5745040673196,1192.8195771747596,1176.5745040673196
variable_start_120,NATIVE,30,B,2,0,1,B_variable_start_120_NATIVE_L2_R0_G1_C2,VALID,True,False,1213.919394360405,1176.5745040673196,1192.8195771747596,1176.5745040673196
variable_start_120,NATIVE,31,B,2,1,0,B_variable_start_120_NATIVE_L2_R1_G0_C0,VALID,True,False,1217.9087879442277,1176.5745040673196,1192.8195771747596,1176.5745040673196
variable_start_120,NATIVE,32,B,2,1,0,B_variable_start_120_NATIVE_L2_R1_G0_C1,VALID,True,False,1192.8195771747596,1176.5745040673196,1192.8195771747596,1176.5745040673196
variable_start_120,NATIVE,33,B,2,1,0,B_variable_start_120_NATIVE_L2_R1_G0_C2,VALID,True,False,1172.5463878953055,1172.5463878953055,1172.5463878953055,1176.5745040673196
variable_start_120,NATIVE,34,B,2,1,1,B_variable_start_120_NATIVE_L2_R1_G1_C0,VALID,True,False,1195.164461728722,1172.5463878953055,1172.5463878953055,1176.5745040673196
variable_start_120,NATIVE,35,B,2,1,1,B_variable_start_120_NATIVE_L2_R1_G1_C1,VALID,True,False,1172.5463878953055,1172.5463878953055,1172.5463878953055,1176.5745040673196
variable_start_120,NATIVE,36,B,2,1,1,B_variable_start_120_NATIVE_L2_R1_G1_C2,VALID,True,False,1174.8662604103333,1172.5463878953055,1172.5463878953055,1176.5745040673196
variable_start_120,NATIVE,37,B,2,2,0,B_variable_start_120_NATIVE_L2_R2_G0_C0,VALID,True,False,1220.802769722769,1172.5463878953055,1172.5463878953055,1176.5745040673196
variable_start_120,NATIVE,38,B,2,2,0,B_variable_start_120_NATIVE_L2_R2_G0_C1,VALID,True,False,1172.5463878953055,1172.5463878953055,1172.5463878953055,1176.5745040673196
variable_start_120,NATIVE,39,B,2,2,0,B_variable_start_120_NATIVE_L2_R2_G0_C2,VALID,True,False,1175.138122904173,1172.5463878953055,1172.5463878953055,1176.5745040673196
variable_start_120,NATIVE,40,B,2,2,1,B_variable_start_120_NATIVE_L2_R2_G1_C0,VALID,True,False,1204.2834997054483,1172.5463878953055,1172.5463878953055,1176.5745040673196
variable_start_120,NATIVE,41,B,2,2,1,B_variable_start_120_NATIVE_L2_R2_G1_C1,VALID,True,False,1172.5463878953055,1172.5463878953055,1172.5463878953055,1176.5745040673196
variable_start_120,NATIVE,42,B,2,2,1,B_variable_start_120_NATIVE_L2_R2_G1_C2,VALID,True,False,1172.543336106276,1172.543336106276,1172.543336106276,1176.5745040673196
variable_start_120,NATIVE,43,B,3,0,0,B_variable_start_120_NATIVE_L3_R0_G0_C0,VALID,True,True,1231.6519556980702,1172.543336106276,1172.543336106276,1176.5745040673196
variable_start_120,NATIVE,44,B,3,0,0,B_variable_start_120_NATIVE_L3_R0_G0_C1,VALID,True,False,1172.543336106276,1172.543336106276,1172.543336106276,1176.5745040673196
variable_start_120,NATIVE,45,B,3,0,0,B_variable_start_120_NATIVE_L3_R0_G0_C2,INFEASIBLE,False,False,,1172.543336106276,1172.543336106276,1176.5745040673196
variable_start_120,NATIVE,46,B,3,0,1,B_variable_start_120_NATIVE_L3_R0_G1_C0,VALID,True,False,1223.9815956709856,1172.543336106276,1172.543336106276,1176.5745040673196
variable_start_120,NATIVE,47,B,3,0,1,B_variable_start_120_NATIVE_L3_R0_G1_C1,VALID,True,False,1172.543336106276,1172.543336106276,1172.543336106276,1176.5745040673196
variable_start_120,NATIVE,48,B,3,0,1,B_variable_start_120_NATIVE_L3_R0_G1_C2,INFEASIBLE,False,False,,1172.543336106276,1172.543336106276,1176.5745040673196
variable_start_120,NATIVE,49,B,3,1,0,B_variable_start_120_NATIVE_L3_R1_G0_C0,VALID,True,False,1217.9087879442277,1172.543336106276,1172.543336106276,1176.5745040673196
variable_start_120,NATIVE,50,B,3,1,0,B_variable_start_120_NATIVE_L3_R1_G0_C1,VALID,True,False,1172.543336106276,1172.543336106276,1172.543336106276,1176.5745040673196
variable_start_120,NATIVE,51,B,3,1,0,B_variable_start_120_NATIVE_L3_R1_G0_C2,INFEASIBLE,False,False,,1172.543336106276,1172.543336106276,1176.5745040673196
variable_start_120,NATIVE,52,B,3,1,1,B_variable_start_120_NATIVE_L3_R1_G1_C0,VALID,True,False,1213.345876309851,1172.543336106276,1172.543336106276,1176.5745040673196
variable_start_120,NATIVE,53,B,3,1,1,B_variable_start_120_NATIVE_L3_R1_G1_C1,VALID,True,False,1172.543336106276,1172.543336106276,1172.543336106276,1176.5745040673196
variable_start_120,NATIVE,54,B,3,1,1,B_variable_start_120_NATIVE_L3_R1_G1_C2,VALID,True,False,1208.5180765202215,1172.543336106276,1172.543336106276,1176.5745040673196
variable_start_120,NATIVE,55,B,3,2,0,B_variable_start_120_NATIVE_L3_R2_G0_C0,VALID,True,False,1220.802769722769,1172.543336106276,1172.543336106276,1176.5745040673196
variable_start_120,NATIVE,56,B,3,2,0,B_variable_start_120_NATIVE_L3_R2_G0_C1,VALID,True,False,1172.543336106276,1172.543336106276,1172.543336106276,1176.5745040673196
variable_start_120,NATIVE,57,B,3,2,0,B_variable_start_120_NATIVE_L3_R2_G0_C2,INFEASIBLE,False,False,,1172.543336106276,1172.543336106276,1176.5745040673196
variable_start_120,NATIVE,58,B,3,2,1,B_variable_start_120_NATIVE_L3_R2_G1_C0,VALID,True,False,1217.7462475160596,1172.543336106276,1172.543336106276,1176.5745040673196
variable_start_120,NATIVE,59,B,3,2,1,B_variable_start_120_NATIVE_L3_R2_G1_C1,VALID,True,False,1172.543336106276,1172.543336106276,1172.543336106276,1176.5745040673196
variable_start_120,NATIVE,60,B,3,2,1,B_variable_start_120_NATIVE_L3_R2_G1_C2,INFEASIBLE,False,False,,1172.543336106276,1172.543336106276,1176.5745040673196
sync_120,MATCHED,1,A,1,,,A_sync_120_MATCHED_baseline_0,VALID,True,True,1529.600078270632,1468.4212578554857,1529.600078270632,1468.4212578554857
sync_120,MATCHED,2,A,1,,,A_sync_120_MATCHED_baseline_1,VALID,True,True,1529.600078270632,1468.4212578554857,1529.600078270632,1468.4212578554857
sync_120,MATCHED,3,A,1,,,A_sync_120_MATCHED_fixed_0,VALID,True,True,1488.9721181459286,1468.4212578554857,1488.9721181459286,1468.4212578554857
sync_120,MATCHED,4,A,1,,,A_sync_120_MATCHED_fixed_1,VALID,True,True,1488.9721181459286,1468.4212578554857,1488.9721181459286,1468.4212578554857
sync_120,MATCHED,5,A,1,,,A_sync_120_MATCHED_small,VALID,False,False,1528.7236988617667,1468.4212578554857,1488.9721181459286,1468.4212578554857
sync_120,MATCHED,6,A,1,,,A_sync_120_MATCHED_diverse,VALID,False,False,1557.544838806657,1468.4212578554857,1488.9721181459286,1468.4212578554857
sync_120,MATCHED,7,B,1,0,0,B_sync_120_MATCHED_L1_R0_G0_C0,VALID,True,True,1529.600078270632,1468.4212578554857,1488.9721181459286,1468.4212578554857
sync_120,MATCHED,8,B,1,0,0,B_sync_120_MATCHED_L1_R0_G0_C1,VALID,False,False,1518.7747015012117,1468.4212578554857,1488.9721181459286,1468.4212578554857
sync_120,MATCHED,9,B,1,0,0,B_sync_120_MATCHED_L1_R0_G0_C2,VALID,False,False,1506.4086712485323,1468.4212578554857,1488.9721181459286,1468.4212578554857
sync_120,MATCHED,10,B,1,0,1,B_sync_120_MATCHED_L1_R0_G1_C0,VALID,True,True,1529.600078270632,1468.4212578554857,1488.9721181459286,1468.4212578554857
sync_120,MATCHED,11,B,1,0,1,B_sync_120_MATCHED_L1_R0_G1_C1,VALID,True,True,1529.600078270632,1468.4212578554857,1488.9721181459286,1468.4212578554857
sync_120,MATCHED,12,B,1,0,1,B_sync_120_MATCHED_L1_R0_G1_C2,VALID,False,False,1514.3277174904197,1468.4212578554857,1488.9721181459286,1468.4212578554857
sync_120,MATCHED,13,B,1,1,0,B_sync_120_MATCHED_L1_R1_G0_C0,VALID,True,True,1468.4212578554857,1468.4212578554857,1468.4212578554857,1468.4212578554857
sync_120,MATCHED,14,B,1,1,0,B_sync_120_MATCHED_L1_R1_G0_C1,INFEASIBLE,False,False,,1468.4212578554857,1468.4212578554857,1468.4212578554857
sync_120,MATCHED,15,B,1,1,0,B_sync_120_MATCHED_L1_R1_G0_C2,VALID,True,True,1465.6263645168624,1465.6263645168624,1465.6263645168624,1468.4212578554857
sync_120,MATCHED,16,B,1,1,1,B_sync_120_MATCHED_L1_R1_G1_C0,VALID,True,True,1468.3485571766246,1465.6263645168624,1465.6263645168624,1468.4212578554857
sync_120,MATCHED,17,B,1,1,1,B_sync_120_MATCHED_L1_R1_G1_C1,VALID,True,True,1465.6263645168624,1465.6263645168624,1465.6263645168624,1468.4212578554857
sync_120,MATCHED,18,B,1,1,1,B_sync_120_MATCHED_L1_R1_G1_C2,VALID,False,False,1455.9652531979664,1465.6263645168624,1465.6263645168624,1468.4212578554857
sync_120,MATCHED,19,B,1,2,0,B_sync_120_MATCHED_L1_R2_G0_C0,VALID,True,True,1529.8004665877593,1465.6263645168624,1465.6263645168624,1468.4212578554857
sync_120,MATCHED,20,B,1,2,0,B_sync_120_MATCHED_L1_R2_G0_C1,VALID,False,False,1555.286652483907,1465.6263645168624,1465.6263645168624,1468.4212578554857
sync_120,MATCHED,21,B,1,2,0,B_sync_120_MATCHED_L1_R2_G0_C2,VALID,False,False,1566.9203489608697,1465.6263645168624,1465.6263645168624,1468.4212578554857
sync_120,MATCHED,22,B,1,2,1,B_sync_120_MATCHED_L1_R2_G1_C0,VALID,True,True,1529.8004665877593,1465.6263645168624,1465.6263645168624,1468.4212578554857
sync_120,MATCHED,23,B,1,2,1,B_sync_120_MATCHED_L1_R2_G1_C1,VALID,True,True,1529.8004665877593,1465.6263645168624,1465.6263645168624,1468.4212578554857
sync_120,MATCHED,24,B,1,2,1,B_sync_120_MATCHED_L1_R2_G1_C2,VALID,False,False,1525.2225837239573,1465.6263645168624,1465.6263645168624,1468.4212578554857
sync_120,MATCHED,25,B,2,0,0,B_sync_120_MATCHED_L2_R0_G0_C0,VALID,True,True,1529.600078270632,1465.6263645168624,1465.6263645168624,1468.4212578554857
sync_120,MATCHED,26,B,2,0,0,B_sync_120_MATCHED_L2_R0_G0_C1,VALID,True,True,1465.6263645168624,1465.6263645168624,1465.6263645168624,1468.4212578554857
sync_120,MATCHED,27,B,2,0,0,B_sync_120_MATCHED_L2_R0_G0_C2,VALID,False,False,1518.0702305047091,1465.6263645168624,1465.6263645168624,1468.4212578554857
sync_120,MATCHED,28,B,2,0,1,B_sync_120_MATCHED_L2_R0_G1_C0,VALID,True,True,1513.9891067569836,1465.6263645168624,1465.6263645168624,1468.4212578554857
sync_120,MATCHED,29,B,2,0,1,B_sync_120_MATCHED_L2_R0_G1_C1,VALID,True,True,1465.6263645168624,1465.6263645168624,1465.6263645168624,1468.4212578554857
sync_120,MATCHED,30,B,2,0,1,B_sync_120_MATCHED_L2_R0_G1_C2,VALID,False,False,1515.8434735841724,1465.6263645168624,1465.6263645168624,1468.4212578554857
sync_120,MATCHED,31,B,2,1,0,B_sync_120_MATCHED_L2_R1_G0_C0,VALID,True,True,1468.4212578554857,1465.6263645168624,1465.6263645168624,1468.4212578554857
sync_120,MATCHED,32,B,2,1,0,B_sync_120_MATCHED_L2_R1_G0_C1,VALID,True,True,1465.6263645168624,1465.6263645168624,1465.6263645168624,1468.4212578554857
sync_120,MATCHED,33,B,2,1,0,B_sync_120_MATCHED_L2_R1_G0_C2,VALID,False,False,1519.8991174395392,1465.6263645168624,1465.6263645168624,1468.4212578554857
sync_120,MATCHED,34,B,2,1,1,B_sync_120_MATCHED_L2_R1_G1_C0,VALID,True,True,1468.3485571766246,1465.6263645168624,1465.6263645168624,1468.4212578554857
sync_120,MATCHED,35,B,2,1,1,B_sync_120_MATCHED_L2_R1_G1_C1,VALID,True,True,1465.6263645168624,1465.6263645168624,1465.6263645168624,1468.4212578554857
sync_120,MATCHED,36,B,2,1,1,B_sync_120_MATCHED_L2_R1_G1_C2,VALID,False,False,1483.66606959407,1465.6263645168624,1465.6263645168624,1468.4212578554857
sync_120,MATCHED,37,B,2,2,0,B_sync_120_MATCHED_L2_R2_G0_C0,VALID,True,True,1528.1589235506715,1465.6263645168624,1465.6263645168624,1468.4212578554857
sync_120,MATCHED,38,B,2,2,0,B_sync_120_MATCHED_L2_R2_G0_C1,VALID,True,True,1465.6263645168624,1465.6263645168624,1465.6263645168624,1468.4212578554857
sync_120,MATCHED,39,B,2,2,0,B_sync_120_MATCHED_L2_R2_G0_C2,INFEASIBLE,False,False,,1465.6263645168624,1465.6263645168624,1468.4212578554857
sync_120,MATCHED,40,B,2,2,1,B_sync_120_MATCHED_L2_R2_G1_C0,VALID,True,True,1512.897607668928,1465.6263645168624,1465.6263645168624,1468.4212578554857
sync_120,MATCHED,41,B,2,2,1,B_sync_120_MATCHED_L2_R2_G1_C1,VALID,True,True,1465.6263645168624,1465.6263645168624,1465.6263645168624,1468.4212578554857
sync_120,MATCHED,42,B,2,2,1,B_sync_120_MATCHED_L2_R2_G1_C2,VALID,False,False,1503.3978672670899,1465.6263645168624,1465.6263645168624,1468.4212578554857
sync_120,MATCHED,43,B,3,0,0,B_sync_120_MATCHED_L3_R0_G0_C0,VALID,True,True,1529.600078270632,1465.6263645168624,1465.6263645168624,1468.4212578554857
sync_120,MATCHED,44,B,3,0,0,B_sync_120_MATCHED_L3_R0_G0_C1,VALID,True,True,1465.6263645168624,1465.6263645168624,1465.6263645168624,1468.4212578554857
sync_120,MATCHED,45,B,3,0,0,B_sync_120_MATCHED_L3_R0_G0_C2,INFEASIBLE,False,False,,1465.6263645168624,1465.6263645168624,1468.4212578554857
sync_120,MATCHED,46,B,3,0,1,B_sync_120_MATCHED_L3_R0_G1_C0,VALID,True,True,1513.9891067569836,1465.6263645168624,1465.6263645168624,1468.4212578554857
sync_120,MATCHED,47,B,3,0,1,B_sync_120_MATCHED_L3_R0_G1_C1,VALID,True,True,1465.6263645168624,1465.6263645168624,1465.6263645168624,1468.4212578554857
sync_120,MATCHED,48,B,3,0,1,B_sync_120_MATCHED_L3_R0_G1_C2,INFEASIBLE,False,False,,1465.6263645168624,1465.6263645168624,1468.4212578554857
sync_120,MATCHED,49,B,3,1,0,B_sync_120_MATCHED_L3_R1_G0_C0,VALID,True,True,1468.4212578554857,1465.6263645168624,1465.6263645168624,1468.4212578554857
sync_120,MATCHED,50,B,3,1,0,B_sync_120_MATCHED_L3_R1_G0_C1,VALID,True,True,1465.6263645168624,1465.6263645168624,1465.6263645168624,1468.4212578554857
sync_120,MATCHED,51,B,3,1,0,B_sync_120_MATCHED_L3_R1_G0_C2,INFEASIBLE,False,False,,1465.6263645168624,1465.6263645168624,1468.4212578554857
sync_120,MATCHED,52,B,3,1,1,B_sync_120_MATCHED_L3_R1_G1_C0,VALID,True,True,1468.3485571766246,1465.6263645168624,1465.6263645168624,1468.4212578554857
sync_120,MATCHED,53,B,3,1,1,B_sync_120_MATCHED_L3_R1_G1_C1,VALID,True,True,1465.6263645168624,1465.6263645168624,1465.6263645168624,1468.4212578554857
sync_120,MATCHED,54,B,3,1,1,B_sync_120_MATCHED_L3_R1_G1_C2,INFEASIBLE,False,False,,1465.6263645168624,1465.6263645168624,1468.4212578554857
sync_120,MATCHED,55,B,3,2,0,B_sync_120_MATCHED_L3_R2_G0_C0,VALID,True,True,1526.618202468826,1465.6263645168624,1465.6263645168624,1468.4212578554857
sync_120,MATCHED,56,B,3,2,0,B_sync_120_MATCHED_L3_R2_G0_C1,VALID,True,True,1465.6263645168624,1465.6263645168624,1465.6263645168624,1468.4212578554857
sync_120,MATCHED,57,B,3,2,0,B_sync_120_MATCHED_L3_R2_G0_C2,INFEASIBLE,False,False,,1465.6263645168624,1465.6263645168624,1468.4212578554857
sync_120,MATCHED,58,B,3,2,1,B_sync_120_MATCHED_L3_R2_G1_C0,VALID,True,True,1511.7315560843513,1465.6263645168624,1465.6263645168624,1468.4212578554857
sync_120,MATCHED,59,B,3,2,1,B_sync_120_MATCHED_L3_R2_G1_C1,VALID,True,True,1465.6263645168624,1465.6263645168624,1465.6263645168624,1468.4212578554857
sync_120,MATCHED,60,B,3,2,1,B_sync_120_MATCHED_L3_R2_G1_C2,INFEASIBLE,False,False,,1465.6263645168624,1465.6263645168624,1468.4212578554857
sync_120,NATIVE,1,A,1,,,A_sync_120_NATIVE_baseline_0,VALID,True,True,1236.9808538786324,1180.00001823319,1236.9808538786324,1180.00001823319
sync_120,NATIVE,2,A,1,,,A_sync_120_NATIVE_baseline_1,VALID,True,True,1236.9808538786324,1180.00001823319,1236.9808538786324,1180.00001823319
sync_120,NATIVE,3,A,1,,,A_sync_120_NATIVE_fixed_0,VALID,True,False,1222.018306187581,1180.00001823319,1222.018306187581,1180.00001823319
sync_120,NATIVE,4,A,1,,,A_sync_120_NATIVE_fixed_1,VALID,True,False,1222.018306187581,1180.00001823319,1222.018306187581,1180.00001823319
sync_120,NATIVE,5,A,1,,,A_sync_120_NATIVE_small,VALID,True,False,1237.8009477234411,1180.00001823319,1222.018306187581,1180.00001823319
sync_120,NATIVE,6,A,1,,,A_sync_120_NATIVE_diverse,VALID,True,False,1205.2664564575557,1180.00001823319,1205.2664564575557,1180.00001823319
sync_120,NATIVE,7,B,1,0,0,B_sync_120_NATIVE_L1_R0_G0_C0,VALID,True,True,1236.9808538786324,1180.00001823319,1205.2664564575557,1180.00001823319
sync_120,NATIVE,8,B,1,0,0,B_sync_120_NATIVE_L1_R0_G0_C1,VALID,True,False,1209.7793535867459,1180.00001823319,1205.2664564575557,1180.00001823319
sync_120,NATIVE,9,B,1,0,0,B_sync_120_NATIVE_L1_R0_G0_C2,VALID,True,False,1245.8092010487885,1180.00001823319,1205.2664564575557,1180.00001823319
sync_120,NATIVE,10,B,1,0,1,B_sync_120_NATIVE_L1_R0_G1_C0,VALID,True,False,1233.129529969831,1180.00001823319,1205.2664564575557,1180.00001823319
sync_120,NATIVE,11,B,1,0,1,B_sync_120_NATIVE_L1_R0_G1_C1,VALID,True,False,1209.7793535867459,1180.00001823319,1205.2664564575557,1180.00001823319
sync_120,NATIVE,12,B,1,0,1,B_sync_120_NATIVE_L1_R0_G1_C2,VALID,True,False,1216.9973533102352,1180.00001823319,1205.2664564575557,1180.00001823319
sync_120,NATIVE,13,B,1,1,0,B_sync_120_NATIVE_L1_R1_G0_C0,VALID,True,False,1222.018306187581,1180.00001823319,1205.2664564575557,1180.00001823319
sync_120,NATIVE,14,B,1,1,0,B_sync_120_NATIVE_L1_R1_G0_C1,VALID,True,False,1232.691260524989,1180.00001823319,1205.2664564575557,1180.00001823319
sync_120,NATIVE,15,B,1,1,0,B_sync_120_NATIVE_L1_R1_G0_C2,VALID,True,False,1202.3742499584853,1180.00001823319,1202.3742499584853,1180.00001823319
sync_120,NATIVE,16,B,1,1,1,B_sync_120_NATIVE_L1_R1_G1_C0,VALID,True,False,1222.8829717805565,1180.00001823319,1202.3742499584853,1180.00001823319
sync_120,NATIVE,17,B,1,1,1,B_sync_120_NATIVE_L1_R1_G1_C1,VALID,True,False,1202.3742499584853,1180.00001823319,1202.3742499584853,1180.00001823319
sync_120,NATIVE,18,B,1,1,1,B_sync_120_NATIVE_L1_R1_G1_C2,VALID,True,False,1210.8037431504974,1180.00001823319,1202.3742499584853,1180.00001823319
sync_120,NATIVE,19,B,1,2,0,B_sync_120_NATIVE_L1_R2_G0_C0,VALID,True,False,1205.2664564575557,1180.00001823319,1202.3742499584853,1180.00001823319
sync_120,NATIVE,20,B,1,2,0,B_sync_120_NATIVE_L1_R2_G0_C1,VALID,True,False,1191.4898064173535,1180.00001823319,1191.4898064173535,1180.00001823319
sync_120,NATIVE,21,B,1,2,0,B_sync_120_NATIVE_L1_R2_G0_C2,VALID,True,False,1218.040758372711,1180.00001823319,1191.4898064173535,1180.00001823319
sync_120,NATIVE,22,B,1,2,1,B_sync_120_NATIVE_L1_R2_G1_C0,VALID,True,False,1208.6603259216256,1180.00001823319,1191.4898064173535,1180.00001823319
sync_120,NATIVE,23,B,1,2,1,B_sync_120_NATIVE_L1_R2_G1_C1,VALID,True,False,1191.4898064173535,1180.00001823319,1191.4898064173535,1180.00001823319
sync_120,NATIVE,24,B,1,2,1,B_sync_120_NATIVE_L1_R2_G1_C2,VALID,True,False,1195.5070507886076,1180.00001823319,1191.4898064173535,1180.00001823319
sync_120,NATIVE,25,B,2,0,0,B_sync_120_NATIVE_L2_R0_G0_C0,VALID,True,True,1236.9808538786324,1180.00001823319,1191.4898064173535,1180.00001823319
sync_120,NATIVE,26,B,2,0,0,B_sync_120_NATIVE_L2_R0_G0_C1,VALID,True,False,1191.4898064173535,1180.00001823319,1191.4898064173535,1180.00001823319
sync_120,NATIVE,27,B,2,0,0,B_sync_120_NATIVE_L2_R0_G0_C2,VALID,True,False,1212.0967360118648,1180.00001823319,1191.4898064173535,1180.00001823319
sync_120,NATIVE,28,B,2,0,1,B_sync_120_NATIVE_L2_R0_G1_C0,VALID,True,False,1239.053623954805,1180.00001823319,1191.4898064173535,1180.00001823319
sync_120,NATIVE,29,B,2,0,1,B_sync_120_NATIVE_L2_R0_G1_C1,VALID,True,False,1191.4898064173535,1180.00001823319,1191.4898064173535,1180.00001823319
sync_120,NATIVE,30,B,2,0,1,B_sync_120_NATIVE_L2_R0_G1_C2,INFEASIBLE,False,False,,1180.00001823319,1191.4898064173535,1180.00001823319
sync_120,NATIVE,31,B,2,1,0,B_sync_120_NATIVE_L2_R1_G0_C0,VALID,True,False,1222.018306187581,1180.00001823319,1191.4898064173535,1180.00001823319
sync_120,NATIVE,32,B,2,1,0,B_sync_120_NATIVE_L2_R1_G0_C1,VALID,True,False,1191.4898064173535,1180.00001823319,1191.4898064173535,1180.00001823319
sync_120,NATIVE,33,B,2,1,0,B_sync_120_NATIVE_L2_R1_G0_C2,INFEASIBLE,False,False,,1180.00001823319,1191.4898064173535,1180.00001823319
sync_120,NATIVE,34,B,2,1,1,B_sync_120_NATIVE_L2_R1_G1_C0,VALID,True,False,1228.985810254179,1180.00001823319,1191.4898064173535,1180.00001823319
sync_120,NATIVE,35,B,2,1,1,B_sync_120_NATIVE_L2_R1_G1_C1,VALID,True,False,1191.4898064173535,1180.00001823319,1191.4898064173535,1180.00001823319
sync_120,NATIVE,36,B,2,1,1,B_sync_120_NATIVE_L2_R1_G1_C2,VALID,True,False,1193.305402526415,1180.00001823319,1191.4898064173535,1180.00001823319
sync_120,NATIVE,37,B,2,2,0,B_sync_120_NATIVE_L2_R2_G0_C0,VALID,True,False,1205.2664564575557,1180.00001823319,1191.4898064173535,1180.00001823319
sync_120,NATIVE,38,B,2,2,0,B_sync_120_NATIVE_L2_R2_G0_C1,VALID,True,False,1191.4898064173535,1180.00001823319,1191.4898064173535,1180.00001823319
sync_120,NATIVE,39,B,2,2,0,B_sync_120_NATIVE_L2_R2_G0_C2,INFEASIBLE,False,False,,1180.00001823319,1191.4898064173535,1180.00001823319
sync_120,NATIVE,40,B,2,2,1,B_sync_120_NATIVE_L2_R2_G1_C0,VALID,True,False,1208.6603259216256,1180.00001823319,1191.4898064173535,1180.00001823319
sync_120,NATIVE,41,B,2,2,1,B_sync_120_NATIVE_L2_R2_G1_C1,VALID,True,False,1191.4898064173535,1180.00001823319,1191.4898064173535,1180.00001823319
sync_120,NATIVE,42,B,2,2,1,B_sync_120_NATIVE_L2_R2_G1_C2,VALID,True,False,1222.7402718082317,1180.00001823319,1191.4898064173535,1180.00001823319
sync_120,NATIVE,43,B,3,0,0,B_sync_120_NATIVE_L3_R0_G0_C0,VALID,True,True,1236.9808538786324,1180.00001823319,1191.4898064173535,1180.00001823319
sync_120,NATIVE,44,B,3,0,0,B_sync_120_NATIVE_L3_R0_G0_C1,VALID,True,False,1191.4898064173535,1180.00001823319,1191.4898064173535,1180.00001823319
sync_120,NATIVE,45,B,3,0,0,B_sync_120_NATIVE_L3_R0_G0_C2,INFEASIBLE,False,False,,1180.00001823319,1191.4898064173535,1180.00001823319
sync_120,NATIVE,46,B,3,0,1,B_sync_120_NATIVE_L3_R0_G1_C0,VALID,True,False,1239.186111643385,1180.00001823319,1191.4898064173535,1180.00001823319
sync_120,NATIVE,47,B,3,0,1,B_sync_120_NATIVE_L3_R0_G1_C1,VALID,True,False,1191.4898064173535,1180.00001823319,1191.4898064173535,1180.00001823319
sync_120,NATIVE,48,B,3,0,1,B_sync_120_NATIVE_L3_R0_G1_C2,VALID,True,False,1165.753400349324,1165.753400349324,1165.753400349324,1180.00001823319
sync_120,NATIVE,49,B,3,1,0,B_sync_120_NATIVE_L3_R1_G0_C0,VALID,True,False,1222.018306187581,1165.753400349324,1165.753400349324,1180.00001823319
sync_120,NATIVE,50,B,3,1,0,B_sync_120_NATIVE_L3_R1_G0_C1,VALID,True,False,1165.753400349324,1165.753400349324,1165.753400349324,1180.00001823319
sync_120,NATIVE,51,B,3,1,0,B_sync_120_NATIVE_L3_R1_G0_C2,INFEASIBLE,False,False,,1165.753400349324,1165.753400349324,1180.00001823319
sync_120,NATIVE,52,B,3,1,1,B_sync_120_NATIVE_L3_R1_G1_C0,VALID,True,False,1215.5950233483175,1165.753400349324,1165.753400349324,1180.00001823319
sync_120,NATIVE,53,B,3,1,1,B_sync_120_NATIVE_L3_R1_G1_C1,VALID,True,False,1165.753400349324,1165.753400349324,1165.753400349324,1180.00001823319
sync_120,NATIVE,54,B,3,1,1,B_sync_120_NATIVE_L3_R1_G1_C2,INFEASIBLE,False,False,,1165.753400349324,1165.753400349324,1180.00001823319
sync_120,NATIVE,55,B,3,2,0,B_sync_120_NATIVE_L3_R2_G0_C0,VALID,True,False,1205.2664564575557,1165.753400349324,1165.753400349324,1180.00001823319
sync_120,NATIVE,56,B,3,2,0,B_sync_120_NATIVE_L3_R2_G0_C1,VALID,True,False,1165.753400349324,1165.753400349324,1165.753400349324,1180.00001823319
sync_120,NATIVE,57,B,3,2,0,B_sync_120_NATIVE_L3_R2_G0_C2,INFEASIBLE,False,False,,1165.753400349324,1165.753400349324,1180.00001823319
sync_120,NATIVE,58,B,3,2,1,B_sync_120_NATIVE_L3_R2_G1_C0,VALID,True,False,1218.9819999596598,1165.753400349324,1165.753400349324,1180.00001823319
sync_120,NATIVE,59,B,3,2,1,B_sync_120_NATIVE_L3_R2_G1_C1,VALID,True,False,1165.753400349324,1165.753400349324,1165.753400349324,1180.00001823319
sync_120,NATIVE,60,B,3,2,1,B_sync_120_NATIVE_L3_R2_G1_C2,INFEASIBLE,False,False,,1165.753400349324,1165.753400349324,1180.00001823319
hip_ordinary,MATCHED,1,A,1,,,A_hip_ordinary_MATCHED_baseline_0,VALID,True,True,766.8209505354864,761.440631233328,766.8209505354864,761.440631233328
hip_ordinary,MATCHED,2,A,1,,,A_hip_ordinary_MATCHED_baseline_1,VALID,True,True,766.8209505354864,761.440631233328,766.8209505354864,761.440631233328
hip_ordinary,MATCHED,3,A,1,,,A_hip_ordinary_MATCHED_fixed_0,VALID,True,True,763.3915932645589,761.440631233328,763.3915932645589,761.440631233328
hip_ordinary,MATCHED,4,A,1,,,A_hip_ordinary_MATCHED_fixed_1,VALID,True,True,763.3915932645589,761.440631233328,763.3915932645589,761.440631233328
hip_ordinary,MATCHED,5,A,1,,,A_hip_ordinary_MATCHED_small,VALID,False,False,766.9604430925206,761.440631233328,763.3915932645589,761.440631233328
hip_ordinary,MATCHED,6,A,1,,,A_hip_ordinary_MATCHED_diverse,VALID,False,False,825.8035493332175,761.440631233328,763.3915932645589,761.440631233328
hip_ordinary,MATCHED,7,B,1,0,0,B_hip_ordinary_MATCHED_L1_R0_G0_C0,VALID,True,True,766.8209505354864,761.440631233328,763.3915932645589,761.440631233328
hip_ordinary,MATCHED,8,B,1,0,0,B_hip_ordinary_MATCHED_L1_R0_G0_C1,VALID,False,False,769.8803373384214,761.440631233328,763.3915932645589,761.440631233328
hip_ordinary,MATCHED,9,B,1,0,0,B_hip_ordinary_MATCHED_L1_R0_G0_C2,VALID,True,True,767.3182886976203,761.440631233328,763.3915932645589,761.440631233328
hip_ordinary,MATCHED,10,B,1,0,1,B_hip_ordinary_MATCHED_L1_R0_G1_C0,VALID,True,True,766.9264375986843,761.440631233328,763.3915932645589,761.440631233328
hip_ordinary,MATCHED,11,B,1,0,1,B_hip_ordinary_MATCHED_L1_R0_G1_C1,VALID,True,True,766.8209505354864,761.440631233328,763.3915932645589,761.440631233328
hip_ordinary,MATCHED,12,B,1,0,1,B_hip_ordinary_MATCHED_L1_R0_G1_C2,VALID,False,False,769.2900085233543,761.440631233328,763.3915932645589,761.440631233328
hip_ordinary,MATCHED,13,B,1,1,0,B_hip_ordinary_MATCHED_L1_R1_G0_C0,VALID,True,True,761.440631233328,761.440631233328,761.440631233328,761.440631233328
hip_ordinary,MATCHED,14,B,1,1,0,B_hip_ordinary_MATCHED_L1_R1_G0_C1,INFEASIBLE,False,False,,761.440631233328,761.440631233328,761.440631233328
hip_ordinary,MATCHED,15,B,1,1,0,B_hip_ordinary_MATCHED_L1_R1_G0_C2,INFEASIBLE,False,False,,761.440631233328,761.440631233328,761.440631233328
hip_ordinary,MATCHED,16,B,1,1,1,B_hip_ordinary_MATCHED_L1_R1_G1_C0,VALID,True,True,761.440631233328,761.440631233328,761.440631233328,761.440631233328
hip_ordinary,MATCHED,17,B,1,1,1,B_hip_ordinary_MATCHED_L1_R1_G1_C1,VALID,True,True,761.440631233328,761.440631233328,761.440631233328,761.440631233328
hip_ordinary,MATCHED,18,B,1,1,1,B_hip_ordinary_MATCHED_L1_R1_G1_C2,VALID,False,False,784.7244855855625,761.440631233328,761.440631233328,761.440631233328
hip_ordinary,MATCHED,19,B,1,2,0,B_hip_ordinary_MATCHED_L1_R2_G0_C0,VALID,True,True,766.9762751147407,761.440631233328,761.440631233328,761.440631233328
hip_ordinary,MATCHED,20,B,1,2,0,B_hip_ordinary_MATCHED_L1_R2_G0_C1,VALID,False,False,769.8739509218605,761.440631233328,761.440631233328,761.440631233328
hip_ordinary,MATCHED,21,B,1,2,0,B_hip_ordinary_MATCHED_L1_R2_G0_C2,VALID,False,False,768.5881425340422,761.440631233328,761.440631233328,761.440631233328
hip_ordinary,MATCHED,22,B,1,2,1,B_hip_ordinary_MATCHED_L1_R2_G1_C0,VALID,True,True,766.9762751147407,761.440631233328,761.440631233328,761.440631233328
hip_ordinary,MATCHED,23,B,1,2,1,B_hip_ordinary_MATCHED_L1_R2_G1_C1,VALID,True,True,766.9762751147407,761.440631233328,761.440631233328,761.440631233328
hip_ordinary,MATCHED,24,B,1,2,1,B_hip_ordinary_MATCHED_L1_R2_G1_C2,VALID,False,False,767.5765037792735,761.440631233328,761.440631233328,761.440631233328
hip_ordinary,MATCHED,25,B,2,0,0,B_hip_ordinary_MATCHED_L2_R0_G0_C0,VALID,True,True,766.8209505354864,761.440631233328,761.440631233328,761.440631233328
hip_ordinary,MATCHED,26,B,2,0,0,B_hip_ordinary_MATCHED_L2_R0_G0_C1,VALID,True,True,761.440631233328,761.440631233328,761.440631233328,761.440631233328
hip_ordinary,MATCHED,27,B,2,0,0,B_hip_ordinary_MATCHED_L2_R0_G0_C2,VALID,False,False,832.399023802674,761.440631233328,761.440631233328,761.440631233328
hip_ordinary,MATCHED,28,B,2,0,1,B_hip_ordinary_MATCHED_L2_R0_G1_C0,VALID,True,True,766.0581387018656,761.440631233328,761.440631233328,761.440631233328
hip_ordinary,MATCHED,29,B,2,0,1,B_hip_ordinary_MATCHED_L2_R0_G1_C1,VALID,True,True,761.440631233328,761.440631233328,761.440631233328,761.440631233328
hip_ordinary,MATCHED,30,B,2,0,1,B_hip_ordinary_MATCHED_L2_R0_G1_C2,VALID,False,False,769.6534312654028,761.440631233328,761.440631233328,761.440631233328
hip_ordinary,MATCHED,31,B,2,1,0,B_hip_ordinary_MATCHED_L2_R1_G0_C0,VALID,True,True,761.440631233328,761.440631233328,761.440631233328,761.440631233328
hip_ordinary,MATCHED,32,B,2,1,0,B_hip_ordinary_MATCHED_L2_R1_G0_C1,VALID,True,True,761.440631233328,761.440631233328,761.440631233328,761.440631233328
hip_ordinary,MATCHED,33,B,2,1,0,B_hip_ordinary_MATCHED_L2_R1_G0_C2,INFEASIBLE,False,False,,761.440631233328,761.440631233328,761.440631233328
hip_ordinary,MATCHED,34,B,2,1,1,B_hip_ordinary_MATCHED_L2_R1_G1_C0,VALID,True,True,761.440631233328,761.440631233328,761.440631233328,761.440631233328
hip_ordinary,MATCHED,35,B,2,1,1,B_hip_ordinary_MATCHED_L2_R1_G1_C1,VALID,True,True,761.440631233328,761.440631233328,761.440631233328,761.440631233328
hip_ordinary,MATCHED,36,B,2,1,1,B_hip_ordinary_MATCHED_L2_R1_G1_C2,VALID,False,False,766.6618486236794,761.440631233328,761.440631233328,761.440631233328
hip_ordinary,MATCHED,37,B,2,2,0,B_hip_ordinary_MATCHED_L2_R2_G0_C0,VALID,True,True,767.1355351624454,761.440631233328,761.440631233328,761.440631233328
hip_ordinary,MATCHED,38,B,2,2,0,B_hip_ordinary_MATCHED_L2_R2_G0_C1,VALID,True,True,761.440631233328,761.440631233328,761.440631233328,761.440631233328
hip_ordinary,MATCHED,39,B,2,2,0,B_hip_ordinary_MATCHED_L2_R2_G0_C2,INFEASIBLE,False,False,,761.440631233328,761.440631233328,761.440631233328
hip_ordinary,MATCHED,40,B,2,2,1,B_hip_ordinary_MATCHED_L2_R2_G1_C0,VALID,True,True,766.3042061555839,761.440631233328,761.440631233328,761.440631233328
hip_ordinary,MATCHED,41,B,2,2,1,B_hip_ordinary_MATCHED_L2_R2_G1_C1,VALID,True,True,761.440631233328,761.440631233328,761.440631233328,761.440631233328
hip_ordinary,MATCHED,42,B,2,2,1,B_hip_ordinary_MATCHED_L2_R2_G1_C2,VALID,False,False,834.1316195549983,761.440631233328,761.440631233328,761.440631233328
hip_ordinary,MATCHED,43,B,3,0,0,B_hip_ordinary_MATCHED_L3_R0_G0_C0,VALID,True,True,766.8209505354864,761.440631233328,761.440631233328,761.440631233328
hip_ordinary,MATCHED,44,B,3,0,0,B_hip_ordinary_MATCHED_L3_R0_G0_C1,VALID,True,True,761.440631233328,761.440631233328,761.440631233328,761.440631233328
hip_ordinary,MATCHED,45,B,3,0,0,B_hip_ordinary_MATCHED_L3_R0_G0_C2,INFEASIBLE,False,False,,761.440631233328,761.440631233328,761.440631233328
hip_ordinary,MATCHED,46,B,3,0,1,B_hip_ordinary_MATCHED_L3_R0_G1_C0,VALID,True,True,766.0581387018656,761.440631233328,761.440631233328,761.440631233328
hip_ordinary,MATCHED,47,B,3,0,1,B_hip_ordinary_MATCHED_L3_R0_G1_C1,VALID,True,True,761.440631233328,761.440631233328,761.440631233328,761.440631233328
hip_ordinary,MATCHED,48,B,3,0,1,B_hip_ordinary_MATCHED_L3_R0_G1_C2,VALID,True,True,765.3650421273362,761.440631233328,761.440631233328,761.440631233328
hip_ordinary,MATCHED,49,B,3,1,0,B_hip_ordinary_MATCHED_L3_R1_G0_C0,VALID,True,True,761.440631233328,761.440631233328,761.440631233328,761.440631233328
hip_ordinary,MATCHED,50,B,3,1,0,B_hip_ordinary_MATCHED_L3_R1_G0_C1,VALID,True,True,761.440631233328,761.440631233328,761.440631233328,761.440631233328
hip_ordinary,MATCHED,51,B,3,1,0,B_hip_ordinary_MATCHED_L3_R1_G0_C2,VALID,False,False,792.7568741820044,761.440631233328,761.440631233328,761.440631233328
hip_ordinary,MATCHED,52,B,3,1,1,B_hip_ordinary_MATCHED_L3_R1_G1_C0,VALID,True,True,761.440631233328,761.440631233328,761.440631233328,761.440631233328
hip_ordinary,MATCHED,53,B,3,1,1,B_hip_ordinary_MATCHED_L3_R1_G1_C1,VALID,True,True,761.440631233328,761.440631233328,761.440631233328,761.440631233328
hip_ordinary,MATCHED,54,B,3,1,1,B_hip_ordinary_MATCHED_L3_R1_G1_C2,INFEASIBLE,False,False,,761.440631233328,761.440631233328,761.440631233328
hip_ordinary,MATCHED,55,B,3,2,0,B_hip_ordinary_MATCHED_L3_R2_G0_C0,VALID,True,True,767.2419511596287,761.440631233328,761.440631233328,761.440631233328
hip_ordinary,MATCHED,56,B,3,2,0,B_hip_ordinary_MATCHED_L3_R2_G0_C1,VALID,True,True,761.440631233328,761.440631233328,761.440631233328,761.440631233328
hip_ordinary,MATCHED,57,B,3,2,0,B_hip_ordinary_MATCHED_L3_R2_G0_C2,INFEASIBLE,False,False,,761.440631233328,761.440631233328,761.440631233328
hip_ordinary,MATCHED,58,B,3,2,1,B_hip_ordinary_MATCHED_L3_R2_G1_C0,VALID,True,True,766.3875033221726,761.440631233328,761.440631233328,761.440631233328
hip_ordinary,MATCHED,59,B,3,2,1,B_hip_ordinary_MATCHED_L3_R2_G1_C1,VALID,True,True,761.440631233328,761.440631233328,761.440631233328,761.440631233328
hip_ordinary,MATCHED,60,B,3,2,1,B_hip_ordinary_MATCHED_L3_R2_G1_C2,INFEASIBLE,False,False,,761.440631233328,761.440631233328,761.440631233328
hip_ordinary,NATIVE,1,A,1,,,A_hip_ordinary_NATIVE_baseline_0,VALID,True,True,631.1302004874829,618.0761486547674,631.1302004874829,618.0761486547674
hip_ordinary,NATIVE,2,A,1,,,A_hip_ordinary_NATIVE_baseline_1,VALID,True,True,631.1302004874829,618.0761486547674,631.1302004874829,618.0761486547674
hip_ordinary,NATIVE,3,A,1,,,A_hip_ordinary_NATIVE_fixed_0,VALID,True,False,623.8458125285906,618.0761486547674,623.8458125285906,618.0761486547674
hip_ordinary,NATIVE,4,A,1,,,A_hip_ordinary_NATIVE_fixed_1,VALID,True,False,623.8458125285906,618.0761486547674,623.8458125285906,618.0761486547674
hip_ordinary,NATIVE,5,A,1,,,A_hip_ordinary_NATIVE_small,VALID,True,False,631.1210898566479,618.0761486547674,623.8458125285906,618.0761486547674
hip_ordinary,NATIVE,6,A,1,,,A_hip_ordinary_NATIVE_diverse,VALID,True,False,630.5820669475078,618.0761486547674,623.8458125285906,618.0761486547674
hip_ordinary,NATIVE,7,B,1,0,0,B_hip_ordinary_NATIVE_L1_R0_G0_C0,VALID,True,True,631.1302004874829,618.0761486547674,623.8458125285906,618.0761486547674
hip_ordinary,NATIVE,8,B,1,0,0,B_hip_ordinary_NATIVE_L1_R0_G0_C1,VALID,True,False,631.6198094133913,618.0761486547674,623.8458125285906,618.0761486547674
hip_ordinary,NATIVE,9,B,1,0,0,B_hip_ordinary_NATIVE_L1_R0_G0_C2,VALID,True,False,689.5753273931699,618.0761486547674,623.8458125285906,618.0761486547674
hip_ordinary,NATIVE,10,B,1,0,1,B_hip_ordinary_NATIVE_L1_R0_G1_C0,VALID,True,False,631.8786042104002,618.0761486547674,623.8458125285906,618.0761486547674
hip_ordinary,NATIVE,11,B,1,0,1,B_hip_ordinary_NATIVE_L1_R0_G1_C1,VALID,True,True,631.1302004874829,618.0761486547674,623.8458125285906,618.0761486547674
hip_ordinary,NATIVE,12,B,1,0,1,B_hip_ordinary_NATIVE_L1_R0_G1_C2,VALID,True,False,631.0389639755789,618.0761486547674,623.8458125285906,618.0761486547674
hip_ordinary,NATIVE,13,B,1,1,0,B_hip_ordinary_NATIVE_L1_R1_G0_C0,VALID,True,False,618.0761486547674,618.0761486547674,618.0761486547674,618.0761486547674
hip_ordinary,NATIVE,14,B,1,1,0,B_hip_ordinary_NATIVE_L1_R1_G0_C1,VALID,True,False,624.5714581633474,618.0761486547674,618.0761486547674,618.0761486547674
hip_ordinary,NATIVE,15,B,1,1,0,B_hip_ordinary_NATIVE_L1_R1_G0_C2,VALID,True,False,618.4338871067334,618.0761486547674,618.0761486547674,618.0761486547674
hip_ordinary,NATIVE,16,B,1,1,1,B_hip_ordinary_NATIVE_L1_R1_G1_C0,VALID,True,False,618.3817935944664,618.0761486547674,618.0761486547674,618.0761486547674
hip_ordinary,NATIVE,17,B,1,1,1,B_hip_ordinary_NATIVE_L1_R1_G1_C1,VALID,True,False,618.0761486547674,618.0761486547674,618.0761486547674,618.0761486547674
hip_ordinary,NATIVE,18,B,1,1,1,B_hip_ordinary_NATIVE_L1_R1_G1_C2,VALID,True,False,646.4973029515083,618.0761486547674,618.0761486547674,618.0761486547674
hip_ordinary,NATIVE,19,B,1,2,0,B_hip_ordinary_NATIVE_L1_R2_G0_C0,VALID,True,False,630.5820669475078,618.0761486547674,618.0761486547674,618.0761486547674
hip_ordinary,NATIVE,20,B,1,2,0,B_hip_ordinary_NATIVE_L1_R2_G0_C1,VALID,True,False,634.0144268090053,618.0761486547674,618.0761486547674,618.0761486547674
hip_ordinary,NATIVE,21,B,1,2,0,B_hip_ordinary_NATIVE_L1_R2_G0_C2,VALID,True,False,631.0139738878258,618.0761486547674,618.0761486547674,618.0761486547674
hip_ordinary,NATIVE,22,B,1,2,1,B_hip_ordinary_NATIVE_L1_R2_G1_C0,VALID,True,False,631.5345721372178,618.0761486547674,618.0761486547674,618.0761486547674
hip_ordinary,NATIVE,23,B,1,2,1,B_hip_ordinary_NATIVE_L1_R2_G1_C1,VALID,True,False,630.5820669475078,618.0761486547674,618.0761486547674,618.0761486547674
hip_ordinary,NATIVE,24,B,1,2,1,B_hip_ordinary_NATIVE_L1_R2_G1_C2,VALID,True,False,630.3032647894333,618.0761486547674,618.0761486547674,618.0761486547674
hip_ordinary,NATIVE,25,B,2,0,0,B_hip_ordinary_NATIVE_L2_R0_G0_C0,VALID,True,True,631.1302004874829,618.0761486547674,618.0761486547674,618.0761486547674
hip_ordinary,NATIVE,26,B,2,0,0,B_hip_ordinary_NATIVE_L2_R0_G0_C1,VALID,True,False,618.0761486547674,618.0761486547674,618.0761486547674,618.0761486547674
hip_ordinary,NATIVE,27,B,2,0,0,B_hip_ordinary_NATIVE_L2_R0_G0_C2,VALID,True,False,716.1213742404811,618.0761486547674,618.0761486547674,618.0761486547674
hip_ordinary,NATIVE,28,B,2,0,1,B_hip_ordinary_NATIVE_L2_R0_G1_C0,VALID,True,True,630.1919504140354,618.0761486547674,618.0761486547674,618.0761486547674
hip_ordinary,NATIVE,29,B,2,0,1,B_hip_ordinary_NATIVE_L2_R0_G1_C1,VALID,True,False,618.0761486547674,618.0761486547674,618.0761486547674,618.0761486547674
hip_ordinary,NATIVE,30,B,2,0,1,B_hip_ordinary_NATIVE_L2_R0_G1_C2,VALID,True,False,624.4038890833356,618.0761486547674,618.0761486547674,618.0761486547674
hip_ordinary,NATIVE,31,B,2,1,0,B_hip_ordinary_NATIVE_L2_R1_G0_C0,VALID,True,False,618.0761486547674,618.0761486547674,618.0761486547674,618.0761486547674
hip_ordinary,NATIVE,32,B,2,1,0,B_hip_ordinary_NATIVE_L2_R1_G0_C1,VALID,True,False,618.0761486547674,618.0761486547674,618.0761486547674,618.0761486547674
hip_ordinary,NATIVE,33,B,2,1,0,B_hip_ordinary_NATIVE_L2_R1_G0_C2,VALID,True,False,628.5373879323665,618.0761486547674,618.0761486547674,618.0761486547674
hip_ordinary,NATIVE,34,B,2,1,1,B_hip_ordinary_NATIVE_L2_R1_G1_C0,VALID,True,False,618.0761486547674,618.0761486547674,618.0761486547674,618.0761486547674
hip_ordinary,NATIVE,35,B,2,1,1,B_hip_ordinary_NATIVE_L2_R1_G1_C1,VALID,True,False,618.0761486547674,618.0761486547674,618.0761486547674,618.0761486547674
hip_ordinary,NATIVE,36,B,2,1,1,B_hip_ordinary_NATIVE_L2_R1_G1_C2,VALID,True,False,623.5750164003548,618.0761486547674,618.0761486547674,618.0761486547674
hip_ordinary,NATIVE,37,B,2,2,0,B_hip_ordinary_NATIVE_L2_R2_G0_C0,VALID,True,False,630.5820669475078,618.0761486547674,618.0761486547674,618.0761486547674
hip_ordinary,NATIVE,38,B,2,2,0,B_hip_ordinary_NATIVE_L2_R2_G0_C1,VALID,True,False,618.0761486547674,618.0761486547674,618.0761486547674,618.0761486547674
hip_ordinary,NATIVE,39,B,2,2,0,B_hip_ordinary_NATIVE_L2_R2_G0_C2,VALID,True,False,628.9103861353819,618.0761486547674,618.0761486547674,618.0761486547674
hip_ordinary,NATIVE,40,B,2,2,1,B_hip_ordinary_NATIVE_L2_R2_G1_C0,VALID,True,False,629.5049823414662,618.0761486547674,618.0761486547674,618.0761486547674
hip_ordinary,NATIVE,41,B,2,2,1,B_hip_ordinary_NATIVE_L2_R2_G1_C1,VALID,True,False,618.0761486547674,618.0761486547674,618.0761486547674,618.0761486547674
hip_ordinary,NATIVE,42,B,2,2,1,B_hip_ordinary_NATIVE_L2_R2_G1_C2,VALID,True,False,633.4225911539534,618.0761486547674,618.0761486547674,618.0761486547674
hip_ordinary,NATIVE,43,B,3,0,0,B_hip_ordinary_NATIVE_L3_R0_G0_C0,VALID,True,True,631.1302004874829,618.0761486547674,618.0761486547674,618.0761486547674
hip_ordinary,NATIVE,44,B,3,0,0,B_hip_ordinary_NATIVE_L3_R0_G0_C1,VALID,True,False,618.0761486547674,618.0761486547674,618.0761486547674,618.0761486547674
hip_ordinary,NATIVE,45,B,3,0,0,B_hip_ordinary_NATIVE_L3_R0_G0_C2,INFEASIBLE,False,False,,618.0761486547674,618.0761486547674,618.0761486547674
hip_ordinary,NATIVE,46,B,3,0,1,B_hip_ordinary_NATIVE_L3_R0_G1_C0,VALID,True,True,630.1919504140354,618.0761486547674,618.0761486547674,618.0761486547674
hip_ordinary,NATIVE,47,B,3,0,1,B_hip_ordinary_NATIVE_L3_R0_G1_C1,VALID,True,False,618.0761486547674,618.0761486547674,618.0761486547674,618.0761486547674
hip_ordinary,NATIVE,48,B,3,0,1,B_hip_ordinary_NATIVE_L3_R0_G1_C2,VALID,True,False,638.7668571584584,618.0761486547674,618.0761486547674,618.0761486547674
hip_ordinary,NATIVE,49,B,3,1,0,B_hip_ordinary_NATIVE_L3_R1_G0_C0,VALID,True,False,618.0761486547674,618.0761486547674,618.0761486547674,618.0761486547674
hip_ordinary,NATIVE,50,B,3,1,0,B_hip_ordinary_NATIVE_L3_R1_G0_C1,VALID,True,False,618.0761486547674,618.0761486547674,618.0761486547674,618.0761486547674
hip_ordinary,NATIVE,51,B,3,1,0,B_hip_ordinary_NATIVE_L3_R1_G0_C2,INFEASIBLE,False,False,,618.0761486547674,618.0761486547674,618.0761486547674
hip_ordinary,NATIVE,52,B,3,1,1,B_hip_ordinary_NATIVE_L3_R1_G1_C0,VALID,True,False,618.0761486547674,618.0761486547674,618.0761486547674,618.0761486547674
hip_ordinary,NATIVE,53,B,3,1,1,B_hip_ordinary_NATIVE_L3_R1_G1_C1,VALID,True,False,618.0761486547674,618.0761486547674,618.0761486547674,618.0761486547674
hip_ordinary,NATIVE,54,B,3,1,1,B_hip_ordinary_NATIVE_L3_R1_G1_C2,INFEASIBLE,False,False,,618.0761486547674,618.0761486547674,618.0761486547674
hip_ordinary,NATIVE,55,B,3,2,0,B_hip_ordinary_NATIVE_L3_R2_G0_C0,VALID,True,False,630.5820669475078,618.0761486547674,618.0761486547674,618.0761486547674
hip_ordinary,NATIVE,56,B,3,2,0,B_hip_ordinary_NATIVE_L3_R2_G0_C1,VALID,True,False,618.0761486547674,618.0761486547674,618.0761486547674,618.0761486547674
hip_ordinary,NATIVE,57,B,3,2,0,B_hip_ordinary_NATIVE_L3_R2_G0_C2,INFEASIBLE,False,False,,618.0761486547674,618.0761486547674,618.0761486547674
hip_ordinary,NATIVE,58,B,3,2,1,B_hip_ordinary_NATIVE_L3_R2_G1_C0,VALID,True,False,628.0077887724702,618.0761486547674,618.0761486547674,618.0761486547674
hip_ordinary,NATIVE,59,B,3,2,1,B_hip_ordinary_NATIVE_L3_R2_G1_C1,VALID,True,False,618.0761486547674,618.0761486547674,618.0761486547674,618.0761486547674
hip_ordinary,NATIVE,60,B,3,2,1,B_hip_ordinary_NATIVE_L3_R2_G1_C2,INFEASIBLE,False,False,,618.0761486547674,618.0761486547674,618.0761486547674
